area,mean_prob,contrast,rel_contrast,local_bg,solidity,eccentricity,nn_dist,n_objects,intensity,label,border,image,obj
962.0,0.9751073,2.2720797,1.0576457,1.2407408,0.9766497461928934,0.6868368574661848,90.17229349590777,31,0.24057315,1,True,0,1
896.0,0.9771205,2.3086557,1.0746717,1.2222222,0.9696969696969697,0.5889543855432978,90.17229349590777,31,0.2444459,1,False,0,2
774.0,0.9677791,1.9063067,0.8873796,1.1666666,0.9638854296388543,0.6124046713579868,124.28893103114177,31,0.20184425,0,False,0,3
966.0,0.97100234,2.7216089,1.2669001,1.4074074,0.9747729566094854,0.5802609696454771,376.26581770884604,31,0.28817034,1,False,0,4
577.0,0.96760505,1.8809295,0.87556654,1.0,0.966499162479062,0.7366741204275064,213.61744655741288,31,0.19915724,1,False,0,5
764.0,0.98272353,2.5651057,1.1940484,1.1111112,0.9720101781170484,0.7782738005827905,155.3246378051951,31,0.2715994,1,False,0,6
733.0,0.98515105,3.1250062,1.4546802,1.1481482,0.9721485411140584,0.6745833527564205,155.3246378051951,31,0.330883,1,False,0,7
1124.0,0.9789231,2.6720378,1.243825,1.2962962,0.9731601731601731,0.5641450805620544,110.98905911319407,31,0.28292164,1,False,0,8
672.0,0.96975416,1.9104937,0.8893286,1.1111112,0.9613733905579399,0.6805431980216615,59.118008550617816,31,0.20228757,1,False,0,9
553.0,0.9690679,2.209229,1.0283889,1.1851852,0.9600694444444444,0.582354329080031,73.161468030902,31,0.23391837,1,False,0,10
676.0,0.9791968,2.7451785,1.2778716,1.1111112,0.9712643678160919,0.5731489152440261,59.118008550617816,31,0.29066595,1,False,0,11
782.0,0.9593684,2.1482427,1.0,1.2592592,0.9690210656753407,0.7701433272286583,111.39022758837999,31,0.22746101,1,False,0,12
749.0,0.97946155,1.8519013,0.86205405,0.962963,0.9664516129032258,0.7283442825272701,166.6001017274139,31,0.19608366,1,False,0,13
651.0,0.9454768,2.0839164,0.9700563,1.3333334,0.9615952732644018,0.7691561568951899,117.4729422383021,31,0.22064997,1,False,0,14
763.0,0.95305336,1.7738459,0.82571954,1.1111112,0.9633838383838383,0.6234479881033945,73.161468030902,31,0.18781899,1,False,0,15
1005.0,0.97798216,2.2624285,1.0531532,1.074074,0.9672762271414822,0.8092048905554582,110.58963912165271,31,0.23955126,1,False,0,16
422.0,0.9853909,3.0439703,1.4169583,1.0,0.9768518518518519,0.5658318643018878,176.69052461509037,31,0.32230276,1,True,0,17
685.0,0.94636464,2.1776698,1.0136982,1.1481482,0.9593837535014006,0.7151334206010584,166.6001017274139,31,0.23057678,1,False,0,18
731.0,0.97719175,1.9372245,0.9017717,1.1111112,0.9707835325365206,0.7601964294473142,110.58963912165271,31,0.20511788,1,False,0,19
858.0,0.9711038,1.8225417,0.84838724,1.074074,0.9716874292185731,0.5056248715690023,155.5918578240474,31,0.192975,1,False,0,20
497.0,0.903955,1.9371041,0.90171564,1.2222222,0.9448669201520913,0.7659085694876719,144.73596368629708,31,0.20510514,0,False,0,21
800.0,0.9800885,2.4441667,1.1377516,1.074074,0.9720534629404617,0.5327717565706712,47.17087177029268,31,0.25879413,1,False,0,22
629.0,0.96242255,1.8234705,0.84881955,1.037037,0.9647239263803681,0.6717370377049666,47.17087177029268,31,0.19307335,1,False,0,23
737.0,0.975201,1.5894768,0.7398963,0.8518519,0.9787516600265604,0.653850775320644,156.18373228990868,31,0.16829754,1,False,0,24
828.0,0.98410076,2.4042315,1.119162,1.037037,0.9706916764361079,0.7406258552138444,103.84644646682173,31,0.2545657,1,False,0,25
1079.0,0.9824522,2.8049977,1.3057173,1.037037,0.9729486023444545,0.6930160698375352,126.36467934199392,31,0.29699975,1,False,0,26
949.0,0.978087,1.6452407,0.7658542,0.7407407,0.9683673469387755,0.573009432418556,276.1974924281104,31,0.17420195,1,False,0,27
494.0,0.918371,1.7468137,0.8131361,1.074074,0.9338374291115312,0.6795846921263318,126.36467934199392,31,0.18495673,1,False,0,28
941.0,0.97707725,2.0578976,0.95794463,0.9259259,0.9611848825331971,0.8070038732113464,156.18373228990868,31,0.21789503,1,False,0,29
609.0,0.97885555,2.5882747,1.2048335,1.2222222,0.9775280898876404,0.4486537472701659,342.3011478159135,31,0.27405262,1,True,0,30
802.0,0.9785893,2.0839107,0.9700537,0.962963,0.9733009708737864,0.7639559190040371,134.90134556614277,31,0.22064936,1,False,0,31
776.0,0.9686468,1.7553442,1.0,1.117647,0.9724310776942355,0.7415415950331167,606.76749964917,5,0.2340459,1,False,1,1
742.0,0.9726253,1.947598,1.1095248,1.2058823,0.9699346405228758,0.7923569575305616,654.149457372004,5,0.25967973,1,False,1,2
732.0,0.96336156,1.6922212,0.96403956,0.9411765,0.973404255319149,0.5969029783720292,606.76749964917,5,0.22562948,1,False,1,3
825.0,0.9769892,1.8337967,1.0446936,1.0,0.9660421545667447,0.7869177167490119,654.149457372004,5,0.24450624,1,False,1,4
760.0,0.9603953,1.0678018,0.6083148,0.5588235,0.9693877551020408,0.5344322232600716,619.9387090154845,5,0.14237358,0,False,1,5
919.0,0.9769679,1.8795133,1.0008806,1.0727273,0.9543094496365524,0.6747981308068253,43.14233419258801,36,0.40538523,1,False,2,1
915.0,0.9875096,2.3465078,1.2495651,1.0363636,0.9754797441364605,0.5492796834419088,43.14233419258801,36,0.5061095,1,False,2,2
721.0,0.97690994,2.216366,1.1802619,1.2,0.9730094466936572,0.8116501460355868,73.24431183872852,36,0.47803977,1,False,2,3
1167.0,0.98543316,2.414458,1.28575,1.1636363,0.9725,0.7499728705344285,73.24431183872852,36,0.5207655,1,False,2,4
653.0,0.97850966,1.6231102,0.86434054,1.0,0.9602941176470589,0.706969002879095,252.41759564260298,36,0.35008258,1,False,2,5
841.0,0.9764992,1.9678521,1.047923,1.1272727,0.9666666666666667,0.7355282822067989,75.24837604167038,36,0.4244387,1,False,2,6
689.0,0.97359806,1.7382505,0.9256552,1.1818181,0.9636363636363636,0.8987058001087086,61.72243735910256,36,0.37491676,1,False,2,7
617.0,0.9701349,1.6132901,0.85911113,1.1272727,0.9670846394984326,0.8084589539110324,454.9645149730751,36,0.34796453,1,False,2,8
748.0,0.98599714,2.2648275,1.2060686,1.2,0.9701686121919585,0.8261978651320446,48.27214568906454,36,0.4884922,1,False,2,9
556.0,0.978311,2.0939176,1.1150554,1.1454545,0.9754385964912281,0.7367818625605457,45.62862974816909,36,0.45162928,1,False,2,10
477.0,0.97889745,1.7708786,0.94303036,1.0545454,0.9655870445344129,0.7230452794960529,55.38372206245009,36,0.38195422,1,False,2,11
567.0,0.9756669,1.9220139,1.0235131,1.1454545,0.949748743718593,0.7675208541806826,45.62862974816909,36,0.414552,1,False,2,12
899.0,0.9746246,1.8762058,0.99911934,1.1818181,0.9718918918918918,0.6081183953483607,48.27214568906454,36,0.40467185,1,False,2,13
631.0,0.97574687,1.982625,1.0557898,1.0181818,0.956060606060606,0.7839006787466781,55.38372206245009,36,0.427625,1,False,2,14
695.0,0.96991485,1.3574363,0.72286355,0.96363634,0.967966573816156,0.7648656282904929,102.24063894692948,36,0.29278037,1,False,2,15
582.0,0.9780173,1.8115902,0.9647101,1.0727273,0.9667774086378738,0.5390942012217672,72.1826483203271,36,0.39073512,1,False,2,16
591.0,0.9762948,1.8473465,0.9837512,1.0181818,0.9656862745098039,0.7077276859088636,57.077142379717465,36,0.39844728,1,False,2,17
643.0,0.97535354,1.955521,1.0413563,1.0727273,0.9669172932330827,0.4231200783013849,81.33777733579488,36,0.42177904,1,False,2,18
937.0,0.9795495,2.3978267,1.2768935,1.2727273,0.9689762150982419,0.5869324132034183,46.56753454234144,36,0.5171783,1,False,2,19
833.0,0.9844125,2.2050638,1.1742432,1.1272727,0.9652375434530707,0.5591901755407492,36.37831416873909,36,0.475602,1,False,2,20
665.0,0.9790384,2.2503896,1.1983801,1.1818181,0.9623733719247467,0.3440707336014931,79.66097280949066,36,0.48537815,1,False,2,21
1266.0,0.97988904,2.0462444,1.0896685,1.0727273,0.9370836417468542,0.8214457821474326,50.846076472107036,36,0.44134682,1,False,2,22
566.0,0.96948844,2.0397046,1.0861859,1.1636363,0.9658703071672355,0.3982485015922393,35.509667802263145,36,0.43993625,1,False,2,23
765.0,0.98494625,2.282852,1.215667,1.0727273,0.9695817490494296,0.6017291331923347,46.56753454234144,36,0.49237984,1,False,2,24
880.0,0.9796292,1.8641943,0.9927229,1.1090909,0.962800875273523,0.6181620476939116,35.509667802263145,36,0.40208113,1,False,2,25
848.0,0.9815334,1.953259,1.0401518,1.0909091,0.9669327251995439,0.7038266099156023,87.8423057786849,36,0.42129114,1,False,2,26
628.0,0.9718274,1.7507238,0.9322975,1.0727273,0.9661538461538461,0.5260542083363614,48.89222896725815,36,0.3776071,1,False,2,27
637.0,0.9756028,1.5557585,0.82847434,0.92727274,0.9710365853658537,0.5848138047862587,180.22610843558763,36,0.33555576,1,False,2,28
712.0,0.9815564,2.5777068,1.3726835,1.0909091,0.964769647696477,0.5966795031319166,118.47446963177627,36,0.555976,1,False,2,29
1071.0,0.97087544,1.628928,0.8674386,1.0,0.9386503067484663,0.8015820497675747,65.77946264665971,36,0.35133737,1,False,2,30
741.0,0.978654,1.5900625,0.846742,0.96363634,0.9686274509803922,0.51085907051202,65.77946264665971,36,0.34295467,1,False,2,31
374.0,0.9495177,1.4245018,0.75857735,0.96363634,0.9714285714285714,0.7915288215070794,77.63738052409876,36,0.30724546,1,False,2,32
787.0,0.9738301,1.8207463,0.96958596,0.94545454,0.9704069050554871,0.4081870805608671,77.63738052409876,36,0.39270997,1,False,2,33
671.0,0.9800671,1.6269882,0.86640567,0.90909094,0.9752906976744186,0.4897376855108079,92.40498458642516,36,0.35091904,1,False,2,34
860.0,0.981665,1.8396405,0.9796475,0.8545455,0.9641255605381166,0.7996919893022687,180.0289412788148,36,0.3967852,1,False,2,35
680.0,0.9694178,1.4213102,0.7568778,0.8363636,0.9672830725462305,0.6117888027084765,266.80821968646524,36,0.3065571,1,False,2,36
635.0,0.9752407,2.7298942,1.2295407,1.2068965,0.959214501510574,0.5578232506275925,336.9222522143293,14,0.31045854,1,False,3,1
906.0,0.9690308,2.3422394,1.0549415,1.4827586,0.9752421959095802,0.6577858731582866,229.06992832977676,14,0.26637232,1,False,3,2
857.0,0.9701841,1.9033518,0.85726714,1.0344827,0.9738636363636364,0.661968564724524,390.30943014146817,14,0.21645962,1,False,3,3
726.0,0.97038233,1.823929,0.82149523,1.0344827,0.9705882352941176,0.7112117713614496,262.7958667781986,14,0.20742722,1,False,3,4
885.0,0.9768753,2.2912917,1.0319948,1.4137931,0.9661572052401747,0.5705947127130523,229.06992832977676,14,0.26057827,1,False,3,5
826.0,0.98272455,2.6367621,1.1875942,1.2068965,0.9729093050647821,0.6002164987546952,235.13451803515034,14,0.29986706,1,False,3,6
958.0,0.98095804,2.2090201,0.99493974,1.2413793,0.9696356275303644,0.7152784975656975,96.38854076748869,14,0.2512219,1,False,3,7
761.0,0.97792083,2.4428837,1.1002716,1.3103448,0.9743918053777209,0.5629837592998777,96.38854076748869,14,0.27781814,1,False,3,8
714.0,0.960335,1.7847483,0.8038483,1.137931,0.9740791268758526,0.730560364449047,421.9773131172784,14,0.20297138,1,False,3,9
759.0,0.9587013,1.6786152,0.7560461,1.0689656,0.9668789808917198,0.7893144557536199,276.7438775636769,14,0.19090134,0,False,3,10
530.0,0.96652234,2.2314901,1.0050602,1.2758621,0.9760589318600368,0.696330310993068,56.68913446049503,14,0.2537773,1,False,3,11
824.0,0.9841984,2.413584,1.0870751,1.0344827,0.9716981132075472,0.42870349090538684,56.68913446049503,14,0.274486,1,False,3,12
854.0,0.976475,2.1047,0.9479542,1.1034483,0.9671574178935447,0.7844639859148305,245.04354072027564,14,0.23935804,1,False,3,13
972.0,0.9860493,2.1062865,0.94866866,1.0,0.9798387096774194,0.6870988580219161,218.06627816455543,14,0.23953846,1,False,3,14
903.0,0.97616774,1.9789591,0.8905561,0.9655172,0.9741100323624595,0.4294032738533308,246.6046960428951,9,0.2250581,1,True,4,1
950.0,0.9840944,2.4719782,1.1124208,1.2068965,0.9733606557377049,0.6820396980610635,259.1620855709512,9,0.28112695,1,False,4,2
828.0,0.97852683,1.8574879,0.83589256,1.1034483,0.9752650176678446,0.6497382525603745,199.6329926801629,9,0.21124372,1,False,4,3
775.0,0.97896355,2.462247,1.1080416,1.137931,0.9748427672955975,0.6347282009055583,199.6329926801629,9,0.28002024,1,False,4,4
898.0,0.97897565,1.8811535,0.84654236,1.0689656,0.9729144095341279,0.6271622067276676,88.29084418541359,9,0.2139351,1,False,4,5
790.0,0.9805775,2.5475338,1.1464218,1.2068965,0.9765142150803461,0.6718043190392544,219.24883659392552,9,0.28971952,1,False,4,6
942.0,0.97332644,2.222161,1.0,1.137931,0.9641760491299898,0.7597504685049581,88.29084418541359,9,0.25271636,1,False,4,7
701.0,0.9763361,2.8661518,1.2898039,1.2758621,0.9695712309820194,0.6625467398936883,153.77626802435526,9,0.32595453,1,False,4,8
801.0,0.9836697,2.140428,0.96321917,1.0344827,0.9685610640870617,0.6148336525210931,164.54818571171324,9,0.24342121,1,False,4,9
786.0,0.9775552,2.5205152,0.97442824,1.2083334,0.9632352941176471,0.7991820702646759,199.86981420261387,49,0.23722497,1,False,5,1
908.0,0.9859092,5.3036437,2.0503826,1.375,0.9732047159699893,0.7310324135694948,146.01537058665295,49,0.49916646,1,False,5,2
581.0,0.9691761,2.0305507,0.78500855,1.2083334,0.9619205298013245,0.6928849536200642,146.01537058665295,49,0.19111067,1,False,5,3
710.0,0.97842693,3.0076878,1.1627686,1.25,0.9646739130434783,0.8264867641462812,131.32292148342304,49,0.2830765,0,False,5,4
715.0,0.977285,2.202098,0.8513285,1.2083334,0.9675236806495264,0.5534432353858868,158.1375578086555,49,0.20725627,1,False,5,5
539.0,0.9775807,2.7617502,1.0676894,1.25,0.9590747330960854,0.8027642199939414,131.32292148342304,49,0.25992942,1,False,5,6
857.0,0.9800967,3.4841988,1.3469872,1.1666666,0.9650900900900901,0.6701548252339343,83.65719664056309,49,0.3279246,1,False,5,7
551.0,0.97649246,2.5866606,1.0,1.125,0.9632867132867133,0.4963729875879873,38.02832414472026,49,0.2434504,1,False,5,8
982.0,0.9796011,2.9775965,1.1511353,1.3333334,0.9693978282329714,0.7116614177176771,38.02832414472026,49,0.28024438,1,False,5,9
748.0,0.97226065,2.2237632,0.8597043,1.1666666,0.9664082687338501,0.8135962552349352,99.89656445632987,49,0.20929538,1,False,5,10
641.0,0.9672303,2.697933,1.0430177,1.3333334,0.9639097744360903,0.8057332807929379,150.70432257916275,49,0.2539231,1,False,5,11
898.0,0.9826899,3.5515497,1.373025,1.25,0.9697624190064795,0.8008219281910982,78.81581504871862,49,0.3342635,1,False,5,12
750.0,0.97654885,2.3890555,0.9236061,1.2083334,0.9689922480620154,0.7834038174495289,120.99990684318719,49,0.2248523,1,False,5,13
626.0,0.97477865,2.32082,0.89722633,1.125,0.9675425038639877,0.6363449897034813,78.81581504871862,49,0.21843012,1,False,5,14
837.0,0.9777712,2.8136199,1.0877422,1.125,0.9755244755244755,0.4396529697153971,374.2115397775998,49,0.26481128,1,False,5,15
1151.0,0.98564976,3.2605705,1.2605327,1.25,0.9770797962648556,0.6055160569467963,60.992529083550735,49,0.30687723,1,False,5,16
581.0,0.97577333,2.560743,0.98998034,1.3333334,0.9587458745874587,0.22170339246617046,71.08611716694088,49,0.24101111,1,False,5,17
698.0,0.97901857,3.7294054,1.4417838,1.3333334,0.9735006973500697,0.6761872806852282,50.39187101755585,49,0.35100287,1,False,5,18
669.0,0.98143,2.4807549,0.959057,1.0833334,0.9667630057803468,0.6591327611429666,60.992529083550735,49,0.23348281,1,False,5,19
764.0,0.98718005,3.5886781,1.3873788,1.0416666,0.9683143219264893,0.6150946738692966,54.866171924672756,49,0.33775795,1,False,5,20
522.0,0.97286487,2.5197957,0.97415006,1.2083334,0.9613259668508287,0.5650308303642548,50.39187101755585,49,0.23715724,1,False,5,21
722.0,0.982875,2.9553325,1.1425282,1.1666666,0.9796472184531886,0.6820663543629558,63.16115729981925,49,0.27814895,1,False,5,22
652.0,0.9764112,3.0007029,1.1600683,1.2916666,0.9673590504451038,0.6636112792282064,136.07485514805268,49,0.2824191,1,False,5,23
456.0,0.9286863,1.8969299,0.7333509,1.0833334,0.9620253164556962,0.7876009283211388,54.866171924672756,49,0.17853458,0,False,5,24
337.0,0.89060473,2.3513849,0.90904266,1.3333334,0.9683908045977011,0.6635384929384596,88.41089769813397,49,0.2213068,0,False,5,25
852.0,0.9770863,2.6517508,1.0251638,1.2083334,0.9714937286202965,0.8122838972413063,63.16115729981925,49,0.24957654,1,False,5,26
666.0,0.9816103,4.13232,1.5975502,1.375,0.9708454810495627,0.7325835144925595,98.97008367355016,49,0.3889242,1,False,5,27
632.0,0.97606725,3.2273865,1.2477039,1.25,0.9619482496194824,0.5433329599666424,61.00320126366119,49,0.30375403,1,False,5,28
779.0,0.97771645,3.038297,1.174602,1.2083334,0.966501240694789,0.7209091741806232,159.20855831370935,49,0.28595737,1,False,5,29
400.0,0.9772229,2.5222917,0.97511506,1.125,0.9685230024213075,0.5935036857947695,61.00320126366119,49,0.23739216,1,False,5,30
632.0,0.97370315,2.6319883,1.0175236,1.2916666,0.9693251533742331,0.5217323720206724,102.91418437604678,49,0.24771655,1,False,5,31
957.0,0.98311985,3.6346219,1.4051406,0.875,0.9705882352941176,0.5535974112016274,69.26427769592661,49,0.34208205,1,False,5,32
319.0,0.93046814,2.4024293,0.9287764,1.2083334,0.9725609756097561,0.4701337743989891,49.133026988340376,49,0.22611101,1,False,5,33
859.0,0.9819455,3.2642124,1.2619407,1.1666666,0.9728199320498301,0.5785289810993578,50.31202482386432,49,0.30721998,1,False,5,34
472.0,0.96731514,2.3008475,0.88950497,1.3333334,0.9652351738241309,0.5410223054978472,102.91418437604678,49,0.21655035,1,False,5,35
318.0,0.83477974,1.9441824,0.7516187,1.1666666,0.9034090909090909,0.7495447887535772,69.26427769592661,49,0.18298188,0,False,5,36
645.0,0.9785406,2.6575582,1.027409,1.0833334,0.9699248120300752,0.42044653469350424,49.133026988340376,49,0.2501231,1,False,5,37
490.0,0.958529,1.7508503,0.6768767,0.9583333,0.9645669291338582,0.7299986147897268,73.02023436651575,49,0.16478592,1,False,5,38
650.0,0.96461165,1.7909616,0.6923837,1.0833334,0.9848484848484849,0.6125236162085114,50.31202482386432,49,0.16856109,1,False,5,39
837.0,0.98803973,2.9808843,1.1524065,0.8333333,0.9789473684210527,0.35883525695932283,95.66956654669337,49,0.28055382,1,False,5,40
779.0,0.97723633,1.9813329,0.765981,0.9583333,0.9701120797011208,0.5584426596176685,73.02023436651575,49,0.18647839,1,False,5,41
568.0,0.9734996,1.7733275,0.68556637,0.7916667,0.9742710120068611,0.7299230178719108,77.83046650039124,49,0.16690141,1,False,5,42
478.0,0.96065557,2.1590831,0.83469903,1.0416666,0.9735234215885947,0.6590522523245612,37.71549199372598,49,0.20320782,1,False,5,43
1290.0,0.9864916,3.3194768,1.2833059,0.9166667,0.9706546275395034,0.7711023164531072,100.07681520797976,49,0.31242135,0,False,5,44
775.0,0.9790751,2.2391398,0.86564887,0.9166667,0.9603469640644362,0.8462066809556975,37.71549199372598,49,0.21074256,1,False,5,45
500.0,0.9652754,1.8103334,0.6998728,0.7083333,0.9560229445506692,0.7731914627794257,77.83046650039124,49,0.17038432,1,False,5,46
615.0,0.9725006,1.7216125,0.66557336,0.6666667,0.9715639810426541,0.7669080000544045,34.05514735918571,49,0.16203411,1,False,5,47
637.0,0.9871667,3.0161564,1.1660426,0.7083333,0.9740061162079511,0.2518485497397369,34.05514735918571,49,0.28387356,1,False,5,48
668.0,0.97669405,1.8902196,0.7307567,0.5833333,0.9709302325581395,0.5745835438224917,64.21386290058044,49,0.17790301,1,False,5,49
604.0,0.9493004,1.8791943,0.9780312,1.0333333,0.9602543720190779,0.7775019194566571,426.011836904712,2,0.22108167,1,False,6,1
601.0,0.95991546,1.9636161,1.0219688,1.1666666,0.9631410256410257,0.7614264279867315,426.011836904712,2,0.23101367,1,False,6,2
804.0,0.97292405,1.4842662,1.0191631,0.975,0.9640287769784173,0.7379425930852563,253.66749083349467,5,0.23282607,1,False,7,1
543.0,0.9422587,1.401151,0.9620926,1.025,0.9593639575971732,0.8643562694237144,253.66749083349467,5,0.21978839,1,False,7,2
568.0,0.91802806,1.4433099,0.99104077,0.9125,0.9514237855946399,0.7745132126075117,288.8330887418881,5,0.22640155,1,False,7,3
464.0,0.81219274,1.4563577,1.0,1.0,0.9508196721311475,0.7684100925584653,607.9893745222997,5,0.22844827,1,False,7,4
551.0,0.9673215,1.5238203,1.0463228,1.075,0.9649737302977233,0.6529621668026253,400.80138411296264,5,0.23903063,1,False,7,5
707.0,0.9607828,1.7327768,0.9019097,1.195122,0.9751724137931035,0.5531002838999058,411.66230151598234,9,0.27860332,0,False,8,1
662.0,0.9652339,1.4686832,0.7644491,1.0,0.9778434268833087,0.592820034927544,496.120995235883,9,0.23614122,0,False,8,2
1239.0,0.98658586,2.731353,1.4216683,1.097561,0.9755905511811024,0.5933672033531201,408.3775208520561,9,0.4391587,1,False,8,3
350.0,0.91501814,1.9478049,1.0138317,1.1219512,0.958904109589041,0.7638943365319006,187.14625902543247,9,0.31317648,0,False,8,4
745.0,0.9765297,1.9212309,1.0,1.1219512,0.9650259067357513,0.6869231694718636,271.340528115548,9,0.3089038,0,False,8,5
1442.0,0.98536205,1.6706303,0.8695625,0.7804878,0.9789545145960624,0.6474095176590352,248.53625244622657,9,0.26861113,1,False,8,6
1124.0,0.97988665,1.9979386,1.0399263,1.0243902,0.9748482220294883,0.6492592968818244,187.14625902543247,9,0.32123718,1,False,8,7
1067.0,0.98531955,2.663474,1.3863373,1.0731708,0.9708826205641492,0.6828067622189193,271.340528115548,9,0.42824486,1,False,8,8
480.0,0.97005516,1.1496952,0.5984159,0.6219512,0.973630831643002,0.8199128515930564,248.53625244622657,9,0.18485294,0,True,8,9
785.0,0.9733828,1.8940746,0.8896261,1.0909091,0.9703337453646477,0.7441696644535768,132.5168991619955,30,0.24511553,1,False,9,1
930.0,0.969904,2.2021506,1.0343261,1.3030303,0.9627329192546584,0.711724856762729,230.7596159264574,30,0.28498417,0,False,9,2
997.0,0.98066074,2.2323334,1.0485026,1.060606,0.9736328125,0.6248439752562993,82.40615293262995,30,0.28889018,1,False,9,3
1000.0,0.97540283,2.1425757,1.0063443,1.2121212,0.9803921568627451,0.5665731794652085,88.0256631651213,30,0.27727452,1,False,9,4
858.0,0.9774292,2.1843965,1.0259871,1.1515151,0.9629629629629629,0.5870257988143307,82.40615293262995,30,0.2826866,1,False,9,5
858.0,0.969512,1.878576,0.88234663,1.1818181,0.9683972911963883,0.7116716253651099,109.96141123448861,30,0.24310984,1,False,9,6
816.0,0.9801803,2.6758766,1.25683,1.1515151,0.9691211401425178,0.6733983904588049,27.888691511036875,30,0.3462899,1,False,9,7
307.0,0.83291435,2.111835,0.9919058,1.3333334,0.9654088050314465,0.7129164686470479,27.888691511036875,30,0.27329627,0,False,9,8
710.0,0.97074646,2.0187366,0.94817847,1.1515151,0.9673024523160763,0.5770571045507992,109.96141123448861,30,0.26124826,1,False,9,9
820.0,0.97571576,2.116519,0.9941058,1.1515151,0.9658421672555948,0.7900374114578187,59.91268058487283,30,0.27390245,1,False,9,10
1063.0,0.98183024,2.170444,1.0194337,1.0909091,0.9725526075022873,0.605579060112124,129.8774672137817,30,0.280881,1,False,9,11
862.0,0.97150636,2.0785346,0.97626495,1.1818181,0.96962879640045,0.7936944329139787,59.91268058487283,30,0.26898685,1,False,9,12
1002.0,0.97869444,2.3127987,1.0862962,1.1818181,0.9756572541382668,0.7991822010619518,104.2560075398617,30,0.29930335,1,False,9,13
726.0,0.975479,2.2483513,1.056026,1.2121212,0.9615894039735099,0.7975445826624976,137.8901915691774,30,0.2909631,1,False,9,14
1043.0,0.97999686,2.9808245,1.4000607,1.2121212,0.968430826369545,0.6801507618640739,104.2560075398617,30,0.38575378,1,False,9,15
670.0,0.9825873,3.0877883,1.4503003,1.2424242,0.975254730713246,0.7407202514405203,88.26065144852532,30,0.39959615,1,False,9,16
781.0,0.97172344,1.6634463,0.7813025,1.0,0.9738154613466334,0.5630120307925195,115.4410146663317,30,0.21526952,0,False,9,17
382.0,0.91898876,2.0922577,0.98271054,1.1969697,0.9339853300733496,0.7450700666332394,134.35689732243767,30,0.27076274,0,False,9,18
845.0,0.9777147,2.1416173,1.0058942,1.060606,0.9657142857142857,0.7145700769014102,76.77983542565138,30,0.27715048,1,False,9,19
523.0,0.9706023,1.7784344,0.8353112,1.060606,0.9685185185185186,0.8061856242540377,88.26065144852532,30,0.23015034,1,False,9,20
864.0,0.9818771,2.46149,1.1561348,0.90909094,0.9696969696969697,0.5683888485347455,115.4410146663317,30,0.31854573,1,False,9,21
648.0,0.9789677,1.9684811,0.924574,1.0,0.962852897473997,0.8558743216567144,76.77983542565138,30,0.25474462,1,False,9,22
613.0,0.9876568,2.6779375,1.257798,1.0,0.971473851030111,0.39264102167684795,134.35689732243767,30,0.34655663,1,False,9,23
415.0,0.9012848,1.5676523,0.7363092,1.0909091,0.9304932735426009,0.7110196947358015,120.7648465952126,30,0.20287266,1,False,9,24
730.0,0.9763204,1.6715649,0.7851158,0.8484849,0.964332892998679,0.738853418594487,235.644271147807,30,0.21632017,1,False,9,25
439.0,0.97554034,2.095741,0.9843466,0.969697,0.9627192982456141,0.5999220661156665,65.58245518530423,30,0.27121356,0,False,9,26
755.0,0.9821457,2.6224363,1.2317296,0.969697,0.9716859716859717,0.5160598561322108,65.58245518530423,30,0.3393741,1,False,9,27
311.0,0.89500463,3.301861,1.550848,2.090909,0.9598765432098766,0.47426956904758644,303.5504912711757,30,0.42729968,0,False,9,28
685.0,0.9788271,2.0097766,0.9439701,0.969697,0.9675141242937854,0.6801028165003323,202.08419349647556,30,0.2600887,1,False,9,29
864.0,0.97852635,1.5252876,0.7164109,0.8484849,0.9718785151856018,0.5969922344922236,193.53026246159862,30,0.19739017,1,False,9,30
720.0,0.9779826,1.7632836,1.0735795,1.2051282,0.975609756097561,0.7376739681582088,920.735099216427,4,0.26967865,1,False,10,1
634.0,0.96638024,1.3085417,0.79670876,0.9230769,0.9679389312977099,0.6929004016339659,917.8903013147382,4,0.2001299,0,False,10,2
786.0,0.9755524,1.6167873,0.9843849,1.0769231,0.966789667896679,0.6913196183400602,750.4804514988178,4,0.24727336,1,False,10,3
852.0,0.9784732,1.668081,1.0156152,1.051282,0.9759450171821306,0.4177165315888118,750.4804514988178,4,0.25511828,1,False,10,4
533.0,0.971174,1.9570044,1.0431397,1.125,0.9726277372262774,0.5479109685395016,417.36943680423155,13,0.18418865,0,False,11,1
424.0,0.92815125,1.6319772,0.8698908,1.0416666,0.9702517162471396,0.7951809128593287,617.4845128693341,13,0.15359786,1,False,11,2
650.0,0.98089546,2.756923,1.4695193,1.0,0.9730538922155688,0.4582650098487998,217.1488838765231,13,0.2594751,1,False,11,3
819.0,0.97630197,1.9039989,1.0148861,1.0,0.9680851063829787,0.6274278076480898,78.28721757289937,13,0.17919989,1,False,11,4
680.0,0.96602565,1.8632965,0.99319065,1.0416666,0.9700427960057061,0.6456960517502781,78.28721757289937,13,0.17536908,0,False,11,5
949.0,0.9752484,1.8848349,1.0046712,1.0,0.9803719008264463,0.7004532976858399,109.93511822037314,13,0.17739622,1,False,11,6
434.0,0.95281225,1.6789554,0.89493155,0.7083333,0.96875,0.6080785211095825,26.802810842352006,13,0.15801933,1,False,11,7
799.0,0.9704287,1.9755945,1.0530487,1.0833334,0.966142684401451,0.7027653016583865,109.93511822037314,13,0.18593831,0,False,11,8
518.0,0.97136956,1.8502253,0.98622334,0.7083333,0.961038961038961,0.7007724349506513,26.802810842352006,13,0.17413884,1,False,11,9
451.0,0.9558804,1.5744642,0.8392347,0.9583333,0.9657387580299786,0.7570933250491496,149.09593711008824,13,0.14818487,1,False,11,10
691.0,0.9500653,1.759286,0.9377501,1.0416666,0.9664335664335665,0.7636631283200366,63.06988102500259,13,0.16557987,1,False,11,11
739.0,0.9827998,1.8760713,1.0,0.625,0.9723684210526315,0.3230122930497825,140.78412055318077,13,0.17657141,1,False,11,12
707.0,0.9857867,2.4609263,1.3117446,0.875,0.9724896836313618,0.7094963520591022,63.06988102500259,13,0.2316166,1,False,11,13
373.0,0.965603,2.1628292,1.0799996,1.2352941,0.9764397905759162,0.7062087049198809,75.43295787448078,34,0.28837723,0,True,12,1
786.0,0.9731172,2.4071994,1.2020248,1.2941177,0.9644171779141104,0.7155198332647941,149.2533290871739,34,0.32095993,1,False,12,2
551.0,0.96545696,1.9410696,0.96926486,1.1764706,0.9632867132867133,0.7953521843420074,75.43295787448078,34,0.2588093,1,False,12,3
788.0,0.98210835,2.257838,1.1274418,1.1470588,0.9704433497536946,0.8069652960760378,109.08548937417801,34,0.3010451,1,False,12,4
994.0,0.96447533,1.9317375,0.9646049,1.2647059,0.9659863945578231,0.26805108359572566,157.58256282349663,34,0.25756502,1,False,12,5
651.0,0.9784819,2.509352,1.2530342,1.0294118,0.9658753709198813,0.7250355732763724,91.32965109237745,34,0.33458027,1,True,12,6
774.0,0.96759176,2.2820718,1.1395428,1.2647059,0.9626865671641791,0.6581435417857399,171.72482616988646,34,0.30427623,1,False,12,7
640.0,0.95730054,1.90625,0.95187783,1.2352941,0.960960960960961,0.8096067929853427,108.50393643193456,34,0.25416666,1,False,12,8
700.0,0.9800551,2.0409665,1.019148,1.117647,0.9722222222222222,0.81232451100507,108.50393643193456,34,0.27212885,1,False,12,9
784.0,0.9785362,1.8627701,0.9301663,1.0588236,0.9714993804213135,0.8076685611895877,109.08548937417801,34,0.24836935,1,False,12,10
948.0,0.9751059,1.8310995,0.91435176,1.0294118,0.9673469387755103,0.8480821192724677,91.32965109237745,34,0.24414662,1,False,12,11
1049.0,0.9573706,2.7149668,1.355707,1.5588236,0.8965811965811966,0.7542205833242109,58.78597381204762,34,0.36199555,1,False,12,12
555.0,0.9390467,1.7664547,0.8820716,1.0882353,0.9454855195911414,0.806746826422258,58.78597381204762,34,0.23552729,1,False,12,13
402.0,0.8995003,1.5119988,0.7550101,0.9117647,0.950354609929078,0.8106637570935583,92.42618991358604,34,0.20159984,0,True,12,14
961.0,0.9799149,1.8484728,0.92302704,1.0,0.9600399600399601,0.7270496031463016,221.85793000174235,34,0.24646305,1,False,12,15
880.0,0.97853005,2.26504,1.1310381,1.117647,0.967032967032967,0.5029728245508036,285.94451095704943,34,0.30200532,1,False,12,16
811.0,0.97374,1.8826795,0.940108,1.117647,0.9735894357743097,0.7507484557796722,117.92864630480945,34,0.25102392,1,False,12,17
620.0,0.97641367,2.167315,1.0822395,1.1764706,0.9702660406885759,0.627045065026631,48.3055854493894,34,0.28897536,1,False,12,18
740.0,0.98293394,2.3664944,1.1816989,1.1470588,0.9762532981530343,0.6575967207352551,48.3055854493894,34,0.31553257,1,False,12,19
850.0,0.98535097,3.024429,1.5102358,1.2058823,0.9736540664375716,0.6574789217494161,97.8318633254288,34,0.40325722,1,False,12,20
505.0,0.9735632,2.4779265,1.237342,1.1470588,0.9564393939393939,0.758182784041601,55.814350925274596,34,0.33039021,1,False,12,21
881.0,0.97519356,1.686319,0.8420562,1.0588236,0.9745575221238938,0.4995823855902811,76.13997864018702,34,0.22484253,1,False,12,22
579.0,0.9460386,1.5769074,0.787422,1.0882353,0.9323671497584541,0.7568104804319135,97.09140125304819,34,0.21025433,0,False,12,23
582.0,0.977748,1.9471397,0.97229594,1.0294118,0.9635761589403974,0.7373095388102209,81.55681976728721,34,0.25961864,1,False,12,24
784.0,0.9840692,3.2453856,1.6205695,1.2647059,0.9714993804213135,0.6696530307791527,96.25014970947237,34,0.43271807,1,False,12,25
955.0,0.97982657,1.8738221,0.9356851,1.0588236,0.9665991902834008,0.4716890825064375,116.32014380637143,34,0.24984294,1,False,12,26
566.0,0.98161095,2.0197465,1.0085518,1.0882353,0.9725085910652921,0.6992949901631202,101.95403973664308,34,0.26929954,1,False,12,27
726.0,0.9731472,1.9137903,0.95564306,1.0588236,0.9771197846567967,0.7527188935871104,208.435619635216,34,0.25517204,1,False,12,28
588.0,0.9706965,1.7171869,0.85747,1.117647,0.9639344262295082,0.6668815183376957,106.94501443708218,34,0.22895825,0,True,12,29
790.0,0.9746891,2.0498512,1.0235845,1.2058823,0.9693251533742331,0.7598822096628723,84.72999096715735,34,0.2733135,1,False,12,30
824.0,0.97946495,2.1604798,1.0788264,0.9705882,0.9682726204465335,0.651102423957017,247.66324818252087,34,0.28806397,1,False,12,31
815.0,0.98155975,2.5022373,1.2494816,1.0294118,0.9702380952380952,0.6111364185134089,96.52501131449549,34,0.33363166,1,False,12,32
807.0,0.9659589,1.9854945,0.9914482,1.0294118,0.9383720930232559,0.4431346309558767,84.72999096715735,34,0.2647326,0,False,12,33
1032.0,0.9776342,1.821335,0.90947586,0.88235295,0.9573283858998145,0.8732859706567326,247.66324818252087,34,0.24284466,1,False,12,34
1127.0,0.98049605,2.4012067,1.1267536,1.0,0.9732297063903281,0.6996439952241964,340.30717981470303,5,0.23541243,1,False,14,1
913.0,0.97949916,2.1310842,1.0,1.12,0.9743863393810032,0.7076977715058037,486.4602470035669,5,0.20892984,1,False,14,2
625.0,0.96817815,1.8478081,0.8670742,1.04,0.9704968944099379,0.6552309449680541,192.93186197645934,5,0.18115765,1,False,14,3
841.0,0.9795642,2.355101,1.1051188,1.12,0.9745075318655851,0.7827367134133177,192.93186197645934,5,0.23089226,1,False,14,4
633.0,0.9583704,1.6813271,0.78895384,1.08,0.9649390243902439,0.63047453046419,486.4602470035669,5,0.16483599,1,False,14,5
1486.0,0.9744845,2.3773425,1.3246098,1.2307693,0.9731499672560576,0.477056502137044,947.3896125416869,5,0.2423957,1,False,15,1
486.0,0.9581233,1.7521368,0.9762571,1.1538461,0.972,0.49281064221117077,490.37873064193286,5,0.17864925,1,False,15,2
626.0,0.98069966,2.1363971,1.1903596,1.1538461,0.9705426356589147,0.47078408140643735,378.4296026409895,5,0.21782872,1,False,15,3
561.0,0.94825435,1.364322,0.7601741,1.0,0.9655765920826161,0.4309436596636973,378.4296026409895,5,0.13910733,0,False,15,4
838.0,0.9796204,1.7947494,1.0,0.7692308,0.9665513264129181,0.7637039165937569,947.3896125416869,5,0.18299405,1,False,15,5
792.0,0.97413284,1.7373422,1.0722079,1.175,0.9705882352941176,0.5776668518402023,297.2550066196242,13,0.27252427,1,False,16,1
1405.0,0.9851507,2.0081139,1.2393159,1.075,0.9784122562674095,0.4322202186527642,187.96448741806162,13,0.31499824,1,False,16,2
1053.0,0.98194474,1.9696106,1.2155534,1.175,0.9722991689750693,0.7068611684475443,87.13991918823726,13,0.30895853,1,False,16,3
710.0,0.94967127,1.690141,1.0430775,1.2,0.9659863945578231,0.6286927814473336,87.13991918823726,13,0.26512015,1,False,16,4
856.0,0.97627157,1.9394276,1.1969258,1.125,0.9650507328072153,0.7847373332111875,104.12478823808993,13,0.30422392,1,False,16,5
1017.0,0.97604924,1.563299,0.9647964,1.1,0.9676498572787822,0.6845811823818778,104.12478823808993,13,0.24522336,1,False,16,6
1011.0,0.9672117,1.514095,0.93443,1.05,0.9693192713326941,0.7221457092022298,109.74441507230831,13,0.2375051,1,False,16,7
939.0,0.9774569,1.6203407,1.0,1.0,0.9670442842430484,0.689727590147709,234.5558372975607,13,0.2541711,1,False,16,8
707.0,0.98018765,1.7461103,1.0776192,0.975,0.9765193370165746,0.3805629883002179,234.5558372975607,13,0.27389967,1,False,16,9
970.0,0.97110784,1.6004639,0.98773295,1.05,0.9680638722554891,0.6173645516168357,449.8176402695574,13,0.25105315,1,False,16,10
999.0,0.93625903,1.2920921,0.79742,0.875,0.9523355576739753,0.535941552590838,239.39771408751903,13,0.20268112,1,False,16,11
848.0,0.96492606,1.456987,0.8991856,1.0,0.9625425652667423,0.4757423718743107,297.9281099762386,13,0.22854698,1,False,16,12
608.0,0.9692415,1.2752056,0.78699845,0.85,0.9728,0.5165310448728119,239.39771408751903,13,0.20003225,0,True,16,13
403.0,0.84396386,2.3102977,0.9396231,1.35,0.9595238095238096,0.758251247611081,195.6681996789469,22,0.18119982,0,True,17,1
823.0,0.97964644,2.7127583,1.1033082,1.25,0.9728132387706856,0.5900295331940545,169.12762789471955,22,0.21276535,0,True,17,2
833.0,0.9608097,2.5698678,1.0451931,1.45,0.967479674796748,0.4862982038641095,169.12762789471955,22,0.20155826,0,False,17,3
557.0,0.95794207,2.104668,0.85599124,1.2,0.9737762237762237,0.7550524588657737,56.178318906528474,22,0.165072,1,False,17,4
654.0,0.9740099,2.325,0.9456027,1.2,0.9589442815249267,0.7592926946182044,56.178318906528474,22,0.18235295,1,False,17,5
777.0,0.97383076,2.4850066,1.0106791,1.0,0.9616336633663366,0.8127122813197963,39.85087135394888,22,0.19490248,1,False,17,6
824.0,0.9775343,2.5466628,1.0357554,1.05,0.9637426900584796,0.8118094108816972,39.85087135394888,22,0.19973825,1,False,17,7
818.0,0.98002225,2.6449878,1.0757452,0.95,0.9738095238095238,0.840712319046908,90.59098908752796,22,0.20745003,1,False,17,8
940.0,0.97634953,2.439468,0.99215806,1.3,0.9720785935884177,0.6138276369328342,210.932323253158,22,0.19133082,1,False,17,9
747.0,0.96734464,2.5253012,1.0270674,1.35,0.97265625,0.5154389544912245,101.03591171366058,22,0.19806284,1,False,17,10
727.0,0.97071254,2.2180192,0.90209246,0.95,0.9603698811096433,0.7023346563670165,69.0394638539956,22,0.1739623,1,False,17,11
714.0,0.9646516,2.0230393,0.82279205,1.25,0.9622641509433962,0.7272888484735344,101.03591171366058,22,0.15866974,1,False,17,12
905.0,0.98103094,2.672873,1.0870864,1.25,0.9731182795698925,0.6537457099588588,194.64696536435153,22,0.20963709,1,False,17,13
828.0,0.97196215,2.5969203,1.0561956,1.25,0.9706916764361079,0.6957872270694752,309.60378730150154,22,0.20368001,0,True,17,14
741.0,0.97064185,2.3408906,0.9520656,1.1,0.9586028460543338,0.6409587914280488,162.76239991517252,22,0.18359926,1,False,17,15
973.0,0.9734818,2.5003085,1.0169026,1.25,0.9769076305220884,0.4960243538748111,165.5989320032823,22,0.19610262,1,False,17,16
792.0,0.97462356,2.4780304,1.0078418,1.3,0.9705882352941176,0.3622200818735865,194.64696536435153,22,0.19435532,1,False,17,17
966.0,0.9813306,2.4113872,0.9807373,1.0,0.972809667673716,0.5700941977646324,162.76239991517252,22,0.18912841,1,False,17,18
777.0,0.98068494,2.7204633,1.1064419,1.2,0.97125,0.6338333658719334,215.64621695225486,22,0.21336968,1,False,17,19
637.0,0.96215093,1.7737833,0.7214169,0.95,0.9769938650306749,0.29697835475392576,177.3359438150338,22,0.13912027,1,False,17,20
514.0,0.93806523,1.2448443,0.5062917,0.5,0.982791586998088,0.7011935195976581,56.17989442399238,22,0.09763485,0,False,17,21
686.0,0.9663826,1.898761,0.7722467,0.7,0.9744318181818182,0.7040566941913248,56.17989442399238,22,0.14892243,0,False,17,22
699.0,0.9808271,3.349388,1.2213017,1.1666666,0.9628099173553719,0.7791738410937035,373.39120465440703,18,0.23642738,1,False,18,1
788.0,0.9733224,2.46348,0.8982693,1.4444444,0.9716399506781751,0.7251581607617913,270.182764024814,18,0.1738927,0,False,18,2
479.0,0.97381324,3.0012758,1.0943681,1.3333334,0.9676767676767677,0.5052431631348776,167.40032665937312,18,0.21185476,1,False,18,3
735.0,0.98091185,4.5455785,1.6574738,1.3333334,0.9671052631578947,0.8165797359874071,105.21162331881757,18,0.32086435,1,False,18,4
685.0,0.9506508,2.7932684,1.0185214,1.4444444,0.9647887323943662,0.7828228486370254,79.23772864888946,18,0.19717188,1,False,18,5
808.0,0.9729741,3.2323294,1.1786181,1.4444444,0.9699879951980792,0.7696576495389048,90.4973052217924,18,0.22816443,1,False,18,6
653.0,0.98605895,4.1413136,1.510065,1.1666666,0.9631268436578171,0.5437194980913447,208.9834565989388,18,0.29232803,1,False,18,7
633.0,0.9486595,2.276988,0.8302679,1.3888888,0.9678899082568807,0.7014296444658605,174.42688474898796,18,0.16072856,1,False,18,8
536.0,0.96094114,2.5407338,0.9264387,1.2777778,0.969258589511754,0.6941301295927423,79.23772864888946,18,0.1793459,1,False,18,9
499.0,0.95141065,2.9001336,1.0574882,1.5555556,0.9633204633204633,0.6619403379961005,94.47116686630893,18,0.20471531,1,False,18,10
661.0,0.9746677,2.4678938,0.89987874,1.2222222,0.964963503649635,0.8216840026276401,105.21162331881757,18,0.17420428,1,False,18,11
569.0,0.9764947,2.5890453,0.94405466,1.1111112,0.966044142614601,0.748548112732506,174.42688474898796,18,0.18275613,1,False,18,12
491.0,0.9638612,2.326997,0.84850293,1.1666666,0.9684418145956607,0.4222029244555487,112.89950930727476,18,0.16425861,1,False,18,13
642.0,0.9807327,3.3990135,1.2393969,1.1111112,0.9697885196374623,0.7827365695710974,159.7075055108488,18,0.23993036,1,False,18,14
402.0,0.93268275,2.4458265,0.89183223,1.2222222,0.9594272076372315,0.7308069653674667,159.7075055108488,18,0.17264657,0,False,18,15
628.0,0.9751894,3.1676397,1.15503,1.3333334,0.9766718506998445,0.5622632199116893,311.4585922271371,18,0.22359811,1,False,18,16
537.0,0.97116506,2.5136561,0.91656524,1.2222222,0.9693140794223827,0.7193044961805259,311.4585922271371,18,0.17743455,1,False,18,17
884.0,0.97306,2.6916792,0.9814786,1.0555556,0.966120218579235,0.8926615921603169,495.7515240231327,18,0.19000089,0,False,18,18
439.0,0.97075653,2.226848,1.0078309,1.0344827,0.9712389380530974,0.8869706441874451,143.40719124141077,59,0.25324938,0,True,19,1
949.0,0.9743115,2.3181934,1.0491722,1.2413793,0.9683673469387755,0.6999060492033639,272.2868033866736,59,0.2636377,0,False,19,2
596.0,0.94150126,2.333719,1.0561987,1.4137931,0.9675324675324676,0.7707862264760992,129.98420204099517,59,0.26540333,0,False,19,3
555.0,0.9628378,1.9095993,0.8642499,1.1034483,0.9536082474226805,0.893135675294293,296.4887445457843,59,0.21717012,0,False,19,4
795.0,0.97919124,1.9935372,0.9022386,1.0,0.9718826405867971,0.8146551841288358,143.40719124141077,59,0.226716,1,False,19,5
1556.0,0.9833498,2.7980454,1.2663444,1.1724138,0.956361401352182,0.7569752416725662,129.98420204099517,59,0.31820908,1,False,19,6
690.0,0.9806924,2.7311344,1.2360617,1.2413793,0.971830985915493,0.5656882356110132,89.65684895169389,59,0.3105996,1,False,19,7
689.0,0.97466964,2.4377158,1.1032658,1.2068965,0.9636363636363636,0.8649192663897384,40.16836057011388,59,0.2772304,1,False,19,8
719.0,0.9720213,2.24066,1.0140818,1.2068965,0.9638069705093834,0.8189334286948783,40.16836057011388,59,0.25482017,1,False,19,9
940.0,0.98113674,2.2926633,1.0376177,1.1034483,0.9740932642487047,0.6969331768179798,163.77758014579607,59,0.26073426,1,False,19,10
716.0,0.9800514,2.2095454,1.0,1.137931,0.9636608344549125,0.7329197704864722,92.87542665623046,59,0.25128162,1,False,19,11
560.0,0.9703151,2.3600984,1.0681375,1.1724138,0.9655172413793104,0.8276368959519786,92.87542665623046,59,0.26840335,0,False,19,12
547.0,0.9758279,2.4223037,1.0962906,1.1724138,0.961335676625659,0.81645023700819,82.45139229590458,59,0.27547765,1,False,19,13
826.0,0.98801464,3.3818986,1.5305858,1.2068965,0.9706227967097533,0.5159813074352503,130.06553754728236,59,0.38460806,1,False,19,14
520.0,0.96342963,1.5219496,0.6888067,0.9655172,0.9647495361781077,0.6664993599476465,55.90798176821332,59,0.17308447,1,False,19,15
851.0,0.9676053,2.0623202,0.93336856,1.1724138,0.9725714285714285,0.7002131978985748,97.94907928195299,59,0.23453838,0,False,19,16
546.0,0.9361478,2.107364,0.95375454,1.1724138,0.9381443298969072,0.9247016213974322,82.45139229590458,59,0.239661,1,False,19,17
590.0,0.9738786,1.8798363,0.8507797,0.98275864,0.9624796084828712,0.7765233247005445,55.90798176821332,59,0.21378532,1,False,19,18
955.0,0.9845805,3.6155984,1.636354,1.3103448,0.9695431472081218,0.6407808925876624,212.10191648622006,59,0.4111857,1,False,19,19
421.0,0.9196667,2.0665083,0.93526405,1.3103448,0.9524886877828054,0.6020542246199748,57.78249081622732,59,0.23501468,0,False,19,20
804.0,0.9795371,2.6482673,1.1985575,1.3103448,0.9733656174334141,0.742977255898577,57.78249081622732,59,0.3011755,1,False,19,21
706.0,0.98023427,2.298427,1.0402262,1.137931,0.9671232876712329,0.6896761444033876,130.06553754728236,59,0.26138976,1,False,19,22
613.0,0.96097416,2.0359454,0.92143184,1.1034483,0.9668769716088328,0.6531290102608035,41.1003833326751,59,0.23153889,0,False,19,23
871.0,0.9595943,2.1741953,0.9840012,1.3103448,0.9550438596491229,0.6520916267478769,41.1003833326751,59,0.24726143,0,False,19,24
631.0,0.977902,1.8584075,0.8410814,0.9310345,0.9677914110429447,0.6075148883271853,213.1674832502573,59,0.21134831,0,False,19,25
906.0,0.9752157,2.3155973,1.0479971,1.1724138,0.978401727861771,0.601185477643948,35.5126825467567,59,0.26334244,0,False,19,26
470.0,0.8874408,1.8506969,0.8375917,1.137931,0.9591836734693877,0.6931043889761639,112.61361145114836,59,0.21047142,0,False,19,27
639.0,0.98011494,1.995683,0.90320975,1.137931,0.9726027397260274,0.6935356032288157,35.5126825467567,59,0.22696002,1,False,19,28
414.0,0.9581411,2.2054806,0.99816036,1.3103448,0.9695550351288056,0.4342083885726944,102.47809130417683,59,0.25081936,0,False,19,29
914.0,0.9810954,2.3959103,1.0843453,1.1724138,0.9744136460554371,0.5971626978185062,47.09563300864137,59,0.27247608,0,False,19,30
432.0,0.8095545,2.2721105,1.0283158,1.4482758,0.9452954048140044,0.819575921231113,76.46124900651893,59,0.2583969,0,False,19,31
712.0,0.9603422,1.6941109,0.76672375,1.0344827,0.9726775956284153,0.7410495789214164,164.89545781934646,59,0.1926636,0,False,19,32
648.0,0.9499504,1.8155597,0.8216893,1.0689656,0.968609865470852,0.4805717498625212,66.92619860119846,59,0.20647542,0,False,19,33
788.0,0.98450387,2.9678802,1.3432086,1.1034483,0.9692496924969249,0.6579746717838494,71.13081817606658,59,0.33752364,1,False,19,34
373.0,0.8569362,1.9984283,0.90445226,1.3103448,0.764344262295082,0.7460550014542595,47.09563300864137,59,0.22727224,0,False,19,35
571.0,0.9738654,2.0060391,0.90789676,1.0,0.964527027027027,0.6656348422384393,66.92619860119846,59,0.22813778,0,False,19,36
747.0,0.9826735,3.1951253,1.4460555,1.0689656,0.9701298701298702,0.6319176705548898,82.6135821667149,59,0.3633672,1,False,19,37
814.0,0.98538274,2.4840295,1.1242266,1.1724138,0.9830917874396136,0.49634496109643705,126.66783135416398,59,0.2824975,1,False,19,38
804.0,0.98364866,2.1381454,0.9676857,0.86206895,0.976913730255164,0.7955912233909118,143.0009820715911,59,0.24316163,1,False,19,39
709.0,0.9811113,3.3588347,1.5201474,1.1724138,0.9633152173913043,0.746292999481822,110.22538173955502,59,0.38198513,1,False,19,40
782.0,0.9821278,2.8644059,1.2963779,1.0689656,0.9654320987654321,0.6574953205211699,107.35118067471798,59,0.32575595,1,False,19,41
349.0,0.82272035,1.710997,0.7743661,1.2758621,0.7270833333333333,0.7254970805750949,146.20895084335345,59,0.19458397,0,False,19,42
565.0,0.9793444,2.419408,1.09498,1.0344827,0.9691252144082333,0.3264432837510403,82.6135821667149,59,0.27514836,1,False,19,43
1025.0,0.9839234,2.671253,1.2089604,1.0689656,0.97340930674264,0.6725103184683995,85.58346726364641,59,0.30378956,1,False,19,44
682.0,0.9805046,2.4478207,1.1078391,1.0344827,0.9673758865248226,0.37296794899360086,97.533523183511,59,0.27837962,1,False,19,45
589.0,0.967189,1.6404777,0.7424503,1.0,0.9671592775041051,0.5799975976879762,63.43678635809069,59,0.18656413,0,False,19,46
996.0,0.9774793,2.418294,1.0944757,1.1724138,0.9651162790697675,0.7249899386460666,112.51342222712888,59,0.27502167,1,False,19,47
822.0,0.9812558,1.9580501,0.88617784,0.7241379,0.9716312056737588,0.5126874924449588,143.0009820715911,59,0.22268021,1,False,19,48
712.0,0.979617,2.2216678,1.0054864,1.0,0.967391304347826,0.7770303502479752,45.283337166480614,59,0.25266027,1,False,19,49
472.0,0.9417352,1.717709,0.7774038,0.9655172,0.9554655870445344,0.7674659690153843,85.58346726364641,59,0.1953473,0,False,19,50
674.0,0.9664542,1.7373887,0.7863105,1.0344827,0.9642346208869814,0.45635196278002915,45.283337166480614,59,0.19758539,1,False,19,51
836.0,0.95258707,2.0775862,0.9402777,1.2413793,0.9675925925925926,0.6246920531262071,63.43678635809069,59,0.23627451,0,False,19,52
728.0,0.9706079,1.8364437,0.83114094,0.9655172,0.9667994687915007,0.7998249228806725,50.18644466219685,59,0.20885046,1,False,19,53
815.0,0.97141427,1.6720965,0.7567604,0.9310345,0.9588235294117647,0.8274056218662486,85.12587205198757,59,0.19015999,1,False,19,54
798.0,0.970746,1.9517328,0.8833187,1.0689656,0.9602888086642599,0.6834122168810317,97.533523183511,59,0.22196177,1,False,19,55
744.0,0.9776145,2.1688914,0.98160076,0.9310345,0.9662337662337662,0.7930890092143731,81.71691309973554,59,0.24665824,1,False,19,56
729.0,0.97370446,2.0000947,0.90520644,1.0344827,0.9642857142857143,0.5624932160686539,50.18644466219685,59,0.22746174,1,False,19,57
1055.0,0.9840904,2.5726752,1.164346,0.9655172,0.9768518518518519,0.8227783873261479,112.51342222712888,59,0.29257876,1,False,19,58
443.0,0.9821838,2.5481436,1.1532434,0.8965517,0.977924944812362,0.8834508295987026,143.1884969279096,59,0.28978887,0,True,19,59
1044.0,0.9808897,4.247007,1.0166204,1.375,0.9784442361761949,0.22212938692581863,96.88267946565122,14,0.26647887,0,False,20,1
315.0,0.94770896,2.6188493,0.6268828,1.1875,0.9603658536585366,0.4845895552429988,94.2194254332551,14,0.16431995,0,False,20,2
528.0,0.97215223,2.403054,0.57522714,1.0625,0.9635036496350365,0.6774133447017714,126.47028152192993,14,0.15077986,0,False,20,3
1090.0,0.98115635,4.6087155,1.1032038,1.375,0.9732142857142857,0.767204281388804,390.1482529880357,14,0.28917432,0,False,20,4
734.0,0.9770847,6.1536956,1.4730308,1.375,0.905055487053021,0.9300558312929303,94.2194254332551,14,0.38611424,1,False,20,5
633.0,0.9832758,6.605154,1.581098,1.25,0.9708588957055214,0.5389796594500039,77.64090217120749,14,0.41444105,1,False,20,6
364.0,0.9096626,5.2884617,1.265917,2.5,0.9732620320855615,0.375654387307621,28.624299058925764,14,0.33182505,0,False,20,7
564.0,0.9669674,5.2443485,1.2553574,1.5625,0.9774696707105719,0.5532631025975148,28.624299058925764,14,0.32905716,0,False,20,8
823.0,0.9795361,4.108141,0.98337954,1.3125,0.9705188679245284,0.6185663397565825,115.92678252717556,14,0.2577657,0,False,20,9
512.0,0.9746733,2.637329,0.63130635,1.25,0.9752380952380952,0.7351249114132627,381.52786480721585,14,0.16547947,1,False,20,10
545.0,0.95077854,2.625344,0.62843746,1.4375,0.9663120567375887,0.6577218058725827,48.84065464275531,14,0.16472746,0,False,20,11
315.0,0.8924107,3.2998016,0.7898846,1.625,0.9603658536585366,0.645478573047222,65.71026949326715,14,0.20704637,0,False,20,12
680.0,0.9715526,2.7374082,0.6552626,1.4375,0.9784172661870504,0.7446288780681916,308.0057463078253,14,0.17175895,1,False,20,13
832.0,0.98441434,4.6459584,1.1121187,1.25,0.9618497109826589,0.772205955075029,308.0057463078253,14,0.29151112,1,False,20,14
598.0,0.95040023,1.6133586,0.9977817,1.1730769,0.9537480063795853,0.7597555501777713,560.3202199476267,20,0.32899863,1,False,21,1
770.0,0.9538308,1.5043706,0.930378,1.0384616,0.9685534591194969,0.5899060734599084,214.41466432231763,20,0.3067736,1,False,21,2
795.0,0.9692069,1.6891631,1.044663,1.1346154,0.9636363636363636,0.8024002159040285,92.91636521985811,20,0.3444568,1,False,21,3
452.0,0.93637115,1.5104238,0.9341216,1.0576923,0.9617021276595744,0.6318137099468831,92.91636521985811,20,0.308008,1,False,21,4
941.0,0.9743328,1.7308509,1.0704448,1.1346154,0.9802083333333333,0.45600621125408713,101.27485491277665,20,0.35295784,1,False,21,5
848.0,0.9764721,1.6205324,1.0022184,1.0769231,0.9691428571428572,0.7220029465026595,214.3810395879196,20,0.3304615,1,False,21,6
925.0,0.95332295,1.5722245,0.9723423,1.0384616,0.9625390218522373,0.743713949021552,65.95971281174413,20,0.3206105,1,False,21,7
650.0,0.9624662,1.6262425,1.0057497,1.1346154,0.974512743628186,0.49636350430743137,168.76932011224864,20,0.33162594,1,False,21,8
742.0,0.9828898,1.9045459,1.1778665,1.0192307,0.9763157894736842,0.8275876785082206,65.95971281174413,20,0.38837796,1,False,21,9
657.0,0.9764205,1.6765308,1.0368506,1.0961539,0.9704579025110783,0.7830578936906951,182.7587377770437,20,0.3418808,1,False,21,10
820.0,0.97941834,1.5210131,0.9406706,0.90384614,0.9681227863046045,0.7322413010760905,201.123557287906,20,0.31016737,1,False,21,11
943.0,0.98558044,2.0002038,1.2370261,1.0384616,0.9721649484536082,0.7157906837313326,168.76932011224864,20,0.40788472,1,False,21,12
765.0,0.9769601,1.7642282,1.091087,1.0961539,0.9708121827411168,0.4043841060714046,156.61611790222602,20,0.3597642,1,False,21,13
858.0,0.9825556,1.7425363,1.0776716,1.0192307,0.9761092150170648,0.4600569135753219,156.61611790222602,20,0.35534072,1,False,21,14
698.0,0.97845405,2.0379655,1.2603799,1.1923077,0.9707927677329624,0.864527533498799,76.61725352952932,20,0.41558516,1,False,21,15
481.0,0.9311665,1.4467056,0.89471513,1.0384616,0.9449901768172888,0.8244569218764661,76.61725352952932,20,0.29501447,1,False,21,16
872.0,0.97905093,1.4750574,0.91224927,0.96153843,0.9710467706013363,0.644141112533948,116.16305568332348,20,0.300796,1,False,21,17
787.0,0.97640365,1.553636,0.9608462,1.0192307,0.974009900990099,0.6662961072390692,43.347618570512445,20,0.31681988,1,False,21,18
728.0,0.9749615,1.5428201,0.9541571,0.9807692,0.9719626168224299,0.8221015080438261,43.347618570512445,20,0.3146143,1,False,21,19
716.0,0.9746851,1.5357757,0.9498005,0.86538464,0.9741496598639455,0.7138649792128271,462.94989376460296,20,0.3131778,1,False,21,20
634.0,0.96653193,1.4630247,1.0565034,1.0576923,0.9649923896499238,0.6752291848455827,558.3264070993714,2,0.2983423,1,False,22,1
831.0,0.9769256,1.3065352,0.94349664,0.90384614,0.9707943925233645,0.7799118163026261,558.3264070993714,2,0.26643074,1,False,22,2
538.0,0.95165837,1.5601534,1.0,1.15,0.9676258992805755,0.7911051947878961,247.16051503514765,11,0.48945987,0,False,23,1
548.0,0.9770891,1.5839188,1.0152328,1.0875,0.9614035087719298,0.6867346471921061,247.16051503514765,11,0.4969157,1,False,23,2
840.0,0.9768677,1.6638691,1.0664779,1.075,0.9556313993174061,0.7015344246799194,448.8594754755377,11,0.52199817,1,False,23,3
334.0,0.85998684,1.2150824,0.7788224,1.0,0.9277777777777778,0.7705889783523963,42.15250182688345,11,0.3812023,0,False,23,4
884.0,0.9754219,1.3560945,0.8692059,0.9875,0.9692982456140351,0.5951549117550647,42.15250182688345,11,0.42544138,1,False,23,5
935.0,0.9815973,1.4708289,0.94274634,1.025,0.9699170124481328,0.541345407854787,86.93469800286232,11,0.4614365,1,False,23,6
761.0,0.9857539,1.6130584,1.0339102,1.05,0.9756410256410256,0.6258705843353095,107.25277795685088,11,0.50605756,1,False,23,7
1247.0,0.9829317,1.8617582,1.1933174,1.075,0.97421875,0.8046020315803647,86.93469800286232,11,0.584081,1,False,23,8
630.0,0.9841905,1.5719445,1.0075576,1.05,0.9707241910631741,0.7124565360927333,222.9798342735458,11,0.49315903,1,False,23,9
792.0,0.9799558,1.5584911,0.99893457,1.0125,0.972972972972973,0.5547304332933667,135.67447519050646,11,0.4889384,1,False,23,10
879.0,0.9761881,1.420876,0.91072845,1.1125,0.9638157894736842,0.8121813262791875,320.8813983059469,11,0.44576502,1,False,23,11
436.0,0.95292115,1.728211,0.9261763,1.1071428,0.9710467706013363,0.6946926805369018,522.9280808027685,7,0.18976435,0,False,24,1
850.0,0.9787667,2.2921429,1.2283965,1.1428572,0.9747706422018348,0.744184197787797,138.47051061374086,7,0.25168628,1,False,24,2
1023.0,0.9694712,2.0085185,1.0763977,1.0714285,0.9715099715099715,0.7091875345653336,138.47051061374086,7,0.22054319,1,False,24,3
992.0,0.97625583,1.8659633,1.0,1.1428572,0.9725490196078431,0.8150038554892705,72.66370812435528,7,0.2048901,1,False,24,4
641.0,0.9442194,1.6958436,0.90883005,1.0357143,0.9668174962292609,0.7441778467194607,228.00778543553463,7,0.18621027,1,False,24,5
929.0,0.9862919,2.4100032,1.2915598,1.0714285,0.979957805907173,0.47218973762902133,522.9280808027685,7,0.26462778,1,False,24,6
799.0,0.9689535,1.7762382,0.95191485,1.1428572,0.9684848484848485,0.7051122094535351,72.66370812435528,7,0.19503792,1,False,24,7
531.0,0.96005476,1.9320431,1.1873943,1.2553191,0.9637023593466425,0.3423123092537003,141.94101666268872,24,0.35610205,1,False,25,1
789.0,0.97870004,1.7016692,1.0458112,1.1276596,0.9680981595092024,0.7784731535313157,136.48932393444807,24,0.313641,1,True,25,2
596.0,0.9805613,1.7747394,1.0907186,1.1489362,0.9770491803278688,0.8247419663147417,306.920808901269,24,0.32710883,1,False,25,3
836.0,0.9803233,1.9006922,1.1681266,1.1914893,0.9709639953542393,0.6095178696440079,192.36036071667797,24,0.35032368,1,False,25,4
517.0,0.97277147,1.5031894,0.92382956,1.1276596,0.9718045112781954,0.6398280225140772,136.48932393444807,24,0.27705845,1,False,25,5
810.0,0.9804555,2.1628842,1.3292645,1.1382979,0.9700598802395209,0.6627256926434919,237.2648080810356,24,0.39864925,1,False,25,6
860.0,0.9834456,2.059723,1.2658637,1.0851064,0.947136563876652,0.8315173761682095,277.3726631799553,24,0.3796352,0,False,25,7
898.0,0.96949387,1.5387385,0.9456772,1.106383,0.9676724137931034,0.7608737010206476,109.05649210873455,24,0.2836106,1,False,25,8
601.0,0.98452044,2.228095,1.3693417,1.0638298,0.9693548387096774,0.5706543418150938,85.1500337591423,24,0.4106685,1,False,25,9
619.0,0.9825102,2.0326881,1.2492486,1.0851064,0.9717425431711146,0.650684738875668,81.02687368249435,24,0.37465233,1,False,25,10
749.0,0.98272043,1.8590745,1.1425492,1.0212766,0.9677002583979328,0.6580687061176544,70.67388130341142,24,0.34265295,1,False,25,11
667.0,0.9714388,1.45204,0.8923941,1.0212766,0.9624819624819625,0.5256697989299195,49.085755547204236,24,0.2676309,1,False,25,12
703.0,0.97162414,1.5483793,0.9516023,0.9787234,0.9525745257452575,0.5884291626092937,49.085755547204236,24,0.28538755,1,False,25,13
742.0,0.9755563,1.3917819,0.85536075,0.9148936,0.9750328515111695,0.7079268111885184,81.02687368249435,24,0.2565245,1,False,25,14
998.0,0.9776609,1.8459898,1.1345077,1.0212766,0.9708171206225681,0.7194998319365505,78.37101714281418,24,0.34024125,1,False,25,15
878.0,0.97780323,1.4569137,0.8953894,0.9574468,0.9733924611973392,0.7800624821865224,100.84013665632027,24,0.2685292,1,False,25,16
750.0,0.9795065,1.6313759,1.0026103,0.82978725,0.967741935483871,0.5220622320629787,27.829195608957058,24,0.30068496,1,False,25,17
777.0,0.98271847,1.6228813,0.9973897,0.78723407,0.9592592592592593,0.7475834581055283,27.829195608957058,24,0.2991193,1,False,25,18
581.0,0.9704283,1.8545061,1.1397415,1.0,0.9587458745874587,0.5484913734848232,118.06768059425386,24,0.34181094,1,False,25,19
801.0,0.97942877,1.3832709,0.85013,0.68085104,0.9720873786407767,0.630581948187528,83.6800583466742,24,0.25495583,1,False,25,20
698.0,0.9775041,1.3428642,0.8252969,0.89361703,0.9775910364145658,0.6404630038179908,144.54330677495395,24,0.24750829,1,False,25,21
918.0,0.9791454,1.1764243,0.7230063,0.7234042,0.9714285714285714,0.6280905298461624,83.6800583466742,24,0.21683113,1,False,25,22
446.0,0.9622961,1.228461,0.75498706,0.82978725,0.9674620390455532,0.5815352347215612,146.69625937578013,24,0.22642222,1,False,25,23
705.0,0.9765853,1.4542931,0.89377886,0.85106385,0.9737569060773481,0.5469122765968992,219.82305479595237,24,0.26804617,1,False,25,24
886.0,0.9706921,1.7728432,1.1423156,1.2173913,0.9736263736263736,0.6806190989144694,228.00841032751478,10,0.31980702,1,False,26,1
896.0,0.9705712,1.6295614,1.0499933,1.173913,0.9624060150375939,0.7449660869320831,96.09474350781517,10,0.2939601,1,False,26,2
625.0,0.9240281,1.601287,1.0317749,1.173913,0.9689922480620154,0.6224085435018122,155.66867033582446,10,0.2888596,0,False,26,3
877.0,0.97659534,1.6807793,1.082995,1.1521739,0.9722838137472284,0.6548374007748669,96.09474350781517,10,0.3031994,1,False,26,4
336.0,0.8367891,1.5534421,1.0009465,1.2608696,0.8337468982630273,0.7070908173748104,131.79058690157197,10,0.28022876,0,False,26,5
751.0,0.9744592,1.4165751,0.9127574,1.0869565,0.9715394566623544,0.4734924145697395,131.79058690157197,10,0.25553903,1,False,26,6
430.0,0.85939884,1.3831142,0.8911972,1.0869565,0.8739837398373984,0.8739801561538247,249.73182298125386,10,0.24950297,0,False,26,7
789.0,0.9772977,1.5505043,0.99905354,1.0652174,0.9621951219512195,0.809862734158024,249.73182298125386,10,0.27969882,1,False,26,8
743.0,0.98108584,1.494792,0.9631558,0.9782609,0.9687092568448501,0.6202720949076068,831.2248090171704,10,0.26964873,1,False,26,9
1240.0,0.9697687,1.4801193,0.9537016,0.9130435,0.971025841816758,0.5970949103553935,508.7313911722658,10,0.2670019,1,False,26,10
893.0,0.9805907,1.9138538,1.0666579,1.0357143,0.9706521739130435,0.6758644454851542,118.23629988668972,10,0.21014865,1,False,27,1
750.0,0.96746093,1.6849048,0.93905663,1.1071428,0.9702457956015524,0.7952000365033112,118.23629988668972,10,0.18500915,1,False,27,2
819.0,0.9489195,1.7779086,0.99089086,1.1785715,0.975,0.6573977952704706,333.4717448081888,10,0.19522133,1,False,27,3
779.0,0.97259545,2.00839,1.1193463,1.1785715,0.9689054726368159,0.5023449141710904,189.77197965497302,10,0.22052908,1,False,27,4
563.0,0.9476741,1.5761229,0.87842864,1.2142857,0.9774305555555556,0.730904076383301,152.22848111194108,10,0.17306447,0,False,27,5
455.0,0.8256868,1.8105966,1.009109,1.3214285,0.8601134215500945,0.7336035661794964,45.1620811764182,10,0.1988106,0,False,27,6
630.0,0.97212225,1.5842403,0.88295275,1.0357143,0.9662576687116564,0.5139507472479583,189.77197965497302,10,0.1739558,1,False,27,7
843.0,0.9817083,1.8859516,1.051107,1.1785715,0.9623287671232876,0.8009145513333294,45.1620811764182,10,0.20708488,1,False,27,8
990.0,0.9750109,1.8428211,1.027069,1.0357143,0.9724950884086444,0.7737335442966654,304.10328613742917,10,0.20234899,1,False,27,9
609.0,0.9636026,1.3451208,0.749683,0.8214286,0.9590551181102362,0.747541651991237,304.10328613742917,10,0.14769955,1,False,27,10
804.0,0.9769287,1.5631536,1.0126392,1.0816326,0.9781021897810219,0.6956353086306958,404.6601722992274,4,0.3003707,1,False,28,1
1328.0,0.98749775,1.8659484,1.2087952,1.0816326,0.9757531227038942,0.6618324060059492,404.6601722992274,4,0.35855478,1,False,28,2
778.0,0.9795512,1.524133,0.9873609,1.0816326,0.9798488664987406,0.6043232864704877,546.0390476407532,4,0.2928726,1,False,28,3
336.0,0.8264596,1.4216472,0.9209688,1.0612245,0.9130434782608695,0.7923378843843951,546.0390476407532,4,0.27317926,0,False,28,4
871.0,0.9822683,2.3915803,1.287147,1.1666666,0.9656319290465631,0.7451952654284275,178.66546668071345,6,0.2813624,1,False,29,1
881.0,0.98344225,1.9227393,1.0348171,1.2,0.9778024417314095,0.5690123572859538,178.66546668071345,6,0.22620462,1,False,29,2
692.0,0.97388893,1.989788,1.0709027,1.1,0.9637883008356546,0.575184988711288,175.3821945586332,6,0.23409271,1,False,29,3
597.0,0.967937,1.7933557,0.9651829,1.1,0.9691558441558441,0.5077039610614004,175.3821945586332,6,0.21098302,1,False,29,4
440.0,0.95634097,1.5542425,0.83649236,1.0,0.9606986899563319,0.6556109301327696,244.11695171881166,6,0.18285206,1,False,29,5
667.0,0.9730933,1.5390804,0.8283321,0.96666664,0.9680696661828737,0.807949714693671,320.7473423469461,6,0.18106829,1,False,29,6
646.0,0.9827552,2.0449703,1.2134904,1.2033899,0.9743589743589743,0.4789592210004844,316.87275414012356,10,0.47315,1,False,30,1
963.0,0.98550063,1.9187744,1.1386055,1.0508474,0.9727272727272728,0.7075709616131624,316.87275414012356,10,0.44395173,1,False,30,2
707.0,0.9768609,1.4832066,0.8801385,1.0677966,0.9658469945355191,0.44960525419444736,145.4350225069897,10,0.3431733,1,False,30,3
637.0,0.91527283,1.4568288,0.86448586,1.0338984,0.9550224887556222,0.8062035843059164,98.85523541471342,10,0.3370702,1,False,30,4
1061.0,0.9792243,1.7928082,1.0638568,1.2033899,0.9778801843317972,0.6729115661749373,98.85523541471342,10,0.4148066,1,False,30,5
776.0,0.98510367,1.862026,1.1049309,1.1355932,0.9835234474017744,0.7402475423917728,167.046040575711,10,0.43082172,0,True,30,6
490.0,0.9138353,1.5775857,0.9361433,1.1864407,0.9477756286266924,0.8361712187889239,225.49219015393146,10,0.36501002,0,False,30,7
631.0,0.98208064,2.6473718,1.570957,1.101695,0.9707692307692307,0.40031996715250434,225.49219015393146,10,0.61252916,1,False,30,8
415.0,0.86612684,1.4694711,0.87198776,1.1355932,0.8504098360655737,0.6780092266785804,133.82869086614784,10,0.33999527,1,False,30,9
789.0,0.9725876,1.3310348,0.7898393,0.9661017,0.9692874692874693,0.7470143950182996,133.82869086614784,10,0.30796492,1,False,30,10
831.0,0.9842134,2.028362,1.1063191,1.2586207,0.9742086752637749,0.6620719959449725,530.7275946470785,13,0.46135294,1,False,31,1
620.0,0.9821242,1.5580646,0.8498072,0.9655172,0.9763779527559056,0.5655600893565503,282.56396209867074,13,0.35438332,1,False,31,2
911.0,0.98083806,1.9012074,1.0369658,1.2413793,0.9691489361702128,0.8151261943510993,272.53925859333066,13,0.43243152,1,False,31,3
450.0,0.9389594,1.4096935,0.7688819,1.0862069,0.9574468085106383,0.6260261095035551,205.0333817538699,13,0.32063615,1,False,31,4
594.0,0.9517325,1.643533,0.8964238,1.2586207,0.9627228525121556,0.6849723598472618,223.57447685605706,13,0.3738232,1,False,31,5
749.0,0.9778455,1.833433,1.0,1.2586207,0.9752604166666666,0.658117946751101,55.763337369510445,13,0.41701615,1,False,31,6
1134.0,0.97893155,2.0504928,1.1183897,1.3448275,0.9725557461406518,0.7590393040595113,55.763337369510445,13,0.46638656,1,False,31,7
930.0,0.9688986,1.7250092,0.94086295,1.2586207,0.9667359667359667,0.556057174179633,67.49917602671287,13,0.39235505,1,False,31,8
852.0,0.982501,1.6069491,0.87647,0.9655172,0.9648924122310306,0.42872506213551104,120.00453051379881,13,0.36550215,1,False,31,9
1031.0,0.97872305,1.9423225,1.059391,1.2758621,0.9744801512287334,0.5943367934277239,67.49917602671287,13,0.44178313,1,False,31,10
562.0,0.97849566,2.0867286,1.1381537,1.1896552,0.9672977624784854,0.7682949261992714,128.82209533294494,13,0.47462842,1,False,31,11
974.0,0.984955,1.8518552,1.0100479,0.9137931,0.9710867397806581,0.6583620826102744,75.90480817123886,13,0.42120627,1,False,31,12
668.0,0.9618739,1.5472847,0.84392756,1.0517242,0.9611510791366906,0.7092610359255465,75.90480817123886,13,0.35193142,1,False,31,13
300.0,0.97083986,2.2104273,1.0524083,1.1794872,0.9584664536741214,0.7396215732840217,135.5591413379347,31,0.33806536,0,True,32,1
648.0,0.97593707,2.4935896,1.187225,1.2564102,0.9715142428785607,0.5621122112612633,71.24322104209679,31,0.38137254,1,False,32,2
863.0,0.97895414,1.8253558,0.86907166,1.1794872,0.9631696428571429,0.5618619243199571,125.97901419021676,31,0.27917206,1,False,32,3
632.0,0.97450584,2.188413,1.0419271,1.2820513,0.9693251533742331,0.684062908838396,42.81133445875716,31,0.33469844,1,False,32,4
679.0,0.97830135,1.8750802,0.892746,1.1538461,0.97,0.5925718069016565,42.81133445875716,31,0.28677696,1,False,32,5
664.0,0.97704417,2.6798732,1.2759167,1.3333334,0.9623188405797102,0.5443959296065257,117.29787877106047,31,0.409863,1,False,32,6
589.0,0.97208256,1.8543817,0.8828912,1.1794872,0.978405315614618,0.43680438784742964,125.97901419021676,31,0.28361133,1,False,32,7
704.0,0.9638096,2.0605333,0.9810422,1.2820513,0.9643835616438357,0.8227479174910513,97.61971149350678,31,0.31514037,1,False,32,8
804.0,0.9798359,2.3138793,1.101663,1.2692307,0.9663461538461539,0.5705529038294034,97.61971149350678,31,0.35388744,1,False,32,9
908.0,0.9836447,2.7957754,1.3310989,1.2307693,0.966986155484558,0.7149130913299844,161.5452838042412,31,0.42758918,1,False,32,10
704.0,0.97758484,1.8697916,0.89022803,1.1025641,0.9643835616438357,0.7089723051263074,161.5452838042412,31,0.28596812,1,False,32,11
1040.0,0.9819505,2.882643,1.3724575,1.2051282,0.9701492537313433,0.7058519553948029,76.75618604902392,31,0.44087481,1,False,32,12
684.0,0.97484994,1.8067551,0.86021566,1.0769231,0.9674681753889675,0.7298906929148091,107.57703734406621,31,0.27632725,1,False,32,13
896.0,0.96607643,1.8264939,0.86961347,1.1794872,0.9728555917480999,0.6562454082304227,188.74087083610132,31,0.2793461,0,False,32,14
1054.0,0.9790113,2.0289497,0.9660049,1.1025641,0.9714285714285714,0.6829381358423787,100.55275158100827,31,0.31030995,0,False,32,15
700.0,0.9823361,2.1998537,1.0473741,1.1538461,0.9641873278236914,0.6694426477198512,145.10436999032106,31,0.3364482,1,False,32,16
1280.0,0.97750664,1.9985175,0.9515158,1.1794872,0.973384030418251,0.48962066399940984,76.75618604902392,31,0.30565563,0,False,32,17
870.0,0.9820391,2.2517536,1.0720842,1.0256411,0.9731543624161074,0.6876367366187712,145.10436999032106,31,0.34438583,1,False,32,18
574.0,0.97650975,2.0585186,0.980083,1.0769231,0.9647058823529412,0.7733278892167833,188.74087083610132,31,0.31483227,1,False,32,19
701.0,0.977009,1.904971,0.9069773,1.0256411,0.9589603283173734,0.7621538719413611,185.28102233573117,31,0.29134852,1,False,32,20
895.0,0.977592,2.1644177,1.0305027,1.051282,0.9760087241003271,0.23524421840512164,177.44495731237112,31,0.3310286,1,False,32,21
727.0,0.9695694,1.7160089,0.8170104,1.0,0.9706275033377837,0.681058489358904,132.95371122442918,31,0.26244843,0,True,32,22
594.0,0.95258164,1.5501597,0.7380478,0.974359,0.9488817891373802,0.7763680845347185,269.4503398300814,31,0.23708326,1,False,32,23
616.0,0.96997863,1.6591742,0.7899508,0.974359,0.9595015576323987,0.48833537839520563,132.95371122442918,31,0.25375605,0,False,32,24
849.0,0.98052627,1.659811,0.790254,0.9230769,0.9792387543252595,0.4329809923587004,165.40378029164086,31,0.25385344,1,False,32,25
900.0,0.9811214,2.1795726,1.037718,0.8717949,0.9750812567713976,0.5837717416241349,75.01178196169163,31,0.3333464,1,False,32,26
644.0,0.9836972,2.2733316,1.0823578,0.8974359,0.968421052631579,0.6434891653892144,75.01178196169163,31,0.34768602,1,False,32,27
651.0,0.98632663,3.1100478,1.4807274,0.974359,0.9774774774774775,0.7112362168911467,165.40378029164086,31,0.47565436,1,False,32,28
903.0,0.98189086,2.4085243,1.1467245,0.94871795,0.9751619870410367,0.6037594151923645,80.76167605413501,31,0.36836255,1,False,32,29
1379.0,0.98518586,2.1003513,1.0,0.84615386,0.9636617749825297,0.6159145284856006,393.7291693665513,31,0.3212302,1,False,32,30
479.0,0.9801171,2.1272416,1.0128027,0.8717949,0.9775510204081632,0.8074146710111321,110.83389968313469,31,0.32534283,1,True,32,31
1014.0,0.9761368,2.665434,1.0501848,1.2916666,0.975,0.7848090944294632,123.5444906045043,30,0.25086436,0,False,33,1
460.0,0.9474248,1.7881341,0.70452744,0.875,0.9643605870020965,0.4858559549510265,123.5444906045043,30,0.16829498,0,False,33,2
746.0,0.97720265,2.1659405,0.8533837,1.25,0.9700910273081924,0.542497797280569,84.68754148120186,30,0.20385323,1,False,33,3
741.0,0.95801705,1.9504048,0.76846236,1.2083334,0.9573643410852714,0.6287435309974142,84.68754148120186,30,0.18356751,1,False,33,4
879.0,0.9772924,2.1054702,0.8295583,1.125,0.9680616740088106,0.7056852885378391,89.15992326292229,30,0.1981619,1,False,33,5
1297.0,0.9793555,3.1662169,1.2474941,1.375,0.9759217456734387,0.695048970425201,150.53745919185215,30,0.29799688,1,False,33,6
749.0,0.9776427,2.79328,1.1005564,1.0,0.9714656290531777,0.6612870964365444,140.90912263580114,30,0.26289693,1,True,33,7
863.0,0.9843648,3.0025108,1.1829937,0.875,0.9729425028184893,0.5992227415042369,140.52846789878063,30,0.28258926,1,False,33,8
1288.0,0.9851211,4.009317,1.5796767,1.2916666,0.9750189250567751,0.5613639018275551,106.80613192672611,30,0.37734747,1,False,33,9
851.0,0.9818814,2.5845573,1.0183194,1.1666666,0.9681456200227532,0.6781360859643906,85.07848425385194,30,0.24325246,1,False,33,10
1126.0,0.9825706,2.4478242,0.96444637,1.125,0.9690189328743546,0.6042626173651713,157.09405391214997,30,0.23038346,1,False,33,11
753.0,0.9689984,2.3243139,0.91578305,1.3333334,0.9641485275288092,0.7053937067426252,85.07848425385194,30,0.21875894,1,False,33,12
1357.0,0.9827468,2.9874723,1.1770685,1.0416666,0.9776657060518732,0.510574849062986,108.72281513918301,30,0.28117386,1,False,33,13
654.0,0.9815745,3.201771,1.2615025,1.125,0.9761194029850746,0.7343461946601763,31.47644840653949,30,0.30134317,1,False,33,14
976.0,0.9839523,2.9042008,1.1442593,1.4166666,0.9512670565302144,0.7544430725003759,104.35956903036126,30,0.27333656,1,False,33,15
830.0,0.90031475,2.7797186,1.0952132,1.5,0.9529276693455798,0.7089178644750534,106.80613192672611,30,0.26162058,0,False,33,16
452.0,0.9276058,2.3502028,0.92598337,1.2916666,0.9617021276595744,0.7126746183029472,31.47644840653949,30,0.22119556,0,False,33,17
1019.0,0.9684093,2.4768565,0.9758851,1.4166666,0.9751196172248804,0.3708758699043725,80.21201308897484,30,0.2331159,0,False,33,18
1122.0,0.98357165,2.3346703,0.9198635,1.125,0.9765013054830287,0.7393649941289778,94.61459943113977,30,0.21973367,1,False,33,19
847.0,0.9714877,1.8900532,0.74468374,0.9583333,0.9668949771689498,0.5419539449510058,49.96598322500124,30,0.17788735,1,False,33,20
1247.0,0.98324144,4.0446405,1.5935943,1.0416666,0.9719407638347622,0.6549016925474528,218.21913713172884,30,0.38067204,1,False,33,21
1089.0,0.98307335,2.5550199,1.0066816,1.2083334,0.9697239536954586,0.6985418663026829,80.21201308897484,30,0.24047245,1,False,33,22
1003.0,0.98002964,2.5211034,0.99331844,1.125,0.9690821256038648,0.5996192408195627,47.46293838462791,30,0.23728032,1,False,33,23
823.0,0.9660505,2.0189347,0.79546326,1.1666666,0.9625730994152046,0.7395629437411102,47.46293838462791,30,0.19001739,1,False,33,24
1703.0,0.9825996,3.2693532,1.2881299,1.1666666,0.9015352038115405,0.7530433665604428,145.2261148581917,30,0.30770382,1,False,33,25
1005.0,0.98681444,3.2391376,1.276225,1.25,0.9757281553398058,0.5312097040328101,226.5793016023044,30,0.30486003,1,False,33,26
624.0,0.9512556,2.303953,0.90776086,1.5,0.9585253456221198,0.8250898122909676,85.31997065617188,30,0.21684264,1,False,33,27
1287.0,0.9849585,4.4029074,1.7347519,1.2083334,0.9713207547169811,0.6085983841825243,216.13410843419814,30,0.41439128,1,False,33,28
863.0,0.9676082,2.2513034,0.88701683,1.2083334,0.9664053751399776,0.7169418474106423,145.2261148581917,30,0.21188739,0,False,33,29
782.0,0.97220546,2.4274297,0.9564108,1.2916666,0.9678217821782178,0.7590438990280183,85.31997065617188,30,0.22846396,1,False,33,30
388.0,0.8397393,1.7914519,1.0060172,1.2916666,0.9651741293532339,0.8044265098119759,147.9738411933972,6,0.33721447,0,False,34,1
577.0,0.9173408,1.4594526,0.8195779,1.0416666,0.9366883116883117,0.7738336090000182,942.3710659945268,6,0.2747205,0,False,34,2
653.0,0.9788162,1.97537,1.1092992,1.2291666,0.9688427299703264,0.6527827029222241,147.9738411933972,6,0.37183437,1,False,34,3
595.0,0.9729443,1.6404411,0.9212147,1.2291666,0.9612277867528272,0.7958326086931631,96.05899114816717,6,0.30878893,1,False,34,4
821.0,0.98550916,2.0111907,1.1294148,1.1666666,0.9727488151658767,0.6515081339612749,96.05899114816717,6,0.37857705,1,False,34,5
565.0,0.97041965,1.770022,0.9939829,1.125,0.9707903780068728,0.7983826837811673,198.20638670197698,6,0.33318064,1,False,34,6
564.0,0.961173,1.7551502,1.1079606,1.2142857,0.9608177172061328,0.7657163546143058,488.9261602424442,10,0.28908357,0,False,35,1
885.0,0.8574141,1.6372074,1.0335077,1.1904762,0.8912386706948641,0.41269083023326986,271.0849051669218,10,0.2696577,0,False,35,2
617.0,0.92227226,1.5514394,0.9793656,1.1190476,0.9434250764525994,0.6190930203753581,246.35584624817233,10,0.2555312,0,False,35,3
664.0,0.97409904,1.499498,0.9465769,1.0,0.9609261939218524,0.7680959929940108,271.0849051669218,10,0.24697614,1,False,35,4
1060.0,0.98500055,1.8957998,1.1967474,1.0714285,0.9706959706959707,0.7604215032810598,199.503950718478,10,0.31224936,1,False,35,5
866.0,0.98232716,2.2015285,1.3897425,1.1190476,0.9719416386083053,0.5779026743542809,199.503950718478,10,0.3626047,1,False,35,6
725.0,0.9556331,1.6168144,1.0206343,1.0952381,0.958994708994709,0.6996014449091563,295.72278843281157,10,0.26629883,0,False,35,7
880.0,0.9620561,1.2222944,0.7715887,0.85714287,0.9596510359869138,0.774659720271597,348.4170929054509,10,0.20131908,1,False,35,8
861.0,0.970753,1.3314806,0.8405138,0.97619045,0.968503937007874,0.7131933925523052,94.33497058974153,10,0.21930268,1,False,35,9
397.0,0.85091186,1.3186998,0.8324458,1.0238096,0.7924151696606786,0.7781293834601928,94.33497058974153,10,0.21719761,0,False,35,10
630.0,0.972247,1.5979077,0.9208089,1.0909091,0.967741935483871,0.8310787907141792,122.28803924941906,28,0.2757174,1,False,36,1
1026.0,0.9826546,2.4414098,1.4068848,1.1590909,0.9725118483412323,0.6605305159717177,122.28803924941906,28,0.42126286,1,False,36,2
1019.0,0.976873,1.7596574,1.0140187,1.0227273,0.9732569245463228,0.6868183658413878,111.00871965897383,28,0.30362716,1,False,36,3
576.0,0.93518746,1.735677,1.0001998,1.2045455,0.972972972972973,0.7635904411215577,62.08511767612827,28,0.29948938,1,False,36,4
1328.0,0.97572565,2.4631195,1.4193952,1.1136364,0.967930029154519,0.7865730182403726,62.08511767612827,28,0.42500886,1,False,36,5
823.0,0.9784682,1.6038883,0.9242553,1.0681819,0.9739644970414201,0.594213319799047,91.14946155824778,28,0.27674934,1,False,36,6
847.0,0.9539182,1.6051841,0.92500204,1.0454545,0.968,0.6084971060902417,171.0357708243142,28,0.27697292,1,False,36,7
765.0,0.9839359,2.3359182,1.3460943,1.1818181,0.9610552763819096,0.7816834700030499,124.64932886016278,28,0.40306038,1,False,36,8
645.0,0.96992946,1.500141,0.86447,1.0,0.9612518628912071,0.8396394663953985,78.80936952161834,28,0.25884786,1,False,36,9
710.0,0.9827286,1.7024968,0.98107934,1.0,0.9673024523160763,0.7306260208033258,171.0357708243142,28,0.29376414,1,False,36,10
858.0,0.9770684,1.6692096,0.9618973,1.1590909,0.9716874292185731,0.6218519700696844,90.31259845531203,28,0.28802046,1,False,36,11
722.0,0.97421783,1.6284312,0.93839836,0.95454544,0.9575596816976127,0.875662605488867,78.80936952161834,28,0.2809842,1,False,36,12
724.0,0.9718449,1.6402875,0.9452307,1.1363636,0.9640479360852197,0.7548629557878015,90.31259845531203,28,0.28303,1,False,36,13
793.0,0.975876,1.8824658,1.0847882,1.2272727,0.969437652811736,0.7923629975084919,118.10310605411168,28,0.32481763,1,False,36,14
452.0,0.9151849,1.4940165,0.8609407,1.0454545,0.9205702647657841,0.8090659749252745,135.85139392451472,28,0.25779107,0,False,36,15
481.0,0.9102283,1.6364582,0.943024,1.2272727,0.9431372549019608,0.6622027387816132,118.10310605411168,28,0.28236926,0,False,36,16
817.0,0.97924477,1.7217648,0.99218273,1.0454545,0.9703087885985748,0.4822667534059709,132.01028473875755,28,0.29708883,1,False,36,17
926.0,0.95944786,1.8226242,1.0503039,1.2045455,0.9605809128630706,0.6420179680672037,120.90275176564916,28,0.31449202,1,False,36,18
786.0,0.9806508,1.7453446,1.0057708,1.0681819,0.9703703703703703,0.6813071357028746,83.99158773846347,28,0.3011575,1,False,36,19
822.0,0.97807604,1.6232858,0.93543327,1.0227273,0.9670588235294117,0.7325881244278966,308.5178827774249,28,0.28009638,1,False,36,20
813.0,0.9838885,1.7393212,1.0022998,1.0681819,0.9748201438848921,0.7216139668839818,83.99158773846347,28,0.30011818,1,False,36,21
821.0,0.9668338,1.5745487,0.9073481,1.0909091,0.9502314814814815,0.6599309482998701,73.00122684774432,28,0.27168685,1,False,36,22
672.0,0.97655666,1.7349838,0.9998003,1.1363636,0.9725036179450073,0.7194158851963305,81.89955022476359,28,0.29936975,1,False,36,23
1451.0,0.9773802,2.3178372,1.3356749,1.1363636,0.9206852791878173,0.6701439623156461,179.9559174037681,28,0.39994055,0,False,36,24
696.0,0.9783676,1.7498367,1.0083594,1.1136364,0.9747899159663865,0.808485660825539,73.00122684774432,28,0.3019326,1,False,36,25
808.0,0.9722864,1.7431649,1.0045147,1.0681819,0.9676646706586827,0.7847282541445448,139.8433657007923,28,0.3007814,1,False,36,26
687.0,0.9798291,1.8084226,1.0421201,1.0,0.9689703808180536,0.7821372109667962,184.85227079693826,28,0.31204155,1,False,36,27
732.0,0.97841823,1.8019127,1.0383687,1.0227273,0.9631578947368421,0.7294967493263134,139.8433657007923,28,0.31091827,1,False,36,28
585.0,0.97816676,3.4179144,1.361078,1.2,0.9669421487603306,0.7254039155052782,334.1951015768891,33,0.33508965,1,False,37,1
480.0,0.97642314,3.2029166,1.2754618,1.44,0.967741935483871,0.6626984012328048,334.1951015768891,33,0.31401142,1,False,37,2
781.0,0.9747463,2.125634,0.84646755,1.12,0.9713930348258707,0.720929610399069,242.15836445745174,33,0.20839548,1,False,37,3
498.0,0.968147,2.0075502,0.7994444,1.12,0.9688715953307393,0.5471392394774864,304.88639160533535,33,0.19681865,1,False,37,4
769.0,0.9834518,2.5916255,1.0320342,1.2,0.9758883248730964,0.4412166814038331,423.2557445492062,33,0.25408092,1,False,37,5
488.0,0.9307231,2.2018852,0.87683225,1.32,0.9663366336633663,0.7203981173045247,163.01322344123446,33,0.2158711,1,False,37,6
664.0,0.9860009,3.6540964,1.4551301,1.08,0.9665211062590975,0.6671407455113729,242.15836445745174,33,0.35824475,1,False,37,7
881.0,0.9746188,2.0419977,0.813162,0.96,0.9342523860021209,0.8297865402566155,190.7971768905083,33,0.20019585,0,False,37,8
812.0,0.9702389,2.520739,1.0038059,1.28,0.9724550898203593,0.8334177129719504,59.694237271193856,33,0.24713127,1,False,37,9
525.0,0.98391646,3.2406857,1.2905022,0.96,0.9722222222222222,0.5338207170103464,213.80303310488353,33,0.31771427,1,False,37,10
627.0,0.97066265,2.119043,0.843843,1.16,0.9720930232558139,0.15788698553957803,45.398616451657894,33,0.20774932,1,False,37,11
937.0,0.98093724,3.4250586,1.363923,1.2,0.961025641025641,0.8280798209359806,45.398616451657894,33,0.33579007,1,False,37,12
688.0,0.97918135,2.9888952,1.1902344,1.12,0.9515905947441217,0.5723826021508216,128.21500661121942,33,0.29302895,1,False,37,13
479.0,0.97539735,2.0531106,0.8175874,0.84,0.9735772357723578,0.49337214596779916,43.51355466933912,33,0.20128536,1,False,37,14
887.0,0.98568517,2.66823,1.0625396,1.0,0.9790286975717439,0.6976259780959321,88.32200900746462,33,0.26159117,1,False,37,15
440.0,0.9672219,1.9308182,0.76888824,0.84,0.9544468546637744,0.5145457525627386,43.51355466933912,33,0.1892959,1,False,37,16
936.0,0.984483,3.9283335,1.5643365,1.04,0.9719626168224299,0.32857656767629423,71.45157878143658,33,0.38513073,1,False,37,17
510.0,0.97378314,1.7565491,0.699491,0.76,0.9640831758034026,0.6753088073059653,86.4759820737164,33,0.1722107,1,False,37,18
482.0,0.9657119,1.6805809,0.66923904,0.76,0.9717741935483871,0.8201611254311398,103.944822419993,33,0.16476284,1,False,37,19
905.0,0.97398025,2.174055,0.8657498,1.12,0.9679144385026738,0.6807369301764751,173.1180187771932,33,0.21314266,1,False,37,20
889.0,0.98940283,4.694623,1.8694875,1.0,0.9747807017543859,0.47961569716224556,56.55528077670251,33,0.46025717,1,False,37,21
429.0,0.9762996,2.5633566,1.020777,0.96,0.9575892857142857,0.8276482101233514,126.52294465516526,33,0.25130948,0,False,37,22
880.0,0.9809032,2.5111818,1.0,1.04,0.975609756097561,0.3555325762148458,54.86132725636627,33,0.24619429,1,False,37,23
802.0,0.9772919,1.7977057,0.71588033,0.76,0.9651022864019254,0.7991420855780383,202.7840132927418,33,0.17624566,1,False,37,24
580.0,0.9799005,2.2693794,0.9037097,0.6,0.9715242881072027,0.8054012862057961,120.15314565380304,33,0.22248816,1,False,37,25
619.0,0.98242503,2.1194184,0.8439924,0.84,0.958204334365325,0.6448890315421181,54.86132725636627,33,0.20778613,1,False,37,26
678.0,0.98066753,3.180295,1.2664535,1.08,0.9713467048710601,0.7076470310116897,39.318452959023936,33,0.31179363,1,False,37,27
414.0,0.978656,2.6514976,1.0558764,0.72,0.965034965034965,0.33353706396347227,104.71701068773417,33,0.25995073,1,False,37,28
738.0,0.98104835,2.680813,1.0675504,1.0,0.9672346002621232,0.8099242201959337,39.318452959023936,33,0.2628248,1,False,37,29
721.0,0.9788969,2.3061304,0.9183447,1.0,0.963903743315508,0.7972822096258003,173.1180187771932,33,0.2260912,1,False,37,30
859.0,0.9753847,2.7336438,1.0885886,1.08,0.9502212389380531,0.5930664563265071,237.77207946178694,33,0.2680043,1,False,37,31
614.0,0.97956616,1.9258631,0.766915,0.64,0.9669291338582677,0.5612854876918238,104.71701068773417,33,0.18881011,1,False,37,32
623.0,0.9530576,2.1539648,0.8577494,1.24,0.9599383667180277,0.7847592043772031,92.7699442830854,33,0.21117301,0,False,37,33
571.0,0.93405384,1.4711556,0.97895724,1.0895523,0.9580536912751678,0.6679302906611528,566.9221763750714,3,0.38653892,1,False,38,1
599.0,0.97417325,1.5027783,1.0,0.98507464,0.9676898222940227,0.3876635505354741,289.68317849709393,3,0.3948476,1,False,38,2
395.0,0.96110564,1.6422445,1.0928055,1.0746269,0.9495192307692307,0.5385544537540182,289.68317849709393,3,0.43149167,0,False,38,3
555.0,0.9743076,1.6173805,1.0417591,1.1384616,0.9719789842381786,0.5040350288036162,97.18535751975547,11,0.41227347,1,False,39,1
409.0,0.9772561,1.647997,1.0614793,1.0923077,0.9784688995215312,0.7268942014630205,302.78462362856254,11,0.42007765,0,True,39,2
793.0,0.97493017,1.4708896,0.9474039,1.0615385,0.9682539682539683,0.7567802153524626,81.10435216196595,11,0.37493262,1,False,39,3
1007.0,0.98119074,1.5525475,1.0,1.1076924,0.972007722007722,0.6420049065498308,97.18535751975547,11,0.3957474,1,False,39,4
1050.0,0.98181504,1.7812308,1.1472956,1.0769231,0.9659613615455381,0.7485177840661466,81.10435216196595,11,0.45403922,1,False,39,5
648.0,0.97759783,1.4199667,0.91460437,1.0615385,0.9818181818181818,0.32668108465026535,359.63490065829683,11,0.3619523,1,False,39,6
663.0,0.9770471,1.3375334,0.86150885,0.9692308,0.9721407624633431,0.6463197427854679,171.7757999261489,11,0.34093988,1,False,39,7
846.0,0.9537374,1.335552,0.86023265,1.0461539,0.9657534246575342,0.5392150385791513,128.54717296966044,11,0.3404348,0,False,39,8
667.0,0.97418845,1.6004151,1.0308317,1.0769231,0.9638728323699421,0.6341716934305577,171.7757999261489,11,0.40794897,1,False,39,9
517.0,0.92196286,1.5458713,0.9956998,1.0769231,0.9503676470588235,0.8245804092251898,128.54717296966044,11,0.3940456,0,False,39,10
454.0,0.9644103,1.9477805,1.2545707,1.1538461,0.9171717171717172,0.7094071324717603,446.2714523584063,11,0.49649304,0,False,39,11
330.0,0.8566613,1.5035813,1.0,1.1136364,0.9482758620689655,0.8091754305297729,487.4818400282292,5,0.2594415,1,False,40,1
589.0,0.97042125,1.5161675,1.0083709,1.1818181,0.9703459637561779,0.5838819562810958,318.4322572535062,5,0.26161322,1,False,40,2
610.0,0.97820425,1.8599106,1.2369871,1.1136364,0.9667194928684627,0.7632049528756827,280.64842255845986,5,0.32092574,1,False,40,3
696.0,0.9716713,1.4784156,0.98326284,1.0454545,0.96398891966759,0.5240088265603527,444.4786960339697,5,0.25509915,1,False,40,4
578.0,0.9597945,1.3217993,0.8791006,1.0454545,0.9681742043551089,0.6879833478589499,280.64842255845986,5,0.22807518,1,False,40,5
600.0,0.97219074,1.5968468,0.89350516,1.027027,0.9771986970684039,0.39077641934303725,1329.6719632460408,2,0.23169935,1,False,41,1
729.0,0.9791392,1.9774959,1.1064949,1.1351352,0.972,0.636295919109439,1329.6719632460408,2,0.2869308,1,False,41,2
670.0,0.95841956,1.9849347,1.1863625,1.21875,0.9710144927536232,0.7648462571802815,77.36576793843216,10,0.24908984,1,False,42,1
509.0,0.97213537,2.1332269,1.2749943,1.15625,0.9640151515151515,0.7653348755114552,77.36576793843216,10,0.26769906,1,False,42,2
359.0,0.94593954,1.8009228,1.0763816,1.09375,0.9650537634408602,0.8134374733276848,234.72222443772725,10,0.22599815,1,False,42,3
686.0,0.97217935,1.5764395,0.9422117,1.15625,0.9744318181818182,0.3774255165541387,234.72222443772725,10,0.1978277,1,False,42,4
865.0,0.9616081,1.7195086,1.0277218,1.09375,0.9785067873303167,0.5019319833324632,83.31163628554647,10,0.21578148,1,False,42,5
663.0,0.9753841,1.8384238,1.0987954,1.0625,0.9622641509433962,0.6777486780300913,83.31163628554647,10,0.23070417,1,False,42,6
394.0,0.8292193,1.6267449,0.97227836,1.21875,0.9493975903614458,0.4257230067933309,312.1214169679515,10,0.20414053,1,False,42,7
661.0,0.9758711,1.6108642,0.96278673,0.9375,0.9635568513119533,0.78650620889381,179.92811422286397,10,0.20214766,1,False,42,8
434.0,0.96897954,1.4276353,0.85327387,0.84375,0.970917225950783,0.4017978596755503,233.74479194468466,10,0.17915423,1,False,42,9
434.0,0.94846946,1.186348,0.70906043,0.71875,0.9752808988764045,0.6125473246868717,366.70747450026283,10,0.14887504,1,False,42,10
656.0,0.9756269,1.569696,1.0504134,1.0588236,0.9647058823529412,0.5028440417839529,169.3493300825992,7,0.4185856,1,False,43,1
764.0,0.97108597,1.4943602,1.0,1.0882353,0.9622166246851386,0.7600199515021102,503.0503508031374,7,0.39849606,1,False,43,2
612.0,0.9721361,1.4082564,0.94238085,1.0441177,0.9683544303797469,0.5731858060758217,169.3493300825992,7,0.37553504,0,False,43,3
579.0,0.97489524,1.4201971,0.9503713,1.0147059,0.9601990049751243,0.4374935720312986,227.33323408434762,7,0.3787192,1,False,43,4
776.0,0.95249134,1.3793966,0.9230683,1.0147059,0.9675810473815462,0.6391455892816462,274.49868796222574,7,0.36783907,1,False,43,5
1003.0,0.9817783,1.630271,1.0909492,1.0147059,0.960727969348659,0.7416542924647472,227.33323408434762,7,0.4347389,1,False,43,6
745.0,0.98091114,1.647572,1.1025267,0.9852941,0.9675324675324676,0.6321754900939254,525.2922589722043,7,0.43935254,1,False,43,7
528.0,0.9714716,1.7798046,0.92973447,1.2368422,0.9723756906077348,0.7376796377411277,115.16737108449591,6,0.2652258,1,False,44,1
763.0,0.9804355,2.0175555,1.0539308,1.0526316,0.9719745222929936,0.6229778156746784,115.16737108449591,6,0.3006553,1,False,44,2
904.0,0.9780446,2.252125,1.1764653,1.2368422,0.9658119658119658,0.7540104361916398,234.69508011668938,6,0.33561078,1,False,44,3
868.0,0.9780859,2.1228476,1.1089332,1.1578947,0.96875,0.6878384225769402,234.69508011668938,6,0.3163459,1,False,44,4
720.0,0.9788405,1.8110745,0.94606924,1.1315789,0.9690444145356663,0.7498329223302362,129.52292201397123,6,0.2698856,1,False,44,5
622.0,0.9772447,1.7533001,0.915889,1.1315789,0.9749216300940439,0.7111400004144337,129.52292201397123,6,0.2612761,1,False,44,6
859.0,0.9649466,1.9706161,1.2172618,1.2592592,0.961926091825308,0.6344210866067147,63.144401134252355,48,0.41730693,0,False,45,1
1319.0,0.9835647,2.002106,1.2367132,1.2222222,0.9571843251088534,0.8983961264149937,63.144401134252355,48,0.42397538,0,False,45,2
960.0,0.9727147,1.6556519,1.0227064,1.2592592,0.96579476861167,0.7334909223156755,167.66048333262785,48,0.35060865,1,False,45,3
615.0,0.98216546,1.9492923,1.2040899,1.1851852,0.9746434231378764,0.5365166484784986,53.31013599871941,48,0.4127913,1,False,45,4
1082.0,0.98316556,1.9305469,1.1925107,1.2037038,0.9686660698299016,0.7399073078594565,53.31013599871941,48,0.4088217,1,False,45,5
429.0,0.98315716,2.440646,1.5076021,1.2407408,0.9705882352941176,0.6989297647053966,110.1816432398237,48,0.51684266,1,True,45,6
702.0,0.9764359,1.6516566,1.0202385,1.1481482,0.9669421487603306,0.8085777971139528,110.1816432398237,48,0.3497626,1,False,45,7
999.0,0.9846345,1.5857339,0.97951764,0.962963,0.9633558341369335,0.7267313101950413,330.3504399943697,48,0.33580247,1,False,45,8
667.0,0.958163,1.8261147,1.1280023,1.2592592,0.9542203147353362,0.8441117454637757,63.11646324585492,48,0.38670662,1,False,45,9
435.0,0.94750357,1.5488719,0.9567477,1.1296296,0.9539473684210527,0.7432379984189529,63.11646324585492,48,0.3279964,1,False,45,10
599.0,0.9797066,2.1713657,1.341266,1.1666666,0.9630225080385852,0.82246415332816,64.7064551564706,48,0.45981863,1,False,45,11
774.0,0.97288084,1.4924873,0.92191863,1.1111112,0.9675,0.658887822211273,91.73311725389385,48,0.31605613,1,False,45,12
862.0,0.98003995,2.0696917,1.2784613,1.2222222,0.971815107102593,0.6369156029293462,63.6142407537915,48,0.43828762,1,False,45,13
444.0,0.8182967,1.7147565,1.0592157,1.2407408,0.9487179487179487,0.4704436603558973,77.15974506259143,48,0.3631249,0,False,45,14
769.0,0.97354394,1.7822809,1.1009259,1.1481482,0.9540942928039702,0.8537408998349185,64.7064551564706,48,0.3774242,1,False,45,15
637.0,0.97585803,1.6530612,1.0211061,1.1481482,0.9622356495468278,0.7359620886642068,63.6142407537915,48,0.35006002,1,False,45,16
575.0,0.9752768,1.6066989,0.9924678,1.0555556,0.964765100671141,0.8134836848760082,77.15974506259143,48,0.34024212,1,False,45,17
402.0,0.8135592,1.7628984,1.0889533,1.3148148,0.7790697674418605,0.9075105968517859,90.0805210001709,48,0.3733197,0,False,45,18
696.0,0.97436947,1.9109194,1.1803868,1.1851852,0.9560439560439561,0.8086891564255912,90.0805210001709,48,0.4046653,1,False,45,19
742.0,0.9639929,1.4545273,0.89847046,1.074074,0.9699346405228758,0.6520841259517388,244.5876062659313,48,0.30801752,1,False,45,20
1071.0,0.9759976,1.778625,1.0986676,1.1481482,0.9683544303797469,0.7724687336700793,149.5909431315772,48,0.37665,1,False,45,21
625.0,0.9774383,1.6895111,1.0436214,1.0555556,0.963020030816641,0.39839074522801426,206.6999229632502,48,0.35777882,1,False,45,22
767.0,0.96962535,1.5640785,0.9661409,0.9814815,0.9770700636942675,0.776067754843387,172.921825762983,48,0.3312166,0,False,45,23
1145.0,0.9474972,1.7346596,1.07151,1.1111112,0.8570359281437125,0.8422920846338715,84.10968864762073,48,0.36733967,1,False,45,24
814.0,0.9260326,1.3813814,0.8532878,0.9814815,0.9166666666666666,0.6327565716257073,172.921825762983,48,0.29252782,0,False,45,25
688.0,0.9740501,1.6576498,1.0239404,1.037037,0.9690140845070423,0.7133297570599704,128.99953809060872,48,0.3510317,1,False,45,26
678.0,0.97489023,1.5288976,0.9444095,1.0555556,0.9671897289586305,0.741435128664378,185.2125181923848,48,0.32376656,1,False,45,27
649.0,0.9790054,1.6850139,1.0408435,1.0555556,0.9657738095238095,0.452724511340181,59.42692862388865,48,0.35682648,1,False,45,28
603.0,0.9666657,1.630121,1.0069358,1.1018518,0.958664546899841,0.7434839938128797,126.89627908942744,48,0.3452021,1,False,45,29
466.0,0.78280497,1.2949055,0.79987115,1.037037,0.9246031746031746,0.7128160527575552,126.1257942211549,48,0.27421528,1,False,45,30
554.0,0.97783345,1.6007154,0.9887718,0.962963,0.9753521126760564,0.7919869385867989,172.38973979191542,48,0.338975,1,False,45,31
694.0,0.97969764,1.9369463,1.1964637,1.1111112,0.9652294853963839,0.7251968155613158,52.29125918860677,48,0.41017687,1,False,45,32
762.0,0.9670916,1.5916934,0.9831988,1.074074,0.9670050761421319,0.3734760654083667,59.42692862388865,48,0.3370645,0,False,45,33
844.0,0.9722443,1.5773653,0.97434825,1.1111112,0.9667812142038946,0.6973857740008584,115.01230456776412,48,0.3340303,1,False,45,34
529.0,0.9620433,1.4626129,0.903465,1.037037,0.9635701275045537,0.6809588899637964,75.6959085902119,48,0.30972978,1,False,45,35
740.0,0.97476906,1.7084585,1.0553254,1.074074,0.9635416666666666,0.8060437731266994,40.777520144879176,48,0.36179122,1,False,45,36
779.0,0.971224,1.5435982,0.95349014,1.0925926,0.9689054726368159,0.5060874520965615,52.29125918860677,48,0.32687962,1,False,45,37
591.0,0.959604,1.6076643,0.9930642,1.0555556,0.964110929853181,0.8089649629148788,40.777520144879176,48,0.34044656,1,False,45,38
1125.0,0.9845065,1.7422057,1.0761713,0.9814815,0.9689922480620154,0.4565941857393322,109.98544997671011,48,0.36893767,1,False,45,39
1154.0,0.97788095,1.0835901,0.6693403,0.6111111,0.9513602638087386,0.5985115770183607,199.1702661563278,48,0.22946614,0,False,45,40
590.0,0.9745804,1.327715,0.8201378,0.8148148,0.9656301145662848,0.5779669622864759,100.27267916468021,48,0.2811632,1,False,45,41
502.0,0.97910315,1.4511583,0.8963894,0.7962963,0.9598470363288719,0.47195628291015884,100.27267916468021,48,0.3073041,1,False,45,42
779.0,0.98111624,1.5457376,0.9548117,1.0185186,0.9641089108910891,0.7056473634180468,197.736584334208,48,0.32733268,1,False,45,43
592.0,0.9615033,1.3497872,0.8337719,0.9444444,0.965742251223491,0.41704173898063746,212.08860716472145,48,0.2858373,1,False,45,44
556.0,0.97505814,1.1757927,0.7262944,0.7222222,0.9636048526863085,0.5646489052431161,120.26352447262403,48,0.2489914,1,False,45,45
813.0,0.97187006,1.193818,0.7374287,0.6481481,0.9621301775147929,0.6020133707763925,74.30435656426675,48,0.2528085,0,False,45,46
564.0,0.96862274,1.0186827,0.6292466,0.5740741,0.9690721649484536,0.49836748548460363,53.525051909659076,48,0.21572104,0,False,45,47
788.0,0.9743968,1.0062747,0.6215821,0.6296296,0.9740420271940667,0.6039175013880863,53.525051909659076,48,0.21309346,0,True,45,48
1172.0,0.986361,7.6199927,2.1490915,1.7368422,0.9766666666666667,0.7070651607039281,185.97990778706236,58,0.56776416,1,True,46,1
780.0,0.98124874,4.3719296,1.2330296,1.3157895,0.967741935483871,0.5611620487463187,127.98188839210091,58,0.32575163,1,False,46,2
462.0,0.8851503,2.1863751,0.61663055,1.5263158,0.9428571428571428,0.6118301172889975,69.80301326863587,58,0.16290638,0,False,46,3
666.0,0.9734217,3.0365891,0.85641915,1.3157895,0.9680232558139535,0.7072217137957097,77.129647469123,58,0.22625567,1,False,46,4
512.0,0.9785929,3.8691406,1.0912263,1.3684211,0.9715370018975332,0.5182272079893043,63.786904120191366,58,0.28828892,1,False,46,5
787.0,0.98446,4.5746675,1.2902085,1.2105263,0.968019680196802,0.7441155869911726,69.80301326863587,58,0.34085757,1,False,46,6
876.0,0.9826404,4.2474766,1.1979297,1.4210526,0.9744160177975528,0.7122506005158985,37.8223746805494,58,0.31647864,1,False,46,7
396.0,0.90857303,2.3636365,0.6666241,1.3684211,0.9588377723970944,0.5237260911096181,37.8223746805494,58,0.17611408,0,False,46,8
961.0,0.9839548,6.354291,1.7921214,1.5263158,0.9707070707070707,0.6426653415184639,153.50133542228136,58,0.47345698,0,False,46,9
698.0,0.976098,3.605112,1.0167615,1.1578947,0.9680998613037448,0.6718774386428567,95.07095074169955,58,0.2686162,1,False,46,10
766.0,0.981822,3.2839768,0.92619073,1.2631578,0.9683944374209861,0.5350594006719102,111.16847222009505,58,0.24468848,1,False,46,11
1016.0,0.98664004,4.3219023,1.2189202,1.1578947,0.9769230769230769,0.6265243920673452,182.86776886680494,58,0.32202408,1,False,46,12
883.0,0.9771835,3.3334923,0.94015574,1.3684211,0.9724669603524229,0.7266663233730393,111.44833668133684,58,0.24837786,1,False,46,13
787.0,0.98267686,3.991239,1.1256622,1.3157895,0.9788557213930348,0.6307688677077705,111.44833668133684,58,0.29738644,1,False,46,14
825.0,0.98338187,4.036236,1.1383528,1.2631578,0.974025974025974,0.6801679951215333,58.544281254767704,58,0.30073914,1,False,46,15
624.0,0.9492931,2.0575237,0.58029014,1.1052631,0.9659442724458205,0.5889957586646778,115.80177936953223,58,0.15330568,1,False,46,16
785.0,0.9814248,3.1874623,0.8989704,1.2105263,0.967940813810111,0.5406450539517947,49.56990250298672,58,0.23749718,1,False,46,17
716.0,0.9681826,2.245369,0.6332688,1.1052631,0.9781420765027322,0.7612554996768726,52.75003545277602,58,0.167302,1,False,46,18
924.0,0.9824673,4.8585668,1.3702774,1.3684211,0.9736564805057956,0.6858358019554263,49.56990250298672,58,0.36201084,1,False,46,19
792.0,0.97158164,2.2310607,0.62923336,1.1578947,0.9694002447980417,0.7314729953050532,231.34256663501438,58,0.1662359,1,False,46,20
654.0,0.97467285,3.0387092,0.8570171,1.2631578,0.9631811487481591,0.6665815639700987,42.760557352753196,58,0.22641362,1,False,46,21
807.0,0.98398834,3.7357986,1.0536195,1.2631578,0.9699519230769231,0.4733680207705033,42.43867877431437,58,0.2783536,1,False,46,22
768.0,0.98344487,4.6760554,1.3188032,1.4210526,0.9612015018773467,0.7116488215489335,52.75003545277602,58,0.34841198,1,False,46,23
1389.0,0.9842829,4.9099693,1.3847747,1.2631578,0.9328408327736736,0.7722144801970864,115.80177936953223,58,0.36584082,0,False,46,24
800.0,0.9821118,3.7703292,1.0633583,1.2105263,0.97442143727162,0.22487903903698536,42.760557352753196,58,0.2809265,1,False,46,25
407.0,0.894133,2.4606233,0.6939776,1.4736842,0.9399538106235565,0.6974792722247609,42.43867877431437,58,0.18334056,0,False,46,26
567.0,0.9670664,2.7781491,0.7835305,1.2631578,0.9593908629441624,0.6973739393560439,50.48473168978663,58,0.20699935,0,False,46,27
779.0,0.9854719,3.4809132,0.9817333,1.2105263,0.9725343320848939,0.47104974189626736,87.20716221566906,58,0.25936216,1,False,46,28
615.0,0.9679767,2.6418486,0.7450892,1.2105263,0.9654631083202512,0.1500533210327286,45.98415977195201,58,0.19684361,0,False,46,29
616.0,0.97981244,3.2794771,0.92492163,1.2105263,0.967032967032967,0.23738442723353628,87.12158550650672,58,0.2443532,1,False,46,30
937.0,0.98470175,3.5308657,0.9958216,1.2631578,0.981151832460733,0.48989503302544735,81.89372087325773,58,0.2630841,1,False,46,31
824.0,0.98505825,5.6005363,1.5795375,1.4210526,0.9671361502347418,0.5569125260060472,53.59546030409658,58,0.4172949,1,False,46,32
699.0,0.960452,2.3961298,0.67578834,1.3684211,0.9694868238557559,0.5551985911416878,50.48473168978663,58,0.17853516,1,False,46,33
943.0,0.9834098,6.026567,1.6996924,1.3157895,0.9761904761904762,0.49314808872287047,45.98415977195201,58,0.4490383,1,False,46,34
855.0,0.9862819,4.064697,1.1463797,1.2631578,0.9650112866817155,0.7475998461667505,87.20716221566906,58,0.30285975,1,False,46,35
636.0,0.98046184,3.5338464,0.99666226,1.3684211,0.9709923664122138,0.717435906974373,56.745581243442736,58,0.2633062,1,False,46,36
812.0,0.98463416,3.8702362,1.0915353,1.1578947,0.970131421744325,0.48927044876860754,111.4566282534923,58,0.28837052,1,False,46,37
858.0,0.9801688,4.329346,1.2210196,1.3157895,0.9738933030646992,0.7537523223075068,93.81352576085911,58,0.32257873,1,False,46,38
1007.0,0.98265755,3.7897873,1.0688461,1.2631578,0.9701348747591522,0.6955640682783701,56.745581243442736,58,0.28237632,1,False,46,39
724.0,0.97688353,3.1639283,0.89233303,1.2631578,0.9666221628838452,0.7018414207734236,61.87957340675677,58,0.23574369,1,False,46,40
844.0,0.9858873,4.5125966,1.2727023,1.1052631,0.9723502304147466,0.5925423955582997,130.09225381327866,58,0.3362327,1,False,46,41
596.0,0.9840989,3.594313,1.0137159,1.2631578,0.9691056910569106,0.8032646822627576,61.87957340675677,58,0.26781157,1,False,46,42
916.0,0.9826052,3.5575156,1.0033377,1.3684211,0.9775880469583778,0.679439357809629,108.19749732232067,58,0.26506978,1,False,46,43
1098.0,0.9856188,4.148356,1.1699744,1.3684211,0.9699646643109541,0.6539552112717224,129.10063793356426,58,0.30909318,1,False,46,44
1155.0,0.97817194,3.315425,0.93506014,1.2631578,0.9746835443037974,0.6314782045290175,141.24012119166383,58,0.24703166,1,False,46,45
973.0,0.9809495,2.799102,0.7894399,1.2105263,0.9643211100099108,0.6863687253723303,105.84622544605732,58,0.20856054,1,False,46,46
670.0,0.9780448,2.68641,0.757657,1.1052631,0.9640287769784173,0.5257301810397401,189.66879235260384,58,0.20016389,1,False,46,47
624.0,0.96834,2.0270748,0.57170254,1.1052631,0.9614791987673343,0.6522372030458813,75.34140460858295,58,0.15103695,1,False,46,48
853.0,0.9833429,5.363547,1.5126987,1.2631578,0.9704209328782708,0.7795562817406996,71.68446671918574,58,0.3996368,1,False,46,49
763.0,0.97213984,2.1765883,0.6138703,1.1052631,0.9658227848101266,0.6867332085429942,75.34140460858295,58,0.16217718,1,False,46,50
1038.0,0.97635037,3.1649935,0.89263344,1.1578947,0.9746478873239437,0.7151732765882913,105.84622544605732,58,0.23582305,0,False,46,51
897.0,0.98063534,3.5657454,1.0056589,1.2631578,0.971830985915493,0.45681219851000604,122.35508776140757,58,0.265683,1,False,46,52
852.0,0.9815347,2.9671361,0.8368311,1.1578947,0.9703872437357631,0.7545635843988492,71.68446671918574,58,0.22108074,1,False,46,53
362.0,0.79845047,2.075749,0.58543026,1.4736842,0.9164556962025316,0.6968535526845687,87.98686362830747,58,0.15466364,0,False,46,54
1088.0,0.9854274,3.9566562,1.1159087,1.1578947,0.9757847533632287,0.6363081484795636,133.36046730412517,58,0.29480967,1,False,46,55
607.0,0.9547065,2.128154,0.60021025,0.94736844,0.9619651347068146,0.7880254514893342,387.5984414896638,58,0.15856834,0,False,46,56
1091.0,0.98542225,4.122196,1.1625965,1.0526316,0.9741071428571428,0.6105099246923915,174.57722147185706,58,0.30714402,1,False,46,57
653.0,0.97835934,2.5000403,0.7050945,1.0,0.9659763313609467,0.7149497799375851,457.1424121617523,58,0.18627752,1,False,46,58
953.0,0.9638098,2.6838055,1.0628848,1.3809524,0.9714576962283384,0.7692830697999685,503.1886776272606,49,0.22101928,0,False,47,1
357.0,0.86881924,2.3512073,0.9311638,1.4285715,0.9648648648648649,0.8253511606224164,187.02209991493316,49,0.19362883,0,False,47,2
623.0,0.9861298,3.6811893,1.4578851,1.1428572,0.9658914728682171,0.7507391115218351,63.377441229220885,49,0.30315676,1,False,47,3
589.0,0.9740888,2.4417496,0.9670218,1.1904762,0.971947194719472,0.6687733871744455,63.377441229220885,49,0.20108525,1,False,47,4
669.0,0.9776836,2.2119012,0.8759935,1.1904762,0.962589928057554,0.803506530454646,99.527742406707,49,0.18215656,1,False,47,5
522.0,0.97310805,2.554552,1.0116957,1.1428572,0.9613259668508287,0.584654106666861,52.312398760681525,49,0.21037489,1,False,47,6
626.0,0.9789493,3.0403163,1.204076,1.2380953,0.973561430793157,0.5645169492396188,92.77396373220988,49,0.250379,1,False,47,7
689.0,0.96741694,2.0982099,0.8309676,1.0952381,0.9649859943977591,0.7149819339999114,73.8580183231541,49,0.17279376,1,False,47,8
534.0,0.97379285,2.267255,0.89791566,1.1904762,0.9726775956284153,0.46841373837768063,52.312398760681525,49,0.18671513,1,False,47,9
407.0,0.85261106,2.3315785,0.9233901,1.4761904,0.9531615925058547,0.6671909632302642,44.86134158296492,49,0.19201234,0,False,47,10
545.0,0.96627456,2.0285714,0.8033882,1.1428572,0.9611992945326279,0.7749293774290963,53.58347033836413,49,0.16705881,1,False,47,11
522.0,0.97346723,2.8090677,1.1124932,1.0952381,0.9577981651376147,0.74881441769631,49.98730267071054,49,0.23133498,1,False,47,12
738.0,0.9829598,2.8618531,1.1333982,1.1428572,0.9647058823529412,0.8144454088895156,44.86134158296492,49,0.23568203,1,False,47,13
497.0,0.9690349,2.6908116,1.0656595,1.3809524,0.970703125,0.6421054744934891,99.527742406707,49,0.22159624,1,False,47,14
708.0,0.9258261,2.5250201,1.0,1.4761904,0.965893587994543,0.5829290986208252,53.58347033836413,49,0.20794284,1,False,47,15
1257.0,0.970169,2.7873242,1.103882,1.2857143,0.894661921708185,0.75813560939682,49.98730267071054,49,0.22954436,0,False,47,16
602.0,0.9757092,2.2471128,0.88993853,1.2380953,0.9756888168557536,0.4011605409101187,62.83195783281039,49,0.18505634,1,False,47,17
505.0,0.9736715,2.7824612,1.101956,1.1904762,0.9600760456273765,0.4483838722250881,119.86296616404553,49,0.22914386,1,False,47,18
576.0,0.97607166,2.3410218,0.9271299,1.1666666,0.972972972972973,0.5712537234066636,58.69496941672669,49,0.19279003,1,False,47,19
498.0,0.9638378,2.2272902,0.88208807,1.1428572,0.9688715953307393,0.6130675698606886,62.83195783281039,49,0.18342389,1,False,47,20
531.0,0.9778867,2.6702538,1.0575178,1.0952381,0.9602169981916817,0.8378396198327405,62.72150193096587,49,0.21990325,1,False,47,21
668.0,0.9762555,2.296835,0.90963036,1.1904762,0.9653179190751445,0.8235684810016197,69.66621752952959,49,0.18915111,1,False,47,22
524.0,0.9647002,2.2410033,0.887519,1.1428572,0.966789667896679,0.45563193047076317,83.15194224397932,49,0.18455322,1,False,47,23
684.0,0.9791445,2.519145,0.9976732,1.0476191,0.9688385269121813,0.6110618017729251,62.72150193096587,49,0.207459,1,False,47,24
356.0,0.9399195,2.9158642,1.1547885,1.6666666,0.9700272479564033,0.4851539136601243,56.26648766172076,49,0.24012999,1,False,47,25
375.0,0.90129685,2.2092698,0.87495136,1.2857143,0.9375,0.7726817640049536,83.15194224397932,49,0.18193986,0,False,47,26
629.0,0.9753701,3.7674313,1.49204,1.2857143,0.9721792890262752,0.5576185143034311,56.26648766172076,49,0.31025904,1,False,47,27
506.0,0.963045,1.960192,0.77630746,1.0952381,0.9638095238095238,0.4927947978071537,47.47340976314485,49,0.16142757,1,False,47,28
588.0,0.9782316,2.5235667,0.9994244,1.1904762,0.9686985172981878,0.46354357873190216,37.88129243476143,49,0.20782314,1,False,47,29
639.0,0.972252,2.856994,1.1314738,1.4285715,0.9609022556390977,0.46289876041572847,41.03311470810943,49,0.23528185,1,False,47,30
491.0,0.9727547,2.8094268,1.1126354,1.3333334,0.9627450980392157,0.6013866559538035,41.03311470810943,49,0.23136456,1,False,47,31
636.0,0.9753003,2.8884397,1.1439273,1.1904762,0.9724770642201835,0.7302994178244024,47.47340976314485,49,0.23787151,1,False,47,32
480.0,0.96297914,2.5211308,0.9984597,1.3333334,0.96579476861167,0.5494238010879758,32.037762091441955,49,0.20762254,1,False,47,33
656.0,0.97753537,2.5174215,0.9969907,1.0952381,0.9632892804698973,0.7475218286104266,32.037762091441955,49,0.20731707,1,False,47,34
421.0,0.9499181,2.3866076,0.94518363,1.2380953,0.9633867276887872,0.7362677207434131,88.25701182831247,49,0.19654417,0,False,47,35
322.0,0.9291128,3.0175984,1.195079,1.1904762,0.9554896142433235,0.6593573363510016,32.483731821396994,49,0.2485081,1,False,47,36
961.0,0.97826564,3.28839,1.3023223,1.3333334,0.9496047430830039,0.857902171027661,43.4312392552957,49,0.27080858,0,False,47,37
820.0,0.9738299,3.157143,1.2503438,1.4285715,0.9773539928486293,0.6661184723819485,32.483731821396994,49,0.26000002,1,False,47,38
508.0,0.9845653,3.8859205,1.5389662,1.1428572,0.9694656488549618,0.6519029173315599,49.213384338285074,49,0.32001698,1,False,47,39
605.0,0.9697241,1.899567,0.75229776,0.9047619,0.9649122807017544,0.7802700001661449,243.09884402525228,49,0.15643492,0,False,47,40
691.0,0.9746129,2.7922266,1.1058235,1.2380953,0.9759887005649718,0.4508179565852631,46.10512215780696,49,0.22994807,1,False,47,41
554.0,0.9783781,2.9478252,1.1674463,1.0476191,0.9584775086505191,0.7733977209835005,70.06802756552503,49,0.24276209,1,False,47,42
621.0,0.97678345,2.3503566,0.93082684,0.9047619,0.9703125,0.6903468809595603,184.94610109140882,49,0.19355877,1,False,47,43
592.0,0.9843692,3.4646878,1.3721427,1.0476191,0.9689034369885434,0.39453231597920746,70.06802756552503,49,0.28532723,1,False,47,44
663.0,0.98148584,2.8231702,1.1180784,1.0,0.9622641509433962,0.5714303482571492,95.55604841596185,49,0.23249638,1,False,47,45
594.0,0.97296697,2.3424723,0.9277044,1.0952381,0.9690048939641109,0.5228258469039763,75.5435373078338,49,0.19290948,1,False,47,46
557.0,0.9810824,2.3741984,0.9402691,1.0,0.9754816112084063,0.4861948755949431,75.5435373078338,49,0.19552223,1,False,47,47
437.0,0.8855567,2.7978642,1.1080562,1.7142857,0.9646799116997793,0.6575429165249232,401.717384051244,49,0.23041235,0,False,47,48
619.0,0.9772827,2.393338,0.9478491,0.95238096,0.9687010954616588,0.5320838153725839,179.84037464822464,49,0.19709842,0,True,47,49
868.0,0.96039015,1.2105817,1.0263752,0.96202534,0.9720044792833147,0.523951491326376,119.33141604806833,5,0.37504295,1,False,48,1
924.0,0.97278464,1.2547537,1.0638258,0.89873415,0.9705882352941176,0.5660824674277392,119.33141604806833,5,0.3887276,1,False,48,2
656.0,0.9741248,1.1794728,1.0,0.8607595,0.967551622418879,0.5474330879552696,138.50571350961658,5,0.3654053,1,False,48,3
799.0,0.97598803,1.1555425,0.979711,0.835443,0.964975845410628,0.841189593824168,336.36590282828075,5,0.3579916,1,False,48,4
706.0,0.9588765,1.0647793,0.90275866,0.8227848,0.9671232876712329,0.6836348052506496,336.36590282828075,5,0.3298728,1,False,48,5
613.0,0.97802573,1.8368381,1.0135202,1.1090909,0.9699367088607594,0.6856604459715436,386.2620285000142,11,0.39618078,1,False,49,1
705.0,0.98356533,2.102566,1.1601421,1.1818181,0.9684065934065934,0.6325836068228428,62.51779949600677,11,0.45349464,1,False,49,2
708.0,0.9797308,1.5939393,0.87949485,1.0363636,0.9698630136986301,0.7033827479899365,66.81722532493517,11,0.34379083,1,False,49,3
672.0,0.98013526,1.6640152,0.9181609,1.0727273,0.9669064748201439,0.5027319345650688,62.51779949600677,11,0.35890523,1,False,49,4
829.0,0.9733813,1.8371093,1.0136698,1.2,0.9650756693830035,0.242311228030703,219.3043676278218,11,0.39623928,1,False,49,5
946.0,0.98193514,1.7995387,0.99293935,1.1090909,0.9662921348314607,0.5611396708031903,219.3043676278218,11,0.38813582,1,False,49,6
765.0,0.9718124,1.812335,1.0,1.2181818,0.9745222929936306,0.6741020842835969,139.30729189709007,11,0.39089578,1,False,49,7
685.0,0.9781257,1.9977173,1.1022892,1.0181818,0.9647887323943662,0.7814587117474427,194.95624681934862,11,0.4308802,1,False,49,8
577.0,0.95979166,1.4677801,0.8098834,1.0727273,0.9730185497470489,0.6405699305879965,139.30729189709007,11,0.31658003,0,False,49,9
816.0,0.98525465,2.129189,1.1748319,1.0363636,0.9691211401425178,0.3243654038205282,261.71095569241845,11,0.45923683,1,False,49,10
670.0,0.9805591,1.6050475,0.88562405,0.96363634,0.9738372093023255,0.4347746223387009,261.71095569241845,11,0.3461867,1,False,49,11
767.0,0.9640225,1.4643286,0.9507556,0.96,0.9599499374217773,0.8180061124562107,555.1524252021021,16,0.28712326,1,False,50,1
449.0,0.87120575,1.5430291,1.0018541,1.17,0.8455743879472694,0.7059800724004607,182.80735668050178,16,0.3025547,1,False,50,2
887.0,0.9728561,1.5956032,1.0359893,1.08,0.9568500539374326,0.8565997285848176,365.30427638137724,16,0.31286338,1,False,50,3
825.0,0.9761849,1.5340364,0.9960153,1.06,0.9660421545667447,0.7425292317719029,182.7639520855527,16,0.30079144,1,False,50,4
699.0,0.97749925,1.6269814,1.0563624,1.08,0.9735376044568245,0.6720241683146542,182.80735668050178,16,0.31901595,1,False,50,5
1014.0,0.97551084,1.4882051,0.96625805,1.04,0.970334928229665,0.7481185063988747,182.7639520855527,16,0.2918049,1,False,50,6
811.0,0.9638744,1.5223674,0.98843884,1.1,0.9597633136094674,0.851786520063628,176.3537855003008,16,0.2985034,1,False,50,7
828.0,0.98010075,1.6420048,1.0661168,1.12,0.972972972972973,0.7188523959666707,176.3537855003008,16,0.32196173,1,False,50,8
933.0,0.9810701,1.6375134,1.0632006,1.08,0.9810725552050473,0.4827042703313855,372.80595193606024,16,0.32108107,1,False,50,9
865.0,0.9765828,1.537318,0.99814594,1.02,0.9740990990990991,0.754307495085829,372.80595193606024,16,0.3014349,1,False,50,10
640.0,0.97502136,1.5706875,1.0198121,1.08,0.960960960960961,0.8516121222214527,171.08078963285058,16,0.30797794,1,False,50,11
1017.0,0.9780657,1.7061554,1.1077683,1.08,0.9704198473282443,0.7449041630612873,126.38397825746044,16,0.33454028,1,False,50,12
697.0,0.9458365,1.4241033,0.9246382,1.1,0.9694019471488178,0.7001041153377234,94.66990286561307,16,0.27923593,0,False,50,13
556.0,0.9712836,1.7752877,1.1526544,1.07,0.9771528998242531,0.5720097442270928,94.66990286561307,16,0.34809566,1,False,50,14
846.0,0.9778877,1.3761466,0.893501,0.8,0.9746543778801844,0.7166647411330104,380.5341382587392,16,0.26983267,1,False,50,15
894.0,0.95218664,1.5087248,0.97958106,1.04,0.9664864864864865,0.529971160891786,485.53428897390876,16,0.2958284,1,False,50,16
1285.0,0.97240543,1.8872519,1.1668218,1.2033899,0.9618263473053892,0.4434739627061068,70.7437471650727,16,0.4366583,1,True,51,1
576.0,0.96000415,1.6125824,0.9970034,1.220339,0.964824120603015,0.813886418242409,51.304249882783786,16,0.3731073,1,False,51,2
460.0,0.95867336,1.641599,1.0149434,1.1864407,0.9603340292275574,0.727543884179998,51.304249882783786,16,0.37982097,1,False,51,3
785.0,0.9654564,1.5141098,0.9361212,0.9830508,0.9596577017114915,0.6714168458584164,194.14994510962788,16,0.35032347,1,False,51,4
776.0,0.96720713,1.5052639,0.9306521,0.9491525,0.9712140175219024,0.7205008380226328,238.95968918573317,16,0.34827673,1,False,51,5
869.0,0.9688399,1.5654855,0.96788496,1.101695,0.9720357941834452,0.6433703312539341,194.14994510962788,16,0.36221036,1,False,51,6
673.0,0.97860557,1.9725994,1.2195892,1.5084746,0.9796215429403202,0.6081010158583654,164.74296076565844,16,0.45640534,1,False,51,7
706.0,0.9786367,2.714265,1.6781353,1.4745762,0.9592391304347826,0.8812990397329845,115.87419244183,16,0.62800646,1,False,51,8
525.0,0.9753562,1.6222761,1.0029966,1.101695,0.9704251386321626,0.7820549871334929,238.95968918573317,16,0.37535015,1,False,51,9
407.0,0.92205733,1.7874068,1.1050912,1.4237288,0.9465116279069767,0.5678461776419625,115.87419244183,16,0.41355687,1,False,51,10
639.0,0.96634984,1.753004,1.083821,1.3050847,0.9726027397260274,0.6035186829543493,197.8705818098591,16,0.40559697,1,False,51,11
595.0,0.9798877,1.772511,1.0958816,0.9491525,0.9690553745928339,0.7196650240500839,207.5160947053812,16,0.41011038,1,False,51,12
647.0,0.98092985,1.4671888,0.9071116,0.91525424,0.9743975903614458,0.7268911332290272,178.6837744786489,16,0.33946723,1,False,51,13
736.0,0.9815594,1.4746914,0.91175014,0.8305085,0.9735449735449735,0.6430325485033555,85.28453871908629,16,0.3412031,1,False,51,14
918.0,0.9842351,1.422861,0.87970525,0.8305085,0.9673340358271865,0.7352855754783658,85.28453871908629,16,0.32921097,1,False,51,15
1013.0,0.9762897,1.4019777,0.8667938,0.8305085,0.9740384615384615,0.549941531907978,190.74501725430844,16,0.32437915,1,False,51,16
738.0,0.983761,3.4044359,1.1831391,1.1052631,0.9736147757255936,0.7338982582799638,82.60196172743171,48,0.25366384,1,False,52,1
730.0,0.9758388,2.6276135,0.91317105,1.1052631,0.964332892998679,0.8654538380826913,88.82804476097989,48,0.19578296,1,False,52,2
828.0,0.98494995,4.7566743,1.6530807,1.2631578,0.9639115250291036,0.7904329238076713,270.3185768764562,48,0.35441884,1,False,52,3
649.0,0.984928,3.157976,1.0974872,1.0526316,0.9701046337817638,0.6882433649991001,83.7482948403991,48,0.23530017,1,False,52,4
561.0,0.9808256,4.662726,1.620431,1.0526316,0.958974358974359,0.8643357770307755,60.80618457952174,48,0.3474188,1,False,52,5
723.0,0.98218954,3.251001,1.129816,1.1052631,0.9743935309973046,0.6954902341654766,48.60986304291324,48,0.24223144,1,False,52,6
617.0,0.9659802,2.2037873,0.7658793,1.1052631,0.9670846394984326,0.6811677415563627,48.60986304291324,48,0.16420376,1,False,52,7
930.0,0.98077697,3.285399,1.1417704,1.2105263,0.9647302904564315,0.7196972110753291,61.04223443886806,48,0.24479443,1,False,52,8
517.0,0.9691202,2.502189,0.86958236,1.1052631,0.9718045112781954,0.4719653816751531,37.311826329658984,48,0.18643759,1,False,52,9
643.0,0.98149925,3.163297,1.0993364,1.0,0.9654654654654654,0.7614381280656871,60.80618457952174,48,0.23569663,1,False,52,10
681.0,0.9723781,2.4837313,0.8631678,1.0,0.9632248939179632,0.5557877025421196,37.311826329658984,48,0.18506233,1,False,52,11
720.0,0.9853536,5.486696,1.906784,1.3157895,0.9703504043126685,0.780773371135539,103.91714203778626,48,0.40881264,1,False,52,12
645.0,0.98295254,2.5635252,0.89089847,1.0,0.9728506787330317,0.8066379744273231,93.35587125606685,48,0.19100776,1,False,52,13
956.0,0.972357,2.5091941,0.8720169,1.1578947,0.9755102040816327,0.5933489219534507,86.29884121035579,48,0.18695955,1,False,52,14
469.0,0.9545784,2.253507,0.78315824,1.0526316,0.955193482688391,0.8802016195288166,63.345988762929856,48,0.16790836,0,False,52,15
806.0,0.9840491,3.8179443,1.326845,1.2105263,0.9746070133010882,0.6745972005389452,63.345988762929856,48,0.28447428,1,False,52,16
674.0,0.97051114,2.1178353,0.73600847,0.94736844,0.9628571428571429,0.835755539759596,93.35587125606685,48,0.1577995,1,False,52,17
739.0,0.98337066,3.321487,1.1543119,0.94736844,0.9647519582245431,0.7839178952494615,86.29884121035579,48,0.24748334,1,False,52,18
810.0,0.9782847,2.979727,1.0355406,1.2631578,0.9735576923076923,0.7753241905077848,74.8965580998139,48,0.22201888,1,False,52,19
797.0,0.9835075,4.809219,1.6713414,1.4210526,0.968408262454435,0.7292715082039445,39.54731326799982,48,0.35833398,1,False,52,20
847.0,0.9789284,2.2926738,0.79676986,0.94736844,0.9702176403207331,0.7866546422663596,74.8965580998139,48,0.17082667,1,False,52,21
842.0,0.9749666,2.9137392,1.0126079,1.2105263,0.9579067121729238,0.841139429407796,39.54731326799982,48,0.21710214,1,False,52,22
777.0,0.9805794,2.5719705,0.89383346,1.1578947,0.9724655819774718,0.7005740118709987,158.05190720577582,48,0.19163701,1,False,52,23
772.0,0.98294747,3.4102807,1.1851703,1.1052631,0.9772151898734177,0.7643244557147856,108.16793944539542,48,0.25409934,1,False,52,24
1150.0,0.96889734,2.5824714,0.8974828,1.1052631,0.8873456790123457,0.6407775473475175,84.26750358985889,48,0.19241944,0,False,52,25
1061.0,0.98216003,2.9656234,1.0306392,1.2631578,0.9689497716894977,0.7260644569101233,32.68415967143516,48,0.22096801,1,False,52,26
567.0,0.97098905,2.7408335,0.9525182,1.3157895,0.9593908629441624,0.3287996860098095,32.68415967143516,48,0.20421897,1,False,52,27
540.0,0.94183487,2.447076,0.85042906,1.3684211,0.9625668449197861,0.8213073594661539,190.19037743918665,48,0.18233116,1,False,52,28
867.0,0.98023,3.188551,1.1081128,1.1578947,0.9676339285714286,0.7158925360159292,84.26750358985889,48,0.23757832,1,False,52,29
758.0,0.98118633,4.237745,1.4727378,1.4210526,0.959493670886076,0.8412185224691778,82.81588220867752,48,0.31575352,1,False,52,30
667.0,0.9764102,2.326442,0.8085053,1.0,0.9708879184861717,0.7076776337382519,190.19037743918665,48,0.17334275,1,False,52,31
701.0,0.98414934,3.8181546,1.3269181,1.1578947,0.9629120879120879,0.7771968192586284,70.31711782651857,48,0.28448996,1,False,52,32
791.0,0.9830756,3.47415,1.2073667,1.2631578,0.962287104622871,0.7919462320542883,150.79706808849707,48,0.25885823,1,False,52,33
832.0,0.9787762,3.6022902,1.2518991,1.2105263,0.9629629629629629,0.8878614301377841,105.74141644488434,48,0.26840594,1,False,52,34
495.0,0.93983585,2.5735247,0.8943736,1.3157895,0.9574468085106383,0.8027291226500911,97.245525348957,48,0.19175282,1,False,52,35
701.0,0.97570574,2.23245,0.77584034,0.94736844,0.9642365887207703,0.7508586833262318,172.00222236573256,48,0.16633941,1,False,52,36
666.0,0.9828977,3.8468468,1.3368895,1.3157895,0.9751098096632503,0.7576140749494784,70.31711782651857,48,0.2866278,1,False,52,37
711.0,0.9733382,2.9767563,1.0345081,1.3684211,0.9595141700404858,0.797238793681845,94.7344902540778,48,0.22179753,1,False,52,38
497.0,0.9492384,2.28815,0.7951977,1.1052631,0.9594594594594594,0.7194722787795179,77.85135159715504,48,0.17048961,0,False,52,39
449.0,0.9569856,2.6256008,0.91247153,1.1578947,0.961456102783726,0.6534006427101307,193.4251691607667,48,0.195633,1,False,52,40
582.0,0.96324885,2.3152468,0.80461466,1.3157895,0.9683860232945092,0.6013810910821579,121.45855918485051,48,0.17250858,1,False,52,41
599.0,0.9739597,2.4734206,0.85958457,0.8947368,0.9614767255216693,0.8526493802274245,115.47489719173397,48,0.18429409,1,False,52,42
598.0,0.9806484,3.8160536,1.326188,1.1578947,0.9660743134087237,0.7295435541056775,77.85135159715504,48,0.2843334,1,False,52,43
837.0,0.98133445,2.781299,0.96658117,1.0,0.9709976798143851,0.761029787772755,115.47489719173397,48,0.20723405,1,False,52,44
1094.0,0.9768348,2.9800346,1.0356474,1.2105263,0.9698581560283688,0.6893123106813811,121.45855918485051,48,0.2220418,1,False,52,45
628.0,0.971518,2.1574757,0.74978465,1.1052631,0.9661538461538461,0.7628166865415379,130.64646773991691,48,0.16075309,1,False,52,46
731.0,0.97820234,2.3555331,0.81861526,1.0,0.9812080536912752,0.5504977959141933,130.64646773991691,48,0.17551032,1,False,52,47
627.0,0.97867215,2.841182,0.9873922,1.0,0.9675925925925926,0.7412005080756369,232.26292106552987,48,0.21169591,1,False,52,48
556.0,0.97323674,2.5255396,1.1142975,1.4,0.9805996472663139,0.8671965321914231,111.22173799881054,31,0.2971223,0,True,53,1
989.0,0.978135,2.2768114,1.0045557,1.1666666,0.9734251968503937,0.7673478978215812,35.56891096286993,31,0.26786017,1,False,53,2
647.0,0.97713834,2.130242,0.93988764,1.1666666,0.9743975903614458,0.5815975382967479,61.45676036032944,31,0.25061673,1,False,53,3
682.0,0.97488284,2.2865102,1.008835,1.2666667,0.952513966480447,0.7617178504289075,35.56891096286993,31,0.26900122,1,False,53,4
829.0,0.9742118,2.4060314,1.0615691,1.1333333,0.9356659142212189,0.8411267486283815,177.00110612217028,31,0.28306252,1,False,53,5
918.0,0.98202825,2.3374364,1.0313042,1.1333333,0.9612565445026178,0.6626799046073233,56.06521699366127,31,0.27499253,1,False,53,6
763.0,0.9737659,2.0833552,0.9192006,1.2,0.9707379134860051,0.7513947723524311,33.67399868427233,31,0.24510062,1,False,53,7
936.0,0.96812814,2.091453,0.9227735,1.1666666,0.9699481865284975,0.779496874082055,33.67399868427233,31,0.2460533,1,False,53,8
896.0,0.9821897,2.3354912,1.0304459,1.1333333,0.9718004338394793,0.7653060424291619,56.06521699366127,31,0.27476367,1,False,53,9
948.0,0.98450273,2.5748944,1.1360735,1.1333333,0.9713114754098361,0.39872263943634695,93.17469522651469,31,0.30292875,1,False,53,10
801.0,0.9731988,2.0993342,0.92625076,1.1333333,0.9768292682926829,0.7210475727671574,196.93006839998975,31,0.24698049,1,False,53,11
661.0,0.97102886,2.106354,0.92934793,1.2333333,0.9720588235294118,0.5844993531910604,234.63612034450517,31,0.24780636,1,False,53,12
885.0,0.98450303,2.3488889,1.0363572,1.0333333,0.9757442116868799,0.34897725119011985,134.9623153314377,31,0.27633986,1,False,53,13
737.0,0.9735785,2.266486,1.0,1.2,0.9671916010498688,0.39516746491359,115.09777663554667,31,0.2666454,1,False,53,14
942.0,0.9757347,2.1486554,0.9480118,1.15,0.9631901840490797,0.7902936053232967,133.2633097937611,31,0.252783,1,False,53,15
677.0,0.97581965,2.0238307,0.89293766,1.0333333,0.9741007194244604,0.5212143395583446,134.9623153314377,31,0.23809773,1,False,53,16
752.0,0.98177385,2.7144945,1.1976666,1.2,0.9804432855280313,0.4175742908273297,115.09777663554667,31,0.3193523,1,False,53,17
717.0,0.98353803,2.918131,1.2875135,1.3333334,0.9637096774193549,0.6868247269866715,338.6696074569993,31,0.34330952,1,False,53,18
960.0,0.976857,2.03875,0.8995202,1.2,0.9775967413441955,0.6699816816403849,133.2633097937611,31,0.23985294,1,False,53,19
623.0,0.98004866,1.829267,0.8070939,1.0333333,0.968895800933126,0.7001831276675166,71.13843742072326,31,0.21520787,1,False,53,20
907.0,0.9816154,3.1105475,1.3724098,1.1,0.9710920770877944,0.7634968077074646,124.5230131642991,31,0.36594677,1,False,53,21
896.0,0.9775075,1.9004836,0.8385155,0.96666664,0.9728555917480999,0.7671059665135941,71.13843742072326,31,0.2235863,1,False,53,22
890.0,0.98214644,2.7261424,1.2028058,1.2333333,0.9694989106753813,0.6240135574361845,146.0275241312472,31,0.32072264,1,False,53,23
819.0,0.9810238,2.9298332,1.2926766,1.1333333,0.9646643109540636,0.8335783008068536,58.02489522169939,31,0.34468627,1,False,53,24
898.0,0.97816,2.126689,0.9383199,1.2,0.9718614718614719,0.6550936142797797,83.03547127254448,31,0.2501987,1,False,53,25
819.0,0.97793555,2.005006,0.88463205,1.0,0.9556592765460911,0.8658869785960576,58.02489522169939,31,0.23588307,1,False,53,26
901.0,0.9791692,2.4525342,1.0820867,1.2333333,0.9740540540540541,0.8405808948461846,83.03547127254448,31,0.28853345,1,False,53,27
1136.0,0.9795167,2.4686325,1.0891894,1.0333333,0.9767841788478074,0.6537967046467796,96.0124149327531,31,0.29042736,1,False,53,28
797.0,0.9785646,1.6552907,0.73033357,0.8333333,0.9791154791154791,0.7400637596898909,248.73182957204594,31,0.19474009,1,False,53,29
696.0,0.9728176,1.847318,0.81505823,1.0,0.9747899159663865,0.6243726991015823,96.0124149327531,31,0.21733153,1,False,53,30
593.0,0.95132667,1.8030354,0.79552025,1.0333333,0.9642276422764228,0.8275348847184704,102.79307772104444,31,0.2121218,0,False,53,31
737.0,0.97777295,3.062894,1.1036847,1.2941177,0.9646596858638743,0.8899825536945024,147.18570039356214,44,0.20419294,1,False,54,1
599.0,0.9761875,2.2683885,0.8173922,1.0588236,0.9787581699346405,0.7286672643546184,64.96604475274476,44,0.1512259,1,False,54,2
671.0,0.9776701,2.8694663,1.0339849,1.1764706,0.978134110787172,0.7313228727593912,110.25466330093342,44,0.19129775,1,False,54,3
407.0,0.94023895,2.5227635,0.9090538,1.0588236,0.9713603818615751,0.6513233167834807,178.12122997601645,44,0.16818422,1,False,54,4
697.0,0.97819966,3.2991812,1.1888285,1.4117647,0.9761904761904762,0.46288214244059495,114.69659925828927,44,0.21994542,1,False,54,5
805.0,0.9731081,2.89726,1.044,1.2941177,0.9687123947051745,0.8290842338446174,56.50168491325017,44,0.19315065,1,False,54,6
715.0,0.9736198,2.4060879,0.86701083,0.9411765,0.9727891156462585,0.5056514701251335,67.64765184327395,44,0.16040586,1,False,54,7
634.0,0.9827577,4.1785116,1.5056869,1.1764706,0.9533834586466166,0.8254107416395412,56.50168491325017,44,0.27856743,1,False,54,8
677.0,0.9754821,3.743592,1.3489677,1.3529412,0.9521800281293952,0.8510509934457029,144.32976685287056,44,0.2495728,1,False,54,9
686.0,0.9702419,2.373864,0.85539925,1.1764706,0.9716713881019831,0.7128310434668366,114.69659925828927,44,0.15825759,1,False,54,10
685.0,0.9696439,2.5568912,0.9213514,1.1764706,0.9661495063469676,0.821783760321753,67.3740694016046,44,0.17045942,1,False,54,11
614.0,0.9769522,2.412148,0.86919457,0.7647059,0.9746031746031746,0.7575269649912164,67.64765184327395,44,0.16080986,1,False,54,12
821.0,0.9802243,3.5975497,1.2963427,1.3529412,0.976218787158145,0.7451417941739158,144.32976685287056,44,0.23983665,1,False,54,13
513.0,0.9767005,3.1394334,1.1312649,0.88235295,0.9624765478424016,0.45539135916665485,112.51497888866346,44,0.20929557,1,False,54,14
642.0,0.9763708,2.4617007,0.8870504,1.0588236,0.9683257918552036,0.6605186841753434,106.69142834291833,44,0.16411337,1,False,54,15
565.0,0.95198596,2.0635087,0.74356574,0.88235295,0.9691252144082333,0.4232401664358994,161.98530884451927,44,0.13756724,1,False,54,16
612.0,0.9739448,3.0586312,1.1021487,1.2941177,0.9745222929936306,0.688971746159344,138.5013305893527,44,0.20390874,1,False,54,17
721.0,0.97667897,2.9472954,1.0620298,1.0588236,0.9690860215053764,0.7680448289944964,106.69142834291833,44,0.19648637,0,False,54,18
631.0,0.97457224,2.8985736,1.0444734,1.0588236,0.9722650231124808,0.6988254925600665,112.20135925497145,44,0.19323824,1,False,54,19
583.0,0.9856849,5.4090405,1.9490962,1.3529412,0.9700499168053245,0.8458106825599093,132.40369377649375,44,0.3606027,1,False,54,20
752.0,0.97867274,3.5034418,1.2624319,1.4705882,0.9604086845466155,0.6561725029949512,138.5013305893527,44,0.23356278,1,False,54,21
593.0,0.96559554,2.4405317,0.87942237,1.117647,0.9518459069020867,0.8498239699119433,118.62278205625147,44,0.16270211,1,False,54,22
500.0,0.95276755,2.041059,0.7354762,0.9411765,0.9615384615384616,0.6239114966132809,126.17173264581089,44,0.1360706,1,False,54,23
573.0,0.9715288,2.4016016,0.86539423,1.2058823,0.9728353140916808,0.7326558430866201,99.19868702383924,44,0.16010676,1,False,54,24
722.0,0.98027736,2.9325402,1.0567129,1.3529412,0.9704301075268817,0.7865792012704707,70.3923625912064,44,0.19550268,1,False,54,25
557.0,0.95519996,2.3387897,0.84276056,1.117647,0.9737762237762237,0.5693956354124362,99.19868702383924,44,0.15591931,1,False,54,26
579.0,0.9780526,3.0846286,1.1115165,1.2352941,0.9682274247491639,0.7509984309992429,70.3923625912064,44,0.20564191,1,False,54,27
745.0,0.9745851,2.4233716,0.87323886,1.0588236,0.9713168187744459,0.5455412085874697,126.17173264581089,44,0.16155809,1,False,54,28
672.0,0.9828862,3.5049894,1.2629895,1.4117647,0.968299711815562,0.5970935712216127,83.95885384565305,44,0.23366596,1,False,54,29
671.0,0.9669169,2.4722538,0.8908531,1.2941177,0.9738751814223512,0.3963177735339092,146.14781464157372,44,0.16481693,1,False,54,30
684.0,0.963224,3.2757137,1.1803722,1.4705882,0.9688385269121813,0.7902731154235106,39.75053173878552,44,0.21838091,1,False,54,31
502.0,0.86135733,2.633349,0.9489022,1.5294118,0.963531669865643,0.6172187340211083,39.75053173878552,44,0.1755566,1,False,54,32
742.0,0.98304635,4.67766,1.6855502,1.2352941,0.9636363636363636,0.7842590264894592,164.52253675357622,44,0.311844,1,False,54,33
699.0,0.98050576,3.9674323,1.4296265,1.0,0.9681440443213296,0.7638099991527468,134.19587658870591,44,0.2644955,1,False,54,34
635.0,0.98162216,3.293006,1.1866033,1.1764706,0.9679878048780488,0.7362472381454613,179.25193967891732,44,0.21953373,1,False,54,35
348.0,0.93451416,2.0725152,0.74681115,0.88235295,0.9380053908355795,0.800023763498416,150.43123472500224,44,0.13816768,1,False,54,36
482.0,0.9131842,2.6880643,0.9686184,1.5294118,0.9450980392156862,0.8282978241665317,207.00602671382907,44,0.17920429,1,False,54,37
525.0,0.97446245,2.5843139,0.93123287,1.0588236,0.9562841530054644,0.8029989655548448,99.57141673862778,44,0.17228758,1,False,54,38
656.0,0.9560748,2.179878,0.78549826,1.1764706,0.9647058823529412,0.6898568225662763,109.32568695110761,44,0.1453252,1,False,54,39
701.0,0.9668623,1.7677268,0.6369835,0.7647059,0.9682320441988951,0.7712805133236176,134.19587658870591,44,0.117848456,1,False,54,40
825.0,0.97797114,3.226738,1.1627243,1.117647,0.9637850467289719,0.7350065277242396,99.57141673862778,44,0.21511586,1,False,54,41
740.0,0.97459686,2.8622417,1.0313815,1.3529412,0.9724047306176085,0.6235587195373417,48.536980647505416,44,0.1908161,1,False,54,42
692.0,0.9671659,2.6561544,0.95711994,1.2941177,0.9801699716713881,0.5162944551385079,76.79258475425657,44,0.17707697,1,False,54,43
745.0,0.97051173,2.4533753,0.8840504,1.117647,0.9600515463917526,0.7117316218323451,48.536980647505416,44,0.16355836,1,False,54,44
619.0,0.9772488,2.2183928,1.0689608,1.2592592,0.9687010954616588,0.685931614199516,147.86815519727028,13,0.23488866,1,False,55,1
647.0,0.9731272,2.0013165,0.9643598,1.037037,0.9700149925037481,0.6597798340534923,77.15833252203636,13,0.21190411,1,False,55,2
645.0,0.9775307,2.07528,1.0,1.1111112,0.9612518628912071,0.6226087360247042,229.3914945584745,13,0.21973552,1,False,55,3
597.0,0.9607273,2.2606242,1.0893104,1.3703704,0.9660194174757282,0.7127377209435892,77.15833252203636,13,0.2393602,1,False,55,4
337.0,0.8982926,2.0081327,0.9676442,1.2222222,0.9573863636363636,0.5007077172591167,48.773083299178765,13,0.21262583,0,False,55,5
731.0,0.9753555,2.6762426,1.2895815,1.3703704,0.9631093544137023,0.534492959387098,48.773083299178765,13,0.28336686,1,False,55,6
453.0,0.95959014,1.9808683,0.9545066,1.1851852,0.9700214132762313,0.6104898788871339,394.2553108745904,13,0.209739,0,False,55,7
657.0,0.9796869,2.2474773,1.0829755,1.2962962,0.96759941089838,0.4493034976242067,97.76110187925678,13,0.23796819,1,False,55,8
484.0,0.9607529,1.9863024,0.957125,1.1111112,0.9622266401590457,0.48728033922631236,97.76110187925678,13,0.21031438,1,False,55,9
532.0,0.9762679,2.7917712,1.3452504,1.1481482,0.9672727272727273,0.7573100572000626,85.38449963983672,13,0.2955993,1,False,55,10
669.0,0.9744386,2.1969774,1.0586414,1.1111112,0.9695652173913043,0.8301674910502099,85.38449963983672,13,0.23262112,1,False,55,11
705.0,0.96600455,1.4463357,0.69693524,0.7777778,0.9644322845417237,0.68592439674706,478.1866364828606,13,0.15314142,1,False,55,12
535.0,0.9676028,1.8461752,0.88960296,1.037037,0.9692028985507246,0.5007722047681036,413.6430709942731,13,0.19547737,0,False,55,13
992.0,0.9808069,1.6525202,1.0,1.15,0.9744597249508841,0.651156188100403,195.96889527307272,9,0.25921884,1,False,56,1
691.0,0.97806406,1.7774603,1.0756059,1.125,0.9718706047819972,0.6456050075427324,195.96889527307272,9,0.2788173,1,False,56,2
783.0,0.97575366,1.6595147,1.0042326,1.1,0.9654747225647349,0.6677574035326603,222.3185186632049,9,0.260316,1,False,56,3
990.0,0.97024786,1.3203031,0.79896337,0.9,0.9686888454011742,0.6423021372810698,313.2660887038364,9,0.20710637,1,False,56,4
578.0,0.9703407,1.7306229,1.0472628,1.025,0.9601328903654485,0.6915135712312784,239.70705678183486,9,0.27147025,1,False,56,5
800.0,0.9765161,1.8239063,1.103712,1.125,0.966183574879227,0.7073099256470694,222.3185186632049,9,0.28610295,1,False,56,6
594.0,0.9324298,1.5568602,0.9421127,1.125,0.9488817891373802,0.8928811512521464,462.1756118950333,9,0.24421337,1,False,56,7
588.0,0.96862376,1.0993623,0.66526407,0.625,0.9671052631578947,0.8212909115632244,820.2464448471719,9,0.17244898,1,False,56,8
635.0,0.9525852,1.4333858,0.86739385,1.0,0.9650455927051672,0.7807914193907219,533.7924568597916,9,0.22484484,1,False,56,9
861.0,0.982482,2.968525,1.4270837,1.15,0.9750849377123443,0.6385990014261155,61.32899049863616,17,0.23282549,1,False,57,1
776.0,0.9754727,2.9496133,1.4179922,1.15,0.9712140175219024,0.4711485587514467,61.32899049863616,17,0.23134223,1,False,57,2
725.0,0.9813948,2.3588967,1.1340121,1.15,0.9757738896366084,0.45689936404865816,89.62780664938079,17,0.1850115,1,False,57,3
625.0,0.9582711,1.95184,0.93832433,1.1,0.9556574923547401,0.784282242479991,224.49306192036084,17,0.15308549,1,False,57,4
757.0,0.97148037,1.886658,0.9069888,0.95,0.9705128205128205,0.4114825056105377,661.1009230024474,17,0.14797316,0,True,57,5
599.0,0.96221894,2.0801337,1.0,1.15,0.964573268921095,0.5188406846830713,224.49306192036084,17,0.16314773,1,False,57,6
565.0,0.9521165,2.2709734,1.091744,1.25,0.9707903780068728,0.7242129481918701,258.67594110494514,17,0.17811556,0,False,57,7
766.0,0.97770035,2.7743473,1.3337351,1.1,0.9563046192259675,0.8889343036013981,234.03969500252637,17,0.21759586,1,False,57,8
979.0,0.98543733,3.5317674,1.697856,1.15,0.967391304347826,0.7069848647713466,192.81336805885036,17,0.27700135,1,False,57,9
679.0,0.95760655,1.9480118,0.9364839,1.0,0.9658605974395448,0.6691825636345909,148.66290397905615,17,0.15278524,1,False,57,10
1031.0,0.98189384,2.3401067,1.124979,1.05,0.9698965192850423,0.7666662625950906,271.2829076735416,17,0.18353778,1,False,57,11
658.0,0.95369864,1.8913374,0.9092384,0.8,0.9648093841642229,0.7321560861282588,492.80024820002495,17,0.14834018,1,False,57,12
742.0,0.97570765,1.9309973,0.9283044,0.9,0.9686684073107049,0.4979695362323583,148.779090628925,17,0.15145077,1,False,57,13
684.0,0.9759486,1.8540205,0.8912987,0.9,0.9743589743589743,0.6251373364372714,148.779090628925,17,0.14541337,1,False,57,14
615.0,0.9774485,2.4349594,1.1705784,0.95,0.9654631083202512,0.8133600342923013,77.17826116069939,17,0.19097722,1,False,57,15
659.0,0.97190714,2.034522,0.97807276,1.05,0.9734121122599705,0.6131826410662294,77.17826116069939,17,0.15957035,1,False,57,16
594.0,0.97072285,1.7936869,0.862294,0.85,0.9737704918032787,0.6497683781344274,224.83856565733714,17,0.14068133,1,False,57,17
874.0,0.98311573,1.9836241,1.032357,1.1875,0.9721913236929922,0.70697751838352,225.10660510027805,16,0.24892537,1,False,58,1
640.0,0.9787979,1.8431641,0.95925593,1.09375,0.9696969696969697,0.7871161634763816,246.93556566425264,16,0.23129903,1,False,58,2
916.0,0.98324597,1.8926378,0.98500407,1.0625,0.973432518597237,0.5719755168446549,143.422174627953,16,0.23750749,1,False,58,3
961.0,0.9801456,2.2622595,1.1773698,1.15625,0.9786150712830958,0.5219628489589244,246.93556566425264,16,0.28389138,1,False,58,4
781.0,0.9709132,1.8541533,0.9649752,1.125,0.9701863354037267,0.6558662592416744,143.422174627953,16,0.23267806,1,False,58,5
1062.0,0.98419935,2.298258,1.196105,1.15625,0.968094804010939,0.5716675638668832,142.13421653448194,16,0.28840885,1,False,58,6
707.0,0.96294516,2.1054633,1.0957669,1.3125,0.9724896836313618,0.7275763012355598,142.13421653448194,16,0.264215,1,False,58,7
735.0,0.97371715,1.619813,0.84301513,1.125,0.9722222222222222,0.7373020363661259,191.39662798702136,16,0.20327064,1,False,58,8
776.0,0.9629605,1.9502658,1.0149959,1.25,0.9639751552795031,0.7342027176406176,229.53414743771503,16,0.24473923,1,False,58,9
601.0,0.9287304,2.0224106,1.052543,1.34375,0.9616,0.5069953201844448,275.9853288370674,16,0.2537927,1,False,58,10
860.0,0.97598904,1.6830305,0.87591606,1.125,0.9662921348314607,0.2823881809265766,191.39662798702136,16,0.21120383,1,False,58,11
665.0,0.9766829,1.6708176,0.86956,0.9375,0.9679767103347889,0.7506608082693372,275.9853288370674,16,0.20967123,1,False,58,12
1089.0,0.9875105,2.2898302,1.1917188,1.03125,0.9749328558639212,0.5530540730558801,204.81797909251782,16,0.28735125,1,False,58,13
651.0,0.97069186,1.2316148,0.6409814,0.84375,0.9760119940029985,0.44249650943595614,369.15027493152263,16,0.15455559,1,False,58,14
945.0,0.97873366,1.9743387,1.0275245,1.0625,0.9702258726899384,0.5047432387190249,165.3760488002075,16,0.24776015,1,False,58,15
1086.0,0.983964,1.7795235,0.9261349,0.90625,0.9748653500897666,0.5038947479070653,165.3760488002075,16,0.22331275,1,False,58,16
815.0,0.9818455,2.2169588,1.0168457,1.1428572,0.973715651135006,0.6808658521978131,187.24201998312452,6,0.24343078,1,True,59,1
842.0,0.9746036,1.9112233,0.8766149,1.1785715,0.9611872146118722,0.630575435645889,187.24201998312452,6,0.2098598,1,False,59,2
707.0,0.96946967,1.5518792,0.7117956,1.0,0.9765193370165746,0.4940984884804814,325.9211213475298,6,0.17040242,0,False,59,3
994.0,0.9816605,2.143504,0.98315436,1.1071428,0.9773844641101278,0.5108281901415542,325.9211213475298,6,0.23536514,0,False,59,4
993.0,0.98304737,3.26284,1.4965568,1.1428572,0.9735294117647059,0.515306290197061,234.4750508276301,6,0.35827264,1,False,59,5
766.0,0.9865952,3.0769303,1.4112861,1.0357143,0.9770408163265306,0.35432989563172523,234.4750508276301,6,0.337859,1,False,59,6
601.0,0.96835434,1.8290771,1.120241,1.2898551,0.9554848966613673,0.7948987274230646,114.64807779475063,13,0.49492675,0,False,60,1
818.0,0.9825007,1.8981078,1.1625197,1.1884058,0.9634864546525324,0.8697092557736481,114.64807779475063,13,0.51360565,1,False,60,2
1019.0,0.9810759,2.1977499,1.3460393,1.1086956,0.9695528068506185,0.6438459576839034,337.16171397382703,13,0.59468526,1,False,60,3
638.0,0.9834964,1.9817138,1.2137253,1.0434783,0.9740458015267176,0.39942336849985505,294.9188278158959,13,0.5362284,1,False,60,4
490.0,0.97216296,1.4444247,0.88465595,1.0144928,0.9551656920077972,0.5527381775635669,294.9188278158959,13,0.39084435,1,False,60,5
752.0,0.9798902,1.8316567,1.1218209,1.2028985,0.9703225806451613,0.8255391335578187,162.56955563727698,13,0.49562475,1,False,60,6
528.0,0.92287743,1.5889328,0.97316164,1.2173913,0.9617486338797814,0.8076793810292615,146.5296173339216,13,0.4299465,0,False,60,7
630.0,0.9756278,1.5632621,0.95743936,1.173913,0.9531013615733737,0.8230481577921447,97.1012417133531,13,0.4230003,1,False,60,8
587.0,0.9720374,1.2657828,0.7752445,0.942029,0.9638752052545156,0.8115722817649906,237.16278283096904,13,0.34250593,1,False,60,9
636.0,0.9784035,1.562369,0.9568924,0.9710145,0.9636363636363636,0.3449011384089546,242.8720631858674,13,0.42275867,1,False,60,10
597.0,0.9747934,1.6327531,1.0,1.1304348,0.961352657004831,0.6172219631115801,97.1012417133531,13,0.44180378,1,False,60,11
1166.0,0.97962284,1.8514305,1.1339318,1.0144928,0.9732888146911519,0.6531156545252529,242.8720631858674,13,0.5009753,1,False,60,12
535.0,0.9693359,1.4122173,0.86493003,0.98550725,0.9657039711191335,0.8252636150897139,277.9446484120937,13,0.38212937,1,False,60,13
498.0,0.96925396,1.6018147,1.0747299,1.1481482,0.9632495164410058,0.5529036160114081,31.913259815521762,27,0.5088117,1,False,61,1
559.0,0.9698899,1.5735992,1.0557989,1.1234568,0.9555555555555556,0.6937048409063803,31.913259815521762,27,0.49984917,1,False,61,2
770.0,0.96857625,1.4185987,0.95180196,1.0493827,0.9722222222222222,0.5145216820708283,222.41010597519187,27,0.4506137,1,False,61,3
653.0,0.98412675,1.8379936,1.233193,1.1975309,0.9775449101796407,0.6260746665954156,180.28226765700782,27,0.5838333,0,True,61,4
593.0,0.97922623,1.7969104,1.2056284,1.1234568,0.9721311475409836,0.6886366024437799,180.28226765700782,27,0.5707833,1,False,61,5
771.0,0.9756911,1.7783542,1.1931782,1.1666666,0.9625468164794008,0.5950639717140022,133.12785737864453,27,0.564889,1,False,61,6
627.0,0.974808,1.495107,1.003135,1.0864197,0.9675925925925926,0.4825669584898627,162.9876548426861,27,0.47491634,1,False,61,7
831.0,0.98383266,1.7522397,1.1756568,1.0864197,0.9685314685314685,0.45535271079579176,74.17539631867382,27,0.5565938,1,False,61,8
510.0,0.97316176,1.540886,1.0338501,1.1358025,0.9550561797752809,0.5610229859783035,98.45260416211703,27,0.4894579,1,False,61,9
746.0,0.9799065,1.4286896,0.95857245,1.1111112,0.9675745784695201,0.5361571832701549,74.17539631867382,27,0.45381907,1,False,61,10
714.0,0.9543375,1.547913,1.0385648,1.1975309,0.9648648648648649,0.6274642849669315,127.71182022193639,27,0.49169,1,False,61,11
484.0,0.92215145,1.4904346,1.0,1.1604939,0.9490196078431372,0.5496488143167554,98.45260416211703,27,0.47343218,1,False,61,12
719.0,0.9727615,1.3402187,0.8992133,1.0493827,0.9599465954606141,0.7030591979774352,127.71182022193639,27,0.42571655,1,False,61,13
581.0,0.9528687,1.3816324,0.9269997,1.0864197,0.9619205298013245,0.7626549667716522,144.5711505997282,27,0.43887147,1,False,61,14
591.0,0.97420865,1.4720186,0.98764384,1.0864197,0.9578606158833063,0.4262879986871435,89.64593810960093,27,0.46758237,1,False,61,15
625.0,0.9820281,2.0425878,1.3704644,1.0864197,0.9659969088098919,0.6939662780791803,89.64593810960093,27,0.64882195,1,False,61,16
857.0,0.9769431,1.347206,0.9039014,1.0246913,0.971655328798186,0.634896807777532,283.7769251617712,27,0.42793602,1,False,61,17
434.0,0.97022045,1.5595095,1.0463455,1.0493827,0.9623059866962306,0.6455881398328199,134.19326833360944,27,0.49537364,1,False,61,18
504.0,0.9599745,1.4415294,0.9671872,1.0493827,0.9581749049429658,0.7557461356631282,120.69744632636979,27,0.4578976,1,False,61,19
685.0,0.9590571,1.3108407,0.8795023,1.0246913,0.9743954480796586,0.7317613187189407,99.94413468649441,27,0.4163847,1,False,61,20
727.0,0.9833816,1.5991815,1.0729632,1.0617284,0.9732262382864793,0.8015744552194445,99.94413468649441,27,0.50797534,1,False,61,21
545.0,0.97761613,1.5017103,1.0075654,1.0246913,0.9697508896797153,0.6080538870232943,113.71832932080397,27,0.47701386,1,False,61,22
804.0,0.96522516,1.4509705,0.97352177,1.037037,0.9698431845597105,0.21553667969593432,116.56838998157276,27,0.46089652,1,False,61,23
745.0,0.97038394,1.4431353,0.9682647,1.0617284,0.9725848563968669,0.574220561411906,113.71832932080397,27,0.45840767,1,False,61,24
818.0,0.9691058,1.2567388,0.8432029,0.97530866,0.9623529411764706,0.6096618385063559,116.56838998157276,27,0.3991994,1,False,61,25
521.0,0.97840315,1.4605814,0.9799701,0.67901236,0.9684014869888475,0.36415091297656604,359.0501464330632,27,0.4639494,0,False,61,26
456.0,0.957496,1.2702513,0.852269,0.9506173,0.9661016949152542,0.5573094656889777,167.4292351657659,27,0.40349156,1,False,61,27
626.0,0.9712218,1.5109109,0.9955987,1.0754716,0.963076923076923,0.7366445770242669,496.73178344800107,6,0.31403247,1,False,62,1
610.0,0.9626609,1.3923291,0.91746044,1.0754716,0.9713375796178344,0.7474187852194751,95.58674987288292,6,0.28938603,1,False,62,2
866.0,0.9593887,1.6030982,1.0563445,1.1509434,0.9632925472747497,0.5425533805883379,245.6867236277782,6,0.33319294,1,False,62,3
496.0,0.9633238,1.5242697,1.0044013,1.0943396,0.9520153550863724,0.7168663734761531,61.962785017535424,6,0.316809,1,False,62,4
411.0,0.84518456,1.6032686,1.0564568,1.1698114,0.9340909090909091,0.7076881820663662,61.962785017535424,6,0.33322838,1,False,62,5
564.0,0.97680753,1.4676502,0.9670925,0.8490566,0.962457337883959,0.5055688218022485,591.8482753525593,6,0.30504102,1,False,62,6
813.0,0.974246,1.7369636,0.98692846,1.1515151,0.9748201438848921,0.5218616562865376,178.54886645687313,23,0.22478354,1,False,63,1
355.0,0.86718476,2.050619,1.1651448,1.4545455,0.8105022831050228,0.8090891830712095,220.097864546147,23,0.2653742,0,False,63,2
738.0,0.94906723,1.5892667,0.9030083,1.030303,0.9647058823529412,0.795806089888019,127.34806580657876,23,0.2056698,0,False,63,3
705.0,0.9730552,1.6667527,0.9470352,1.0,0.9670781893004116,0.7430032486891927,127.34806580657876,23,0.21569741,1,False,63,4
784.0,0.97853243,1.769094,1.0051847,1.1212121,0.969097651421508,0.5072412318927361,47.127117674635905,23,0.22894157,1,False,63,5
841.0,0.97884774,1.9894786,1.1304054,1.1515151,0.9722543352601156,0.7067480387301334,122.83968565115805,23,0.25746194,1,False,63,6
720.0,0.97212726,1.9018098,1.0805928,1.2121212,0.97165991902834,0.7888170015922124,122.83968565115805,23,0.24611656,1,False,63,7
1099.0,0.98447764,2.049494,1.1645057,1.0909091,0.98125,0.5137072585456969,47.127117674635905,23,0.26522863,1,False,63,8
785.0,0.9488686,1.7599691,1.0,1.1212121,0.9667487684729064,0.6892353232430074,161.9107938596191,23,0.2277607,1,False,63,9
433.0,0.953955,1.6540697,0.9398288,1.1515151,0.9708520179372198,0.7374774454773134,63.96011074764476,23,0.21405607,1,False,63,10
549.0,0.96632105,1.8989899,1.0789905,1.2121212,0.9803571428571428,0.5687153750517601,120.13791744223612,23,0.24575163,0,True,63,11
1001.0,0.98435843,2.1509097,1.2221292,1.060606,0.9746835443037974,0.4966673761173125,65.6188575833063,23,0.278353,1,False,63,12
589.0,0.9723669,1.6580749,0.9421045,1.0909091,0.9735537190082645,0.7670068064969382,63.96011074764476,23,0.21457438,1,False,63,13
823.0,0.9810526,2.170625,1.2333313,1.060606,0.9693757361601885,0.5996245809585405,142.3463630144276,23,0.2809044,1,False,63,14
878.0,0.9731217,1.8181129,1.0330368,1.1212121,0.9648351648351648,0.7069757508500152,132.30389655285381,23,0.2352852,1,False,63,15
504.0,0.92982215,1.6052189,0.9120722,1.0909091,0.9673704414587332,0.7734373009167493,108.72015347617527,23,0.2077342,0,False,63,16
1109.0,0.9819657,1.8855371,1.0713468,0.969697,0.971954425942156,0.45027869965364703,172.69374388086555,23,0.24401069,1,False,63,17
851.0,0.973708,1.5622263,0.8876442,1.0,0.9725714285714285,0.5690665486160377,175.6590608259591,23,0.20217046,1,False,63,18
995.0,0.9816185,1.6295111,0.9258748,0.969697,0.9726295210166178,0.5069028325195044,129.72356737823029,23,0.21087791,1,False,63,19
740.0,0.9750845,2.1216624,1.2055111,0.8787879,0.9635416666666666,0.8853136603963985,175.6590608259591,23,0.27456808,1,False,63,20
708.0,0.9628775,1.4660162,0.83297837,0.8484849,0.9711934156378601,0.5971037372103959,359.91770075778925,23,0.18971974,0,False,63,21
808.0,0.9744607,1.6246624,0.92311984,0.93939394,0.9688249400479616,0.23326897828714904,129.72356737823029,23,0.21025044,0,False,63,22
921.0,0.9775316,1.4182541,0.8058404,0.8484849,0.9766702014846236,0.5135599566358177,359.91770075778925,23,0.18353878,1,False,63,23
1031.0,0.96350014,2.4456031,1.0326726,1.375,0.9717247879359096,0.5792774834965064,97.02537091343072,28,0.2301744,0,False,64,1
480.0,0.9833476,2.6661458,1.1257982,1.0833334,0.973630831643002,0.3877069583030826,97.02537091343072,28,0.25093138,1,False,64,2
626.0,0.9791326,2.2603834,0.9544623,1.2083334,0.9720496894409938,0.5769200569211027,101.76850232098319,28,0.21274197,1,False,64,3
1032.0,0.9755921,2.68968,1.1357358,1.25,0.9717514124293786,0.6216255389234083,101.76850232098319,28,0.25314635,1,False,64,4
605.0,0.97734857,2.3799586,1.0049537,1.0833334,0.9603174603174603,0.6773540986060923,208.7857010593544,28,0.2239961,1,False,64,5
432.0,0.960404,2.0244985,0.8548583,1.125,0.9751693002257337,0.3924484336525318,51.5813712618873,28,0.19054103,1,False,64,6
725.0,0.97780377,2.595977,1.096169,1.125,0.9757738896366084,0.7366359534539887,135.19028664211868,28,0.24432725,1,False,64,7
355.0,0.87339073,2.05,0.86562645,1.2083334,0.8964646464646465,0.7100089067751667,51.5813712618873,28,0.19294117,0,False,64,8
1048.0,0.97471,2.1625319,0.9131438,1.0,0.9712696941612604,0.7699947768546824,202.27055379180007,28,0.20353241,1,False,64,9
524.0,0.9720925,2.373012,1.0020205,1.1666666,0.966789667896679,0.7326389086405078,122.0036398306543,28,0.22334231,1,False,64,10
573.0,0.9782387,2.458406,1.0380787,1.125,0.9662731871838112,0.261226504133363,122.0036398306543,28,0.23137939,1,False,64,11
441.0,0.96392035,1.8527021,0.7823161,1.0833334,0.9692307692307692,0.6859463696869025,57.12638884561905,28,0.17437197,1,False,64,12
599.0,0.9687622,2.5429187,1.0737648,1.25,0.9708265802269044,0.7238596774209164,167.64828145651765,28,0.23933353,1,False,64,13
674.0,0.9814294,3.7430143,1.5805134,1.2083334,0.9711815561959655,0.5546375803910196,57.12638884561905,28,0.35228372,1,False,64,14
761.0,0.97445154,1.949135,0.82303554,1.0,0.9756410256410256,0.3183973249724432,91.34025785961117,28,0.183448,1,False,64,15
628.0,0.9770212,2.8793125,1.2158093,1.125,0.9676425269645609,0.8054986314837919,67.08279317725086,28,0.27099413,1,False,64,16
465.0,0.978376,2.812724,1.1876919,1.0833334,0.9607438016528925,0.677330526677381,67.08279317725086,28,0.26472697,1,False,64,17
554.0,0.98194414,3.5309114,1.4909514,1.125,0.9770723104056437,0.578843494690324,100.82344628206201,28,0.33232108,1,False,64,18
584.0,0.9441244,2.3634417,0.9979794,1.4583334,0.9798657718120806,0.6351732477353633,86.81572050931771,28,0.22244158,0,False,64,19
596.0,0.9520534,1.5912333,0.6719091,1.0,0.9722675367047309,0.6113968781446616,86.81572050931771,28,0.14976314,1,False,64,20
999.0,0.96940887,2.342801,0.9892637,1.25,0.9736842105263158,0.6510378253720004,110.66760734443208,28,0.22049892,1,False,64,21
702.0,0.95682603,2.335114,0.9860178,1.1666666,0.9525101763907734,0.8195376690310812,142.69701103462592,28,0.21977544,1,False,64,22
569.0,0.8650413,2.3974078,1.0123218,1.75,0.9563025210084034,0.7193070608970111,227.51903999691717,28,0.22563837,0,False,64,23
568.0,0.9585279,1.8648034,0.78742594,1.0416666,0.9759450171821306,0.6004933863271369,153.15798858448315,28,0.17551091,1,False,64,24
935.0,0.96332306,3.43623,1.4509715,2.125,0.9679089026915114,0.38144749187181903,227.51903999691717,28,0.3234099,0,False,64,25
834.0,0.97683823,2.0704436,0.87425894,0.875,0.966396292004635,0.4981553515265279,156.44210247965435,28,0.19486529,1,False,64,26
601.0,0.97018236,1.667776,0.7042298,0.875,0.9724919093851133,0.5780559293265969,156.44210247965435,28,0.15696715,1,False,64,27
610.0,0.96778065,1.2748634,0.53831977,0.625,0.9713375796178344,0.3650731771845527,477.8614938564162,28,0.119987145,0,False,64,28
644.0,0.9235973,2.1537888,0.8584945,1.2,0.971342383107089,0.7164135149762564,103.46295226490956,17,0.21115576,0,False,65,1
664.0,0.9834367,4.452229,1.7746466,1.12,0.9609261939218524,0.8798135272858346,191.43994931718942,17,0.43649304,1,False,65,2
451.0,0.96178305,2.4682927,0.98385495,1.36,0.9719827586206896,0.5460392061207557,103.46295226490956,17,0.24198948,1,False,65,3
867.0,0.9821048,3.0940254,1.2332703,1.16,0.9622641509433962,0.6157044741666792,222.26618016610948,17,0.30333582,1,False,65,4
690.0,0.9768024,2.1062608,0.83954996,1.16,0.971830985915493,0.3862985783306413,170.6453371341808,17,0.20649616,1,False,65,5
971.0,0.982269,4.040453,1.6105138,1.48,0.9758793969849247,0.6876087157485001,203.99977762528104,17,0.39612287,1,False,65,6
732.0,0.9692683,3.7680328,1.5019279,1.12,0.9277566539923955,0.8369671079579423,170.6453371341808,17,0.369415,1,False,65,7
480.0,0.9622243,2.097,0.8358586,1.16,0.9696969696969697,0.6445252946195986,175.41532343802817,17,0.20558824,0,False,65,8
1091.0,0.97928584,3.5011916,1.3955657,1.48,0.9689165186500888,0.745839917880772,203.99977762528104,17,0.3432541,1,False,65,9
596.0,0.96782094,2.328188,0.92800957,1.44,0.9675324675324676,0.4826608327423144,159.1488525854116,17,0.2282537,1,False,65,10
808.0,0.9558063,2.1402972,0.8531168,1.12,0.9793939393939394,0.5320799217997763,268.01297336561504,17,0.20983304,0,False,65,11
1021.0,0.9866165,2.9911458,1.1922628,1.2,0.9760994263862333,0.6941568756454541,159.1488525854116,17,0.2932496,1,False,65,12
587.0,0.9821407,2.377581,0.94769746,1.0,0.9702479338842975,0.7274579095714946,170.4404704969392,17,0.23309617,1,False,65,13
582.0,0.9752269,2.5087974,1.0,1.12,0.97,0.6503389472884473,126.34779895273998,17,0.24596052,1,False,65,14
592.0,0.9819303,2.7133782,1.0815454,1.2,0.976897689768977,0.4391916729559104,170.4404704969392,17,0.26601747,1,True,65,15
571.0,0.96796584,1.9743608,0.78697497,1.0,0.9677966101694915,0.503202808493951,126.34779895273998,17,0.19356479,1,False,65,16
811.0,0.9842251,2.9128976,1.1610732,1.12,0.9631828978622328,0.858347966593168,216.85438003005535,17,0.2855782,1,False,65,17
680.0,0.9757784,2.3522058,1.1183865,1.125,0.9700427960057061,0.8707442080342984,318.1455752460368,23,0.2582814,1,False,66,1
455.0,0.938087,1.5580847,0.74081147,0.85714287,0.9538784067085954,0.8246513485810595,378.30263904564555,23,0.17108382,0,False,66,2
769.0,0.9672496,2.0511332,0.9752377,1.0357143,0.96125,0.8645987017961381,219.36932430351447,23,0.22522247,1,False,66,3
960.0,0.97922313,2.3632812,1.1236526,1.2142857,0.9687184661957619,0.8250334684450985,177.39667108352876,23,0.25949755,1,False,66,4
468.0,0.96796125,2.2620575,1.0755244,1.2857143,0.9649484536082474,0.38503002286159527,177.39667108352876,23,0.24838278,0,True,66,5
712.0,0.9761709,2.0333066,0.9667618,1.1428572,0.9700272479564033,0.7882628423419941,80.02129649011472,23,0.22326504,1,False,66,6
409.0,0.9543487,2.1032135,1.0,1.1071428,0.9691943127962085,0.17074595256530126,219.36932430351447,23,0.23094109,1,False,66,7
600.0,0.9483138,2.061131,0.9799913,1.2857143,0.9646302250803859,0.6895548746528131,98.31495945271489,23,0.22632025,1,False,66,8
1022.0,0.97182256,2.1790607,1.0360625,1.2857143,0.9705603038936372,0.5971967389351361,80.02129649011472,23,0.2392694,1,False,66,9
802.0,0.9726812,2.0142946,0.95772237,1.2142857,0.9651022864019254,0.7705413024545291,84.34147605413939,23,0.22117744,1,False,66,10
969.0,0.9816821,2.2530222,1.0712285,1.1785715,0.9651394422310757,0.7874323859555645,83.50793155420824,23,0.24739067,1,False,66,11
784.0,0.97594655,2.2769225,1.0825921,1.3571428,0.969097651421508,0.7024400713933387,130.42431733462553,23,0.250015,1,False,66,12
904.0,0.97751474,2.002331,0.9520341,1.1785715,0.9606801275239107,0.6958049469951852,96.04496319184925,23,0.21986379,1,False,66,13
636.0,0.965451,2.2762241,1.0822601,1.2857143,0.9650986342943855,0.6694316454779666,277.99458683212464,23,0.24993834,0,False,66,14
692.0,0.9781678,2.4165978,1.1490026,1.4642857,0.9719101123595506,0.8044120148501744,35.267595230332134,23,0.26535192,1,False,66,15
893.0,0.96688384,2.6778915,1.2732381,1.5357143,0.9780941949616648,0.5957941947718262,35.267595230332134,23,0.294043,1,False,66,16
836.0,0.98111415,2.1076128,1.0020916,1.1785715,0.9720930232558139,0.6507338199392678,96.04496319184925,23,0.23142414,1,False,66,17
957.0,0.9721287,2.0518734,0.9755897,1.25,0.9715736040609138,0.762125858814711,171.7616854173913,23,0.22530375,1,False,66,18
1055.0,0.9780505,1.8338524,0.87192875,1.0357143,0.9696691176470589,0.6211530472959426,177.35069148534885,23,0.20136417,1,False,66,19
767.0,0.9836843,2.8498788,1.3550116,1.1785715,0.9696586599241467,0.29041810445589095,404.3408766354717,23,0.31292787,1,False,66,20
304.0,0.90810513,1.7774906,0.84513086,1.0,0.9325153374233128,0.7214787610283623,133.45546128514985,23,0.19517544,1,False,66,21
722.0,0.97385263,1.4348041,0.6821961,0.8214286,0.9665327978580991,0.7325689339061595,72.26483713075568,23,0.15754712,1,False,66,22
532.0,0.8790219,1.5767992,0.7497095,0.96428573,0.9568345323741008,0.8212499682380012,72.26483713075568,23,0.17313872,0,False,66,23
875.0,0.9663806,3.3703618,1.0,1.6,0.9657836644591612,0.7836323138645053,483.9090576571951,45,0.19825658,1,False,67,1
667.0,0.97719646,3.601799,1.0686684,1.2,0.9808823529411764,0.6089978960705121,167.3760995455431,45,0.21187054,0,True,67,2
623.0,0.9809852,4.1455326,1.2299963,1.2,0.9734375,0.6245941746685186,129.04538794248757,45,0.24385485,1,False,67,3
1021.0,0.98313016,5.612145,1.6651461,1.3333334,0.9751671442215855,0.5083058626020897,130.74767587305982,45,0.33012617,1,False,67,4
673.0,0.98233265,4.457256,1.3224858,1.2666667,0.9697406340057637,0.6832735110181851,91.28011912446603,45,0.26219153,1,False,67,5
1166.0,0.9846413,7.0680957,2.0971327,1.2,0.9313099041533547,0.6686924006397427,42.76571084855618,45,0.41577035,0,False,67,6
479.0,0.95567954,3.151009,0.93491715,1.3333334,0.9676767676767677,0.6353175175230377,42.76571084855618,45,0.18535347,1,False,67,7
589.0,0.9736411,3.4484437,1.0231673,1.2666667,0.9767827529021559,0.5847563733732721,91.28011912446603,45,0.20284963,1,False,67,8
678.0,0.97175604,2.9196658,0.8662767,1.1333333,0.9699570815450643,0.7619422220318931,87.36714101286246,45,0.17174505,1,False,67,9
376.0,0.93274057,2.3553193,0.69883275,1.1333333,0.9641025641025641,0.7733989224650056,56.10541417774147,45,0.1385482,0,False,67,10
815.0,0.97312117,2.9279344,0.86873,1.1333333,0.9644970414201184,0.7074610735014025,203.97835118773796,45,0.17223144,1,False,67,11
631.0,0.98212785,4.8724775,1.4456838,1.2,0.958966565349544,0.5955985317637039,75.18129858648777,45,0.28661633,1,False,67,12
578.0,0.9737181,2.590542,0.7686243,1.0666667,0.9747048903878583,0.5471650374061343,64.26115669734916,45,0.15238483,1,False,67,13
638.0,0.9784919,4.3109717,1.2790828,1.3333334,0.9740458015267176,0.5998679112812859,51.99240626279501,45,0.25358656,1,False,67,14
457.0,0.93995315,2.4714806,0.7332983,1.2,0.9560669456066946,0.8346090744118313,56.10541417774147,45,0.14538121,0,False,67,15
575.0,0.9632473,2.6004639,0.7715682,1.2,0.964765100671141,0.7440559270348612,76.75466235810084,45,0.15296847,0,False,67,16
785.0,0.98039657,4.6966457,1.3935138,1.2666667,0.967940813810111,0.707857692633206,51.99240626279501,45,0.27627328,1,False,67,17
534.0,0.9777768,5.867915,1.7410342,1.4,0.9656419529837251,0.654082729481554,34.2793631629291,45,0.34517148,1,False,67,18
608.0,0.9798905,6.7180924,1.9932853,1.4,0.9696969696969697,0.5708473592125426,33.56925045607568,45,0.3951819,1,False,67,19
571.0,0.97302824,3.3417397,0.9915077,1.0666667,0.9744027303754266,0.7275334812943784,87.46229281455273,45,0.19657291,1,False,67,20
438.0,0.9573278,2.962557,0.8790027,1.4,0.9647577092511013,0.7338179673825795,47.06683727813274,45,0.17426805,1,False,67,21
548.0,0.9794521,4.63309,1.3746566,1.2666667,0.9614035087719298,0.6318452687852797,34.2793631629291,45,0.27253473,1,False,67,22
754.0,0.9774607,5.489213,1.6286718,1.6,0.9679075738125802,0.7585050425987395,33.56925045607568,45,0.32289487,1,False,67,23
458.0,0.97225964,2.6992722,0.80088496,1.1333333,0.9642105263157895,0.6028199085135936,47.06683727813274,45,0.15878071,1,False,67,24
391.0,0.96480626,3.920375,1.1631912,1.3333334,0.9775,0.5056643747866374,35.84928827353292,45,0.2306103,1,False,67,25
477.0,0.8988572,2.7660377,0.82069457,1.2666667,0.9464285714285714,0.8756507443913504,51.92017756884941,45,0.1627081,0,False,67,26
778.0,0.98381203,4.4511566,1.3206762,1.0666667,0.9640644361833953,0.6918786307918617,116.10042176260724,45,0.26183274,1,False,67,27
448.0,0.9394651,2.3126488,0.68617225,1.0666667,0.9471458773784355,0.8225756107600533,53.657807787814235,45,0.13603817,0,False,67,28
547.0,0.98383313,4.54869,1.3496147,1.0,0.968141592920354,0.6288647121748419,70.72980122860298,45,0.26757,1,False,67,29
472.0,0.9711159,3.1259887,0.9274935,1.0,0.944,0.7947366014461994,35.84928827353292,45,0.18388169,1,False,67,30
592.0,0.95445293,2.6019144,0.7719985,1.1333333,0.965742251223491,0.6746602825186275,53.657807787814235,45,0.15305379,1,False,67,31
369.0,0.9700812,3.0603433,0.90801626,1.1333333,0.9710526315789474,0.6136047571022092,39.275176861430815,45,0.18002018,1,False,67,32
822.0,0.98316085,4.568532,1.3555019,1.0666667,0.9647887323943662,0.5920808684004604,43.82879840850771,45,0.26873717,1,False,67,33
491.0,0.96242523,3.3306177,0.98820776,1.4,0.9722772277227723,0.6128660929564016,39.275176861430815,45,0.1959187,1,False,67,34
1038.0,0.9684654,3.1588953,0.937257,1.0666667,0.8606965174129353,0.8792786662960735,46.680248658623775,45,0.18581738,0,False,67,35
558.0,0.984172,6.4344087,1.9091151,1.2666667,0.9637305699481865,0.5635348036924509,56.664266899593365,45,0.37849462,1,False,67,36
614.0,0.97506106,2.8286643,0.83927613,0.93333334,0.9684542586750788,0.7349222981284815,46.680248658623775,45,0.16639203,1,False,67,37
438.0,0.9624113,3.3940637,1.0070324,1.2,0.9711751662971175,0.5420537765450536,76.98422780487036,45,0.19965081,1,False,67,38
599.0,0.97039664,2.8625486,0.84932977,1.0,0.9599358974358975,0.5922620362047827,63.83550027629244,45,0.16838521,1,False,67,39
426.0,0.9703168,2.8211267,0.8370397,1.0666667,0.9594594594594594,0.7151957093521293,83.4820832578334,45,0.16594863,1,False,67,40
695.0,0.9686671,3.2264748,0.9573081,1.3333334,0.9706703910614525,0.6417662947163334,63.83550027629244,45,0.18979263,1,False,67,41
808.0,0.97937375,4.2393565,1.2578342,1.0,0.9699879951980792,0.5448410043900902,99.37817387453728,45,0.24937391,1,False,67,42
694.0,0.97643864,3.7891452,1.1242547,1.0,0.9679218967921897,0.5829821368430919,99.37817387453728,45,0.2228909,1,False,67,43
584.0,0.9755224,3.4130137,1.012655,0.8,0.9652892561983472,0.8175024859333923,146.3407853260554,45,0.2007655,1,False,67,44
447.0,0.9725929,2.7673378,0.8210803,0.8,0.9781181619256017,0.8762960465879943,146.3407853260554,45,0.16278458,0,True,67,45
561.0,0.9281756,1.4966936,1.0,1.0,0.9557069846678024,0.5430770464514263,2000.0,1,0.18195099,1,False,69,1
320.0,0.9681778,2.7141826,1.1393459,1.2307693,0.9696969696969697,0.9545332228388322,289.26761792014617,12,0.2767402,0,True,70,1
629.0,0.9806667,2.4985936,1.048847,1.1923077,0.9573820395738204,0.8419114408530808,353.3995834382879,12,0.25475857,1,False,70,2
882.0,0.98097366,2.676173,1.1233904,1.3076923,0.9702970297029703,0.3822268035743977,64.62718913391089,12,0.2728647,1,False,70,3
612.0,0.96577406,2.2244847,0.93378294,1.2307693,0.9547581903276131,0.8357617949881122,64.62718913391089,12,0.2268102,1,False,70,4
690.0,0.9658918,1.8777592,0.78823626,1.1538461,0.967741935483871,0.7351191098518584,220.81769972968945,12,0.19145781,1,False,70,5
705.0,0.96693057,1.9418985,0.81516033,1.1923077,0.9604904632152589,0.6470799436848002,118.52210601747511,12,0.1979975,1,False,70,6
597.0,0.9732435,2.0982478,0.88079184,1.1923077,0.9707317073170731,0.7670577619755115,187.31225974377463,12,0.21393898,1,False,70,7
325.0,0.91171277,2.1039052,0.88316673,1.1923077,0.975975975975976,0.6583932527533485,133.05405697849898,12,0.21451584,1,False,70,8
784.0,0.98222446,2.8573391,1.1994394,1.1538461,0.966707768187423,0.6865225445260779,133.05405697849898,12,0.29133654,1,False,70,9
457.0,0.97905415,2.2658644,0.9511531,1.0769231,0.9723404255319149,0.6263657774173539,462.7111178592847,12,0.2310293,0,True,70,10
1052.0,0.9893404,4.005594,1.681448,1.6153846,0.9740740740740741,0.5673759353586567,371.63852328655213,12,0.4084135,1,False,70,11
919.0,0.98520917,2.6108649,1.0959756,1.1538461,0.9714587737843552,0.6164759165083622,239.93437726936645,12,0.26620582,1,False,70,12
778.0,0.9553838,1.3869733,1.0047332,1.1086956,0.9688667496886675,0.6930518966976369,482.3752020864359,4,0.2501991,1,False,71,1
556.0,0.9494954,1.3739053,0.99526674,0.9130435,0.9439728353140917,0.8628918270971049,490.91825783797856,4,0.24784173,0,False,71,2
468.0,0.9508004,1.2662115,0.9172526,0.9130435,0.9629629629629629,0.8032260161760956,603.4284100130138,4,0.22841462,1,False,71,3
742.0,0.980041,1.4131607,1.0237036,0.95652175,0.9674054758800521,0.8350031535939287,482.3752020864359,4,0.2549231,1,False,71,4
735.0,0.9751887,1.7123872,1.0184289,1.1162791,0.9735099337748344,0.5645717041909181,62.725710807832556,16,0.2887555,1,False,72,1
595.0,0.9503824,1.7951925,1.0676768,1.255814,0.967479674796748,0.8178568152658796,281.3362845920644,16,0.30271873,0,False,72,2
575.0,0.9756479,1.7285339,1.0280321,1.1162791,0.964765100671141,0.36515289992051636,62.725710807832556,16,0.29147828,1,False,72,3
780.0,0.98113483,1.8628205,1.107898,1.0930233,0.9798994974874372,0.8072075019990584,80.21967270746674,16,0.31412268,1,False,72,4
495.0,0.8925337,1.5331454,0.9118263,1.1162791,0.94106463878327,0.8331603348791488,80.21967270746674,16,0.2585304,0,False,72,5
631.0,0.9820009,1.9072716,1.1343349,1.0930233,0.9677914110429447,0.43472082615964347,157.2108174934091,16,0.32161835,1,False,72,6
350.0,0.96089566,1.664186,0.98976165,1.0930233,0.9695290858725761,0.8678531564018608,123.98569022926644,16,0.28062743,0,True,72,7
483.0,0.9066453,1.4742645,0.87680733,1.1395348,0.9470588235294117,0.7902025917517548,167.16675708293633,16,0.24860147,0,False,72,8
641.0,0.9515177,1.5012517,0.89285773,1.0930233,0.9726858877086495,0.6568450323395727,142.79781868706166,16,0.25315225,0,False,72,9
528.0,0.94850296,1.5856678,0.9430636,1.1395348,0.9688073394495413,0.6793820123717274,123.98569022926644,16,0.26738712,0,False,72,10
943.0,0.9707109,1.6700535,0.99325126,1.0930233,0.9731682146542827,0.5427786572674141,107.82241172474033,16,0.28161687,0,False,72,11
763.0,0.97673976,1.7402543,1.0350027,1.1627907,0.9609571788413098,0.4986463674700984,167.16675708293633,16,0.29345465,1,False,72,12
625.0,0.9674195,1.6101582,0.957629,1.0930233,0.9704968944099379,0.696974518008087,107.82241172474033,16,0.27151686,1,False,72,13
941.0,0.97581065,1.7270839,1.0271697,1.0930233,0.9751295336787564,0.28848530410794176,224.12832785767333,16,0.29123378,0,True,72,14
727.0,0.96886283,1.6927482,1.0067488,1.1395348,0.9719251336898396,0.6537865634215553,172.873874868521,16,0.2854438,0,False,72,15
1018.0,0.9734539,1.6123726,0.95894605,1.0232558,0.9760306807286673,0.6179953565429716,172.873874868521,16,0.27189028,0,False,72,16
847.0,0.9740583,1.7151086,0.9770905,1.3030303,0.9702176403207331,0.6056631987327032,545.1917068277925,8,0.22195522,0,False,73,1
913.0,0.9791991,1.9293371,1.0991356,1.1212121,0.972310969116081,0.5944819618770719,343.0642777439847,8,0.24967892,1,False,73,2
840.0,0.98105645,2.0094876,1.144797,1.1212121,0.9666283084004603,0.7677030173008781,343.0642777439847,8,0.26005134,1,False,73,3
580.0,0.96421486,1.6218914,0.923985,0.93939394,0.9634551495016611,0.7392493787241007,160.4057566301842,8,0.20989183,1,False,73,4
946.0,0.9864773,2.345634,1.3362982,1.1818181,0.9782833505687694,0.6014630441047021,474.26830366404107,8,0.30355263,1,False,73,5
839.0,0.98294914,1.7955358,1.0229095,1.030303,0.9733178654292344,0.7441351926476958,160.4057566301842,8,0.23236346,1,False,73,6
707.0,0.9716845,1.4232996,0.810848,0.8787879,0.9724896836313618,0.6570773656831672,414.46423439098606,8,0.1841917,1,False,73,7
768.0,0.9701843,1.5278567,0.87041384,1.0,0.9636135508155583,0.7219949048367568,459.7080837620231,8,0.19772263,1,False,73,8
903.0,0.98291284,2.4334717,1.2799138,1.125,0.9668094218415417,0.4581312600447017,215.77844915523033,9,0.38172105,1,False,74,1
352.0,0.91488785,1.9478693,1.0245054,1.325,0.9696969696969697,0.5590413193406988,215.77844915523033,9,0.30554813,1,False,74,2
785.0,0.9629149,1.6207325,0.8524439,1.125,0.9703337453646477,0.6943575683433418,328.21460638682726,9,0.25423256,1,False,74,3
591.0,0.97872216,2.301269,1.2103802,1.0,0.9656862745098039,0.5252133900978004,240.85785290689776,9,0.36098337,1,False,74,4
587.0,0.97828186,1.9012778,1.0,1.125,0.9591503267973857,0.7478169318881127,240.85785290689776,9,0.29823965,1,False,74,5
1022.0,0.98770124,2.97659,1.5655735,1.125,0.9733333333333334,0.3279930407111311,205.23826926080778,9,0.46691608,1,False,74,6
623.0,0.9782217,1.6747191,0.88083875,1.0,0.9643962848297214,0.75586559227465,205.23826926080778,9,0.26270103,1,False,74,7
701.0,0.9785184,1.4451141,0.7600752,0.9,0.9682320441988951,0.560795031541102,412.84758809433,9,0.22668457,1,False,74,8
828.0,0.9823564,1.3199577,0.6942477,0.75,0.9798816568047337,0.7807514474751944,232.31085864256397,9,0.20705219,1,False,74,9
542.0,0.9687581,1.8526444,1.110492,1.3,0.9695885509838998,0.7933969166322834,227.45999961131994,8,0.21795817,1,False,75,1
514.0,0.9629068,1.7977302,1.0775759,1.2333333,0.9716446124763705,0.6844018816384052,227.45999961131994,8,0.21149768,1,False,75,2
491.0,0.9574569,1.8025798,1.0804827,1.1666666,0.9703557312252964,0.7291565539602222,252.51600961457154,8,0.2120682,1,False,75,3
654.0,0.97193575,1.5388889,0.9224241,0.9,0.9688888888888889,0.7189425364213011,209.9978412320456,8,0.18104576,1,False,75,4
431.0,0.9075506,1.4532869,0.8711134,1.0,0.9514348785871964,0.843839665920738,209.9978412320456,8,0.17097493,1,False,75,5
582.0,0.97329134,1.4075601,0.8437044,0.9,0.9635761589403974,0.661570765289145,126.07948330939283,8,0.16559531,1,False,75,6
457.0,0.9628255,1.4929249,0.89487284,0.8666667,0.9600840336134454,0.6030828099992629,126.07948330939283,8,0.17563823,1,False,75,7
699.0,0.9837505,2.044826,1.2256874,0.9,0.9817415730337079,0.8110817729063949,498.17124512663327,8,0.24056776,1,True,75,8
744.0,0.9645806,2.2777088,1.0658866,1.3076923,0.9674902470741222,0.7589946255476038,198.1775882756587,10,0.23223698,0,False,76,1
1180.0,0.97624886,2.1408083,1.0018221,1.2692307,0.9735973597359736,0.6364535112848728,198.1775882756587,10,0.2182785,1,False,76,2
769.0,0.9630525,2.1987596,1.0289412,1.3846154,0.9660804020100503,0.7582545882733803,274.8653923775217,10,0.22418725,1,False,76,3
1267.0,0.9834925,2.5859084,1.210113,1.2692307,0.976869699306091,0.5247130112262208,266.1722394641498,10,0.26366127,1,False,76,4
902.0,0.9802701,1.9526693,0.9137797,1.0769231,0.9730312837108953,0.6663780562796563,56.55485150493617,10,0.1990957,1,False,76,5
1022.0,0.97459793,1.8785564,0.87909746,1.0769231,0.9733333333333334,0.6839840500685439,56.55485150493617,10,0.19153908,1,False,76,6
994.0,0.9809069,2.2950008,1.0739787,1.1538461,0.9735553379040157,0.6337479265616922,112.40537665243151,10,0.23400009,1,False,76,7
1110.0,0.9808062,2.1330214,0.99817806,1.1923077,0.9736842105263158,0.5596675356924604,112.40537665243151,10,0.21748453,1,False,76,8
884.0,0.96554637,1.5758789,0.7374552,0.96153843,0.973568281938326,0.5604037026709777,455.30169170594417,10,0.16067785,1,False,76,9
843.0,0.98006505,1.8282689,0.8555647,1.0384616,0.9700805523590333,0.6978339294651045,409.87532628293206,10,0.18641174,1,False,76,10
746.0,0.97815824,1.9567293,1.0,1.08,0.9726205997392438,0.16135105888110957,413.7808698401431,7,0.19183621,1,False,77,1
948.0,0.9808272,1.8993671,0.97068465,1.12,0.977319587628866,0.39630504781159326,405.5147834847506,7,0.18621245,1,False,77,2
1102.0,0.98337936,2.2929583,1.1718321,1.04,0.9726390114739629,0.7094733317071835,173.05804952550196,7,0.22479983,1,False,77,3
1104.0,0.96325904,2.2678623,1.1590067,1.32,0.9744042365401588,0.7540527940623531,173.05804952550196,7,0.22233944,1,False,77,4
505.0,0.96425974,1.4178218,0.7245876,0.68,0.9637404580152672,0.6344127297770739,612.7681748136537,7,0.13900214,0,False,77,5
739.0,0.9789233,1.5643301,0.79946166,0.84,0.9660130718954248,0.8125272308801254,271.26442073755294,7,0.1533657,1,False,77,6
548.0,0.91916096,2.050803,1.048077,1.24,0.9547038327526133,0.8285596184900339,248.2211312159777,7,0.2010591,0,False,77,7
962.0,0.97257197,1.707664,1.0176502,1.1363636,0.961038961038961,0.5855845483272448,108.51428927009556,6,0.29465574,1,False,78,1
746.0,0.9701239,1.648428,0.9823497,1.1590909,0.9576379974326059,0.6086396860205735,108.51428927009556,6,0.28443462,1,False,78,2
849.0,0.9808265,2.2137005,1.3192133,1.1590909,0.963677639046538,0.5450841057065215,480.1634174317302,6,0.38197187,1,False,78,3
342.0,0.81379354,1.5242558,0.9083516,1.2272727,0.6881287726358148,0.8843087393939986,284.1235455650931,6,0.26300883,0,False,78,4
887.0,0.9834381,1.8650712,1.1114541,1.0,0.9683406113537117,0.8153413360405001,284.1235455650931,6,0.3218162,1,False,78,5
878.0,0.98021346,1.5408988,0.9182697,0.8636364,0.9680264608599779,0.8220105833971502,484.85142045386874,6,0.26588055,1,False,78,6
778.0,0.97875726,1.9042417,0.92948353,1.1333333,0.9773869346733668,0.5084891781726194,249.98815709773217,24,0.22402844,1,False,79,1
683.0,0.97702146,1.9447535,0.94925785,1.2,0.9715504978662873,0.5540207485076342,130.24010325515434,24,0.22879453,1,False,79,2
838.0,0.97308916,2.170724,1.0595567,1.2,0.9710312862108922,0.4751840518559632,207.50111442845338,24,0.2553793,1,False,79,3
826.0,0.9829728,1.8660209,0.9108275,1.0666667,0.9809976247030879,0.7412859194595771,130.24010325515434,24,0.21953188,1,False,79,4
744.0,0.97502875,1.6672491,0.81380457,0.96666664,0.9649805447470817,0.7145242342444308,279.87293933920444,24,0.19614695,1,False,79,5
512.0,0.91458035,1.8953776,0.9251569,1.2333333,0.9660377358490566,0.7522057976044717,133.34216481187875,24,0.2229856,1,False,79,6
874.0,0.9772441,2.185431,1.0667355,1.1666666,0.9646799116997793,0.7434078760976581,125.72604702365442,24,0.25710952,1,False,79,7
327.0,0.81780094,1.9858308,0.9693082,1.3,0.9674556213017751,0.7183657915241506,174.37929042740404,24,0.23362716,0,False,79,8
584.0,0.927675,1.8682649,0.9119229,1.2,0.9684908789386402,0.3105195851800103,113.9651851377427,24,0.21979587,1,False,79,9
907.0,0.9817118,2.049651,1.0004596,1.1,0.975268817204301,0.5313552429839126,113.9651851377427,24,0.24113539,1,False,79,10
852.0,0.9871471,2.2847416,1.1152102,1.2,0.9793103448275862,0.6517530087778082,159.27545733147699,24,0.26879314,1,False,79,11
936.0,0.97396564,2.459188,1.2003596,1.3333334,0.975,0.46485478379124484,34.55152295470749,24,0.28931624,1,False,79,12
735.0,0.9852506,3.1996827,1.561804,1.0666667,0.9735099337748344,0.4299487819990201,218.71748025949577,24,0.37643325,1,False,79,13
769.0,0.9534228,2.0477676,0.9995403,1.2666667,0.9709595959595959,0.7561620634342506,34.55152295470749,24,0.24091384,1,False,79,14
867.0,0.9830673,2.723991,1.3296131,1.2166667,0.9697986577181208,0.6903488250669045,78.5243490908724,24,0.32046953,1,False,79,15
817.0,0.98608845,2.875765,1.403696,1.2666667,0.97610513739546,0.693367316118048,180.80254557849997,24,0.3383253,1,False,79,16
576.0,0.96758103,1.979051,0.9659989,1.1666666,0.96,0.7957028809719708,78.5243490908724,24,0.23282953,1,False,79,17
1074.0,0.9788921,2.3544383,1.14923,1.2666667,0.9737080689029919,0.624784246253492,112.53569430461641,24,0.27699274,1,False,79,18
555.0,0.96158063,1.6127326,0.78719443,1.0,0.9702797202797203,0.46465739129696443,152.83873637990126,24,0.18973325,1,False,79,19
781.0,0.9806563,2.1924455,1.0701593,1.1333333,0.9713930348258707,0.6335549083557036,152.83873637990126,24,0.25793478,1,False,79,20
663.0,0.9791843,2.1818,1.0649631,1.0666667,0.9793205317577548,0.7679365557529881,155.55268523374087,24,0.25668234,1,False,79,21
724.0,0.97928715,2.033978,0.9928094,1.1333333,0.9679144385026738,0.7478831647196836,155.55268523374087,24,0.23929152,1,False,79,22
398.0,0.84717596,1.6559464,0.80828756,1.1,0.9453681710213777,0.7985727678746712,70.4268071720374,24,0.19481722,0,False,79,23
669.0,0.9852034,2.6024911,1.2703077,1.0,0.9780701754385965,0.8581519042003982,70.4268071720374,24,0.30617544,0,True,79,24
809.0,0.96923465,1.6009555,1.0586716,1.1538461,0.9688622754491018,0.7475310509682067,385.5587397904439,9,0.32646936,0,False,80,1
713.0,0.97358006,1.3566728,0.8971336,0.9807692,0.9661246612466124,0.5827755494267776,325.79578998668046,9,0.27665484,1,False,80,2
1045.0,0.9844236,2.0828118,1.3773111,1.1153846,0.9684893419833179,0.33631418773326827,216.9882028378021,9,0.42473027,1,False,80,3
985.0,0.98101604,1.556267,1.0291202,0.96153843,0.9771825396825397,0.6679538618267228,325.79578998668046,9,0.31735644,1,False,80,4
1166.0,0.98600984,2.325307,1.5376669,1.0192307,0.9732888146911519,0.7788170096676941,110.38460108886922,9,0.47418022,1,False,80,5
992.0,0.9795709,1.4492284,0.95833826,0.9230769,0.9715964740450539,0.48028146912537195,110.38460108886922,9,0.29552895,1,False,80,6
902.0,0.9729009,1.3090355,0.8656323,0.90384614,0.9751351351351352,0.6041101128509376,113.26822200834462,9,0.26694056,1,False,80,7
642.0,0.9641577,1.249311,0.8261379,0.88461536,0.963963963963964,0.6426213837274206,51.6052876168475,9,0.25476146,1,False,80,8
728.0,0.93928945,1.5122305,1.0,1.0,0.9616908850726552,0.8353052352249636,51.6052876168475,9,0.30837643,0,False,80,9
849.0,0.9725694,1.6300709,0.8592583,1.1627907,0.9647727272727272,0.7103350729530419,115.2469096011796,15,0.2748747,1,False,81,1
571.0,0.96736723,1.4951738,0.7881501,1.0465117,0.969439728353141,0.7846286415335939,240.93066282136735,15,0.25212735,0,False,81,2
778.0,0.9846424,2.5138698,1.3251346,1.2093023,0.974937343358396,0.655289504936125,396.5273407940114,15,0.42390743,1,False,81,3
759.0,0.97622603,1.6958054,0.89390886,1.1395348,0.9668789808917198,0.7182329789579699,92.67029980282811,15,0.28595933,1,False,81,4
742.0,0.98667556,2.730239,1.4391892,1.1627907,0.9724770642201835,0.7530160099967379,92.67029980282811,15,0.46039322,1,False,81,5
799.0,0.9786635,2.0388567,1.0747414,1.1162791,0.9696601941747572,0.40316044214754804,101.14060887643923,15,0.3438072,1,False,81,6
614.0,0.9578774,1.6221498,0.85508287,1.1395348,0.9623824451410659,0.5866997469382882,101.14060887643923,15,0.27353898,1,False,81,7
602.0,0.970227,2.015298,1.0623227,1.2325581,0.9709677419354839,0.6267879555373191,38.20910308944988,15,0.33983454,1,False,81,8
751.0,0.9809466,1.8970674,1.0,1.0697675,0.976592977893368,0.7578367051273628,157.46124649047078,15,0.31989765,1,False,81,9
635.0,0.98017037,2.1501923,1.1334295,1.1627907,0.9739263803680982,0.6148531971473586,38.20910308944988,15,0.36258143,1,False,81,10
749.0,0.97352266,1.9663116,1.0365006,1.1627907,0.9752604166666666,0.6359116423986504,49.507568823196344,15,0.3315741,1,False,81,11
899.0,0.9782462,2.0740874,1.0933124,1.0930233,0.9761129207383279,0.32946154379980136,148.70733523042648,15,0.34974808,1,False,81,12
515.0,0.9140208,1.5468503,0.8153903,1.0465117,0.9537037037037037,0.7961736300821423,122.06049333147844,15,0.26084143,1,False,81,13
797.0,0.975143,1.772198,0.93417764,1.0,0.9719512195121951,0.49742331126009387,122.06049333147844,15,0.29884124,1,False,81,14
433.0,0.95899117,1.333584,0.7029713,0.7906977,0.9686800894854586,0.7055227055742082,264.7738272842502,15,0.22487888,1,False,81,15
407.0,0.9704188,1.972973,0.99548894,1.0967742,0.9736842105263158,0.6852211167897982,480.2337642802338,12,0.23985162,1,False,82,1
810.0,0.97117454,2.31135,1.1662215,1.1935484,0.9529411764705882,0.9233671625835245,209.1520469052119,12,0.28098768,1,False,82,2
540.0,0.967164,2.005018,1.0116576,1.1612903,0.9660107334525939,0.7664604383274324,82.61146521446292,12,0.24374728,1,False,82,3
561.0,0.9729191,1.767811,0.89197177,1.032258,0.9672413793103448,0.8034198396212316,82.61146521446292,12,0.21491034,1,False,82,4
485.0,0.94380236,1.4256735,0.71934193,0.83870965,0.9566074950690335,0.8868728392187696,209.1520469052119,12,0.17331716,1,False,82,5
783.0,0.98022306,1.990854,1.004511,1.1129032,0.9654747225647349,0.8206652117911015,48.59600709341875,12,0.2420254,1,False,82,6
760.0,0.97521204,1.9275043,0.9725471,1.1612903,0.96569250317662,0.7286610783924815,48.59600709341875,12,0.23432405,1,False,82,7
375.0,0.895694,1.9616344,0.9897679,1.2580645,0.9282178217821783,0.8378759020253371,41.98240511516936,12,0.23847319,0,False,82,8
709.0,0.9811388,3.7691886,1.9017926,1.2258065,0.9659400544959128,0.8766339526285486,41.98240511516936,12,0.4582151,1,False,82,9
609.0,0.98132825,2.809418,1.417528,1.2580645,0.9636075949367089,0.6749194138029063,33.55304495766611,12,0.3415371,1,False,82,10
791.0,0.97458285,3.0953467,1.561797,1.3225807,0.9658119658119658,0.8148867439863478,33.55304495766611,12,0.37629706,1,False,82,11
383.0,0.96350765,1.2594963,0.63549507,0.61290324,0.9598997493734336,0.7186933541275341,427.4204247133919,12,0.15311524,1,False,82,12
767.0,0.977935,2.2643244,0.85228944,1.0526316,0.9696586599241467,0.7853934703628729,76.13810746264694,22,0.16871436,1,False,83,1
740.0,0.9703046,2.2823613,0.85907847,1.1052631,0.9711286089238845,0.41313042752182755,76.13810746264694,22,0.1700583,0,False,83,2
623.0,0.97133094,2.9243052,1.1007055,1.1578947,0.968895800933126,0.8209175807915595,176.74231945904336,22,0.2178894,1,False,83,3
801.0,0.96941996,2.6496487,0.9973251,1.3157895,0.9501779359430605,0.7683203731276083,272.4972418977412,22,0.1974248,0,False,83,4
705.0,0.97647387,2.22053,0.8358053,1.2105263,0.9737569060773481,0.6739381366433447,276.70097181777425,22,0.16545126,1,False,83,5
637.0,0.97969913,3.264232,1.2286537,1.1578947,0.9680851063829787,0.7281351947828226,49.57669383351658,22,0.24321729,1,False,83,6
610.0,0.97182214,2.5035377,0.94232905,1.2105263,0.9651898734177216,0.797747770593914,126.35174115743112,22,0.1865381,1,False,83,7
698.0,0.9771781,3.110466,1.1707762,1.1578947,0.9587912087912088,0.8180199605508379,49.57669383351658,22,0.23176022,1,False,83,8
747.0,0.9829579,3.6375675,1.3691767,1.1052631,0.9688715953307393,0.8132372784320487,160.08893407504627,22,0.27103445,1,False,83,9
420.0,0.9571719,3.5645363,1.3416879,1.3684211,0.967741935483871,0.773376077889444,104.88648932425372,22,0.2655929,0,False,83,10
811.0,0.9739248,2.7213967,1.024331,1.2631578,0.9574970484061394,0.6786178102358819,99.43051376541258,22,0.20277072,1,False,83,11
688.0,0.9776569,2.6638618,1.0026749,1.1578947,0.9622377622377623,0.80493983517799,104.88648932425372,22,0.19848381,1,False,83,12
636.0,0.9757802,2.6274412,0.9889662,1.0,0.9709923664122138,0.8006545568414091,99.43051376541258,22,0.19577013,1,False,83,13
634.0,0.9753426,2.2947037,0.8637242,1.1052631,0.9723926380368099,0.4362658536561821,159.13800532225346,22,0.17097792,1,False,83,14
764.0,0.982604,2.8213007,1.0619348,1.0526316,0.9732484076433121,0.7543358626938188,144.15413945206816,22,0.21021456,1,False,83,15
772.0,0.98438954,3.4614124,1.3028722,1.0526316,0.9772151898734177,0.5879618469309285,45.75780740111548,22,0.25790918,1,False,83,16
704.0,0.9815168,2.7269738,1.0264302,1.0,0.9723756906077348,0.5403822256611839,45.75780740111548,22,0.20318627,1,False,83,17
634.0,0.96209353,1.9891251,0.74870473,0.8947368,0.9649923896499238,0.8619432719377613,144.9036627598414,22,0.14820932,0,False,83,18
1155.0,0.97864455,2.7912965,1.0506412,1.1052631,0.9681475272422464,0.7488563814329405,144.15413945206816,22,0.20797895,1,False,83,19
582.0,0.9775483,2.428468,0.91407293,0.8947368,0.9651741293532339,0.423220554760582,172.1456115746603,22,0.18094468,1,False,83,20
671.0,0.974466,2.2612755,0.85114187,0.8947368,0.9696531791907514,0.8076263538711259,172.1456115746603,22,0.16848719,1,False,83,21
303.0,0.95001805,2.229981,0.8393626,1.0526316,0.9774193548387097,0.5355359880084005,314.0687026005083,22,0.16615544,0,True,83,22
688.0,0.9737102,1.8946222,1.1660124,1.1944444,0.9595536959553695,0.8066281863669046,1081.9784967130506,3,0.26747608,1,False,84,1
1094.0,0.97642326,1.624873,1.0,0.9722222,0.975914362176628,0.5530373271221926,462.88546514988207,3,0.22939384,1,False,84,2
891.0,0.9727642,1.4993453,0.9227461,1.0277778,0.972707423580786,0.5308377023093338,462.88546514988207,3,0.21167229,1,False,84,3
537.0,0.95572823,2.0652578,1.0,1.173913,0.9658273381294964,0.6189126897390493,2000.0,1,0.18627816,1,False,85,1
412.0,0.8853369,2.2289646,0.92142236,1.2666667,0.944954128440367,0.6831125140690711,187.3872389421037,7,0.13111556,1,False,86,1
426.0,0.9551905,2.4632237,1.0182618,1.0666667,0.9573033707865168,0.3209581827281274,316.50690926915985,7,0.14489551,1,False,86,2
374.0,0.97073835,3.2786098,1.3553308,1.2666667,0.9664082687338501,0.6094990747880557,876.8748156991672,7,0.1928594,1,False,86,3
434.0,0.9515049,2.4190476,1.0,1.2,0.970917225950783,0.6180489678284589,187.3872389421037,7,0.14229691,1,False,86,4
531.0,0.95992786,2.3032014,0.9521108,1.2,0.9725274725274725,0.5910338146230887,277.7045373892128,7,0.13548245,1,False,86,5
452.0,0.9678469,2.706932,1.1190073,1.1333333,0.9678800856531049,0.5539445366895636,377.00020023709857,7,0.1592313,1,False,86,6
312.0,0.8454512,2.272222,0.9393044,1.2666667,0.9454545454545454,0.463269673233966,377.00020023709857,7,0.13366012,0,False,86,7
691.0,0.9762509,1.868927,1.0113057,1.0857143,0.9705056179775281,0.8223888109445698,98.24828235468856,7,0.2565194,1,False,87,1
712.0,0.97884685,1.8480338,1.0,1.1714286,0.967391304347826,0.673772667614648,98.24828235468856,7,0.2536517,1,False,87,2
692.0,0.97570235,1.8695292,1.0116315,1.1142857,0.9732770745428974,0.7952348560338058,253.77416998619137,7,0.25660205,1,False,87,3
755.0,0.982698,2.1940207,1.1872189,1.0285715,0.9654731457800512,0.7437671762156891,496.8833659816265,7,0.3011401,1,False,87,4
559.0,0.949072,1.5816509,0.855856,0.9714286,0.9637931034482758,0.5947879982148508,253.77416998619137,7,0.21708934,1,False,87,5
400.0,0.8761255,1.2995714,0.7032184,0.82857144,0.963855421686747,0.7403074851631576,285.7140853491179,7,0.17837255,1,False,87,6
517.0,0.97367156,1.4214424,0.76916474,0.9142857,0.9736346516007532,0.6128748818778648,384.12968845410455,7,0.19509993,1,False,87,7
813.0,0.98081106,1.9093788,1.0745355,1.025,0.9632701421800948,0.7259599320037666,175.97028638907952,10,0.2995104,1,False,88,1
558.0,0.8183392,1.6444893,0.92546445,1.225,0.9346733668341709,0.6428196995014146,388.4969610018789,10,0.2579591,0,False,88,2
662.0,0.9861917,2.0854983,1.1736498,1.075,0.9792899408284024,0.3530237515488218,169.2552116076219,10,0.32713702,1,False,88,3
1024.0,0.98393536,1.9471436,1.0957884,1.125,0.9696969696969697,0.8179892218423952,388.4969610018789,10,0.3054343,1,False,88,4
723.0,0.98341197,1.9739281,1.1108618,1.0,0.9757085020242915,0.7122680505756938,238.18988365945435,10,0.3096358,1,False,88,5
825.0,0.9708156,1.4702424,0.827404,1.075,0.9637850467289719,0.7471422310516758,169.2552116076219,10,0.23062626,0,False,88,6
805.0,0.9732543,1.5484161,0.8713977,0.95,0.9698795180722891,0.5440936618003718,152.33405822120176,10,0.24288881,1,False,88,7
349.0,0.8482928,1.1417621,0.6425462,0.925,0.8192488262910798,0.6884901090243538,152.33405822120176,10,0.17909995,0,False,88,8
696.0,0.9628927,1.4324353,0.8061274,1.025,0.9613259668508287,0.7674832339485947,371.4633703938509,10,0.22469574,1,False,88,9
676.0,0.9845556,2.000111,1.1255968,1.025,0.9712643678160919,0.739036749055675,446.5853023745602,10,0.3137429,1,False,88,10
807.0,0.981481,2.0055032,1.0,1.2058823,0.9711191335740073,0.6361888483699258,2000.0,1,0.26740044,1,False,89,1
452.0,0.97137827,2.147419,1.145895,1.1,0.9720430107526882,0.8419704045219751,781.7091057194625,6,0.25263754,0,True,90,1
644.0,0.95699257,1.9151655,1.0219611,1.2666667,0.9640718562874252,0.8405259200092812,281.1594012304861,6,0.2253136,1,False,90,2
970.0,0.9716404,2.359347,1.258983,1.3333334,0.970970970970971,0.6686538424135187,281.1594012304861,6,0.27757025,0,False,90,3
672.0,0.9642145,1.7613591,0.93988764,1.1666666,0.9655172413793104,0.7954170064249013,431.6751115354073,6,0.20721872,1,False,90,4
697.0,0.974774,1.8328551,0.97803897,1.0666667,0.9721059972105998,0.682797691216769,458.5319557909454,6,0.21563001,1,False,90,5
310.0,0.958085,1.7009678,0.9076619,1.0333333,0.9748427672955975,0.7756639357476088,431.6751115354073,6,0.20011386,0,True,90,6
732.0,0.9698473,2.836254,1.4111011,2.137931,0.9747003994673769,0.6139798052368137,630.283749467909,7,0.32255438,0,False,91,1
750.0,0.9710827,1.897977,0.9442869,1.3103448,0.9664948453608248,0.15376083590152678,161.27803092609213,7,0.21584836,1,False,91,2
634.0,0.9791964,2.4224954,1.2052467,1.3448275,0.9738863287250384,0.7721230893080154,161.27803092609213,7,0.27549946,1,False,91,3
419.0,0.9328083,2.009958,1.0,1.3793104,0.95662100456621,0.5375546989346938,431.7389619933675,7,0.22858347,1,False,91,4
509.0,0.9668276,1.756385,0.87384164,1.137931,0.9658444022770398,0.6584914561112234,216.29570139140344,7,0.19974574,1,False,91,5
893.0,0.98160225,2.9569833,1.4711667,1.1896552,0.9748908296943232,0.7647218919166743,235.05357891969922,7,0.33628437,1,False,91,6
713.0,0.9754606,1.9051603,0.9478607,1.1034483,0.9648173207036536,0.7907774233764117,307.8076349037705,7,0.2166653,1,False,91,7
727.0,0.9775874,1.5824239,1.0,1.0888889,0.9732262382864793,0.6581891681894717,233.2811300631556,9,0.27925128,1,False,92,1
748.0,0.9752308,1.8968806,1.1987183,1.1111112,0.9639175257731959,0.716513170480786,233.2811300631556,9,0.33474365,1,False,92,2
713.0,0.95383245,1.541842,0.97435457,1.1333333,0.9583333333333334,0.6740253777976849,138.83765224895643,9,0.27208975,0,False,92,3
633.0,0.96917737,1.6318063,1.0312067,1.1555556,0.9649390243902439,0.843672045103552,138.83765224895643,9,0.2879658,1,False,92,4
447.0,0.9274132,1.5536664,0.9818269,1.2,0.9654427645788337,0.8114717489744677,174.78801369979354,9,0.27417642,1,False,92,5
774.0,0.9753418,1.3633649,0.86156744,0.95555556,0.9699248120300752,0.498713786805779,791.6813351069825,9,0.2405938,1,False,92,6
633.0,0.9705689,1.6889942,1.0673462,1.0222223,0.975346687211094,0.6014580511281339,410.61576964121343,9,0.2980578,1,False,92,7
646.0,0.9636586,1.2968352,0.8195245,0.93333334,0.9656203288490284,0.7084753732578614,227.84108050306062,9,0.22885329,0,False,92,8
1351.0,0.9778065,1.6454642,1.0398378,0.8888889,0.97264218862491,0.431164088659861,227.84108050306062,9,0.29037604,1,False,92,9
823.0,0.97850794,2.0857995,1.1055701,1.032258,0.9693757361601885,0.725498658908113,357.9031147278618,12,0.25356779,1,False,93,1
712.0,0.9797363,2.0702245,1.0973146,1.032258,0.967391304347826,0.7309365958826535,613.6822408990045,12,0.25167435,1,False,93,2
536.0,0.90972173,1.8632643,0.9876162,1.2258065,0.9675090252707581,0.507388388680658,200.06948396268652,12,0.22651447,0,False,93,3
786.0,0.9799289,1.9775096,1.0481714,1.1290323,0.9727722772277227,0.5256778149687448,199.00011054785568,12,0.24040313,1,False,93,4
636.0,0.9616223,1.3502232,0.71568066,0.9032258,0.9636363636363636,0.6537545800016287,200.06948396268652,12,0.16414478,0,False,93,5
1046.0,0.97333217,1.7859125,0.9466161,1.0645162,0.967622571692877,0.6140245900415174,199.00011054785568,12,0.21711093,0,False,93,6
854.0,0.9881486,2.9725769,1.575603,1.1290323,0.9693530079455165,0.69995766684047,153.11957170779007,12,0.36137208,1,False,93,7
739.0,0.96922636,1.9099917,1.0123838,1.0967742,0.9685452162516383,0.5606844895457143,148.44768234652489,12,0.23219508,0,False,93,8
677.0,0.9267189,1.9979035,1.0589811,1.2903225,0.9657631954350927,0.6249865447762283,153.11957170779007,12,0.24288239,0,False,93,9
600.0,0.93486327,1.5749463,0.8347943,1.0,0.966183574879227,0.48105791010296217,148.44768234652489,12,0.19146405,0,False,93,10
709.0,0.97479117,1.4570727,0.77231586,0.7741935,0.9659400544959128,0.32883360885698826,319.4088590811471,12,0.17713434,1,False,93,11
463.0,0.9508207,1.5322928,0.812186,1.0,0.9726890756302521,0.38968663390800856,444.5657647155423,12,0.18627875,0,False,93,12
963.0,0.9811477,1.9428563,1.1774547,1.117647,0.9737108190091001,0.7225933470110378,343.537388970209,13,0.2590475,1,False,94,1
1058.0,0.9824948,2.0616868,1.2494711,1.117647,0.9733210671573137,0.72564499757847,45.90743819962148,13,0.2748916,1,False,94,2
1027.0,0.97228587,1.8012773,1.0916517,1.1470588,0.9716177861873226,0.6824522780381834,45.90743819962148,13,0.2401703,1,False,94,3
1079.0,0.9865458,2.1619146,1.3102134,0.88235295,0.9694519317160827,0.4032921245776777,280.90435841227804,13,0.28825527,1,False,94,4
751.0,0.97949415,2.0540066,1.2448165,1.1470588,0.9740596627756161,0.48917052695881125,100.35712601608135,13,0.27386752,1,False,94,5
679.0,0.962293,1.6500477,1.0,1.0588236,0.9617563739376771,0.6859999498814342,328.9572046934155,13,0.22000635,1,False,94,6
786.0,0.9650376,1.4726089,0.89246446,1.0,0.9727722772277227,0.5708131514335596,100.35712601608135,13,0.19634785,0,False,94,7
1108.0,0.9735817,1.4363984,0.87051934,0.7647059,0.9787985865724381,0.5194965785167385,280.90435841227804,13,0.19151978,1,False,94,8
755.0,0.98325807,2.0148811,1.2211049,1.0588236,0.975452196382429,0.7024798188880796,91.2662687343063,13,0.26865083,1,False,94,9
907.0,0.97064173,1.477398,0.8953669,1.0294118,0.976318622174381,0.5887549130276796,135.13756588110192,13,0.1969864,1,False,94,10
857.0,0.9729668,1.4380534,0.8715223,0.9411765,0.9661781285231116,0.5123011415468941,209.6579228125063,13,0.19174045,1,False,94,11
854.0,0.98186785,1.5405359,0.9336312,0.85294116,0.9726651480637813,0.7308647253507427,209.6579228125063,13,0.20540479,1,False,94,12
603.0,0.93846035,1.5488245,0.9386544,1.117647,0.963258785942492,0.7557178459721846,91.2662687343063,13,0.20650993,0,False,94,13
638.0,0.98117745,2.7495818,1.5403839,1.2666667,0.9652042360060514,0.602496468463196,435.2899083859407,12,0.32348022,1,False,95,1
641.0,0.9472961,1.8248049,1.022301,1.2666667,0.9712121212121212,0.5874993477154773,435.2899083859407,12,0.21468294,1,False,95,2
833.0,0.9684235,1.8852742,1.0561774,1.1,0.9754098360655737,0.6105828640878802,267.3336239626652,12,0.22179696,1,False,95,3
785.0,0.9747587,1.9854777,1.1123139,1.1333333,0.9703337453646477,0.5181654978820909,79.18439388471755,12,0.23358561,1,False,95,4
700.0,0.9544273,1.7451904,0.9776989,1.1333333,0.958904109589041,0.4141809208592945,79.18439388471755,12,0.20531651,1,False,95,5
721.0,0.97509086,1.6338881,0.91534466,0.8666667,0.9716981132075472,0.7491278862806934,95.36806630646797,12,0.19222213,1,False,95,6
682.0,0.97814834,1.7201858,0.96369076,0.9,0.9742857142857143,0.5865685809121614,88.05303903425414,12,0.20237479,1,False,95,7
895.0,0.97047347,1.6836127,0.9432016,0.8666667,0.9686147186147186,0.667337196627555,88.05303903425414,12,0.19807208,1,False,95,8
580.0,0.9808341,2.6483908,1.4836942,1.1,0.9634551495016611,0.6676945282757488,271.4898977918763,12,0.31157538,1,False,95,9
752.0,0.9555716,1.6178634,0.90636724,1.0333333,0.9766233766233766,0.7391097312998832,271.4898977918763,12,0.19033688,1,False,95,10
820.0,0.98020434,1.4644309,0.82041055,0.76666665,0.9715639810426541,0.6055578266504343,152.8196540400238,12,0.17228599,1,False,95,11
785.0,0.9795034,2.530998,1.4179279,1.0,0.9715346534653465,0.6742308904076163,281.3096288679883,12,0.29776448,1,False,95,12
748.0,0.95142317,2.4353833,0.97039855,1.3888888,0.9664082687338501,0.6529125814050853,342.64666477712564,30,0.1719094,1,False,96,1
679.0,0.97759587,2.5347733,1.0100013,1.1666666,0.9658605974395448,0.6809186184189253,209.4492551899616,30,0.17892517,1,False,96,2
604.0,0.9694929,2.2424576,0.8935257,1.3333334,0.9664,0.5773408280573358,128.4155232260655,30,0.15829113,1,False,96,3
709.0,0.9723918,3.1412787,1.2516683,1.3888888,0.9607046070460704,0.7350357367870481,46.54678029961325,30,0.22173733,1,False,96,4
553.0,0.97133976,2.751758,1.0964607,1.2222222,0.9701754385964912,0.7199616441169572,128.4155232260655,30,0.19424175,1,False,96,5
978.0,0.97738826,2.959214,1.1791232,1.3888888,0.9702380952380952,0.6970827786960336,128.66678426701964,30,0.20888568,1,False,96,6
553.0,0.97099185,3.068515,1.2226751,1.2777778,0.9550949913644214,0.8169831103640888,46.54678029961325,30,0.21660107,1,False,96,7
426.0,0.9017787,2.7222223,1.0846919,1.3888888,0.9383259911894273,0.8534227788674409,176.64018914276758,30,0.19215687,1,False,96,8
706.0,0.97760963,2.820428,1.1238227,1.1666666,0.9751381215469613,0.7092444565675261,110.54486279303809,30,0.19908904,1,False,96,9
843.0,0.9842215,3.5588505,1.4180533,1.2777778,0.972318339100346,0.7245087235170854,110.54486279303809,30,0.25121298,1,False,96,10
304.0,0.9304392,2.2679093,0.9036671,1.1666666,0.9559748427672956,0.6834002082698163,115.63534757315668,30,0.16008772,1,False,96,11
671.0,0.9830557,4.537175,1.8078748,1.3333334,0.9668587896253602,0.7210922091536647,69.86961699740773,30,0.3202712,1,False,96,12
621.0,0.9750678,2.4552693,0.97832227,1.1111112,0.9779527559055118,0.46571696950485864,144.9300648186465,30,0.17331313,1,False,96,13
587.0,0.9585169,2.3911602,0.9527775,1.3888888,0.9686468646864687,0.737029002411854,108.0230095460966,30,0.16878779,1,False,96,14
659.0,0.97172785,2.5680323,1.0232536,1.3888888,0.966275659824047,0.5074015772165782,30.84613921507342,30,0.18127288,1,False,96,15
751.0,0.9753161,2.8330374,1.128847,1.2777778,0.9740596627756161,0.769533414660026,30.84613921507342,30,0.19997911,1,False,96,16
569.0,0.9704834,2.4845734,0.9899987,1.2777778,0.9726495726495726,0.7776579180728936,44.22913546867153,30,0.17538165,1,False,96,17
387.0,0.9362812,2.051536,0.8174514,1.1111112,0.9602977667493796,0.2983895986143232,144.9300648186465,30,0.14481431,1,False,96,18
700.0,0.9818596,3.2553968,1.2971396,1.2222222,0.9615384615384616,0.7509380039314584,130.08880324146583,30,0.22979271,1,False,96,19
1003.0,0.9803894,3.654481,1.456158,1.3888888,0.9737864077669903,0.7857504790863,84.13303100744194,30,0.25796336,1,False,96,20
633.0,0.95499325,2.0937335,0.83426535,0.9444444,0.9738461538461538,0.7343894434316631,161.7277430491649,30,0.14779295,1,False,96,21
565.0,0.9510405,2.1249754,0.84671396,1.2222222,0.9724612736660929,0.757644547023601,159.4927467892881,30,0.14999826,1,False,96,22
512.0,0.95853424,1.9084201,0.7604257,0.8888889,0.9678638941398866,0.5958506808062717,77.29477470616948,30,0.13471201,1,False,96,23
762.0,0.98002213,3.0068533,1.1981055,1.0555556,0.9694656488549618,0.7934042605400055,114.69710765178162,30,0.21224847,1,False,96,24
869.0,0.9712352,2.6903849,1.072006,1.3888888,0.9709497206703911,0.7507365838769353,73.49758718688028,30,0.18990952,1,False,96,25
697.0,0.97672576,2.0541208,0.8184813,0.8888889,0.9775596072931276,0.5773499615385811,114.69710765178162,30,0.14499676,1,False,96,26
557.0,0.9531084,1.9212049,0.7655199,0.9444444,0.9620034542314335,0.6136866180795092,77.29477470616948,30,0.13561447,1,False,96,27
650.0,0.97581583,2.3622222,0.94124687,1.1111112,0.9687034277198212,0.7136313194993088,73.49758718688028,30,0.1667451,1,False,96,28
791.0,0.98414046,2.466779,0.98290837,0.6666667,0.9826086956521739,0.4638412927196309,179.83639328793916,30,0.17412558,1,False,96,29
451.0,0.88249743,1.9407488,0.7733073,1.0,0.9719827586206896,0.5722417144436287,194.28086234789154,30,0.13699403,0,False,96,30
650.0,0.9528666,2.1408615,1.0715058,1.32,0.9643916913946587,0.6481205254781242,242.41835704535524,25,0.20988838,1,False,97,1
458.0,0.95129234,1.9058516,0.9538829,1.24,0.9682875264270613,0.7047413674038446,194.27947916526895,25,0.1868482,1,False,97,2
1055.0,0.9672148,2.1079054,1.0550113,1.24,0.9750462107208873,0.5120961640955571,107.67918729300433,25,0.20665738,1,False,97,3
922.0,0.96197706,1.9491974,0.97557753,1.08,0.9756613756613757,0.6026911528182555,148.5111682263333,25,0.19109778,1,False,97,4
977.0,0.96977955,2.1050563,1.0535853,1.12,0.9731075697211156,0.6571664782530743,68.77803423457507,25,0.20637807,1,False,97,5
803.0,0.96376014,1.7968618,0.8993332,1.08,0.9768856447688564,0.6389579924113659,68.77803423457507,25,0.17616291,1,False,97,6
788.0,0.9543891,2.1958375,1.0990214,1.32,0.9633251833740831,0.5453149983604401,87.08628220903692,25,0.2152782,1,False,97,7
639.0,0.97192955,1.9213146,0.9616221,0.8,0.9609022556390977,0.7114482002497634,267.64878504982767,25,0.18836418,1,False,97,8
598.0,0.9623403,1.9979934,1.0,1.2,0.9676375404530745,0.644581989523428,47.702310866944636,25,0.1958817,1,False,97,9
977.0,0.97851664,2.207738,1.1049776,1.0,0.9711729622266402,0.5822919930906947,107.67918729300433,25,0.21644491,1,False,97,10
376.0,0.9169649,1.7057446,0.8537289,1.16,0.9353233830845771,0.4539117232810519,47.702310866944636,25,0.16722986,1,False,97,11
809.0,0.9774286,2.1020517,1.0520815,1.08,0.966547192353644,0.6483619448835756,116.8018249467459,25,0.20608352,1,False,97,12
808.0,0.9807129,2.3316336,1.1669877,1.12,0.9699879951980792,0.7752126050693414,111.71149717037223,25,0.22859153,1,False,97,13
637.0,0.97369105,1.9522763,0.97711855,1.08,0.9622356495468278,0.8289580953130256,110.07091663952637,25,0.19139963,1,False,97,14
734.0,0.98163825,2.8266485,1.4147437,1.16,0.9696169088507266,0.668120888793533,130.6594481700392,25,0.2771224,1,False,97,15
635.0,0.9845818,2.534362,1.2684537,1.2,0.9739263803680982,0.6208219737871354,130.6594481700392,25,0.24846688,1,False,97,16
856.0,0.9729477,1.7620561,0.8819129,0.96,0.9727272727272728,0.36810643368159074,184.7860691973494,25,0.1727506,1,False,97,17
920.0,0.97934943,1.978,0.98999333,1.2,0.9766454352441614,0.6025241507881968,111.71149717037223,25,0.19392157,1,False,97,18
824.0,0.9796374,2.0663106,1.0341929,1.08,0.9739952718676123,0.43301120616524863,101.04374514518582,25,0.20257948,1,False,97,19
742.0,0.9816329,1.9009703,0.9514398,0.84,0.9827814569536424,0.5662836625550578,175.05516453693375,25,0.18636964,1,False,97,20
860.0,0.98048407,2.3804185,1.1914046,1.08,0.9750566893424036,0.6190457664064785,101.04374514518582,25,0.23337437,1,False,97,21
955.0,0.9771454,1.9824922,0.9922416,1.04,0.9744897959183674,0.6476089345152887,184.7860691973494,25,0.19436198,1,False,97,22
534.0,0.9303376,1.8903371,0.9461178,1.16,0.969147005444646,0.7414087616334173,238.32197211045582,25,0.18532716,1,False,97,23
584.0,0.9515088,1.5567124,0.7791379,0.76,0.9495934959349593,0.7873743589435964,175.05516453693375,25,0.15261886,1,False,97,24
734.0,0.98312837,2.7974932,1.4001514,1.08,0.963254593175853,0.772084094165866,252.87508868701138,25,0.27426404,1,False,97,25
721.0,0.9623732,1.836001,1.0281968,1.081081,0.9703903095558546,0.606737341449643,167.20439440030418,27,0.26640016,1,False,98,1
544.0,0.95219153,1.619386,0.9068881,1.027027,0.9645390070921985,0.7555645603237208,56.34988839980918,27,0.23496972,1,False,98,2
1241.0,0.9859252,3.0361958,1.7003295,1.1351352,0.97639653815893,0.5574311791578934,44.0268521812595,27,0.44054604,1,False,98,3
826.0,0.9783613,1.8874419,1.0570047,1.1081082,0.9549132947976878,0.6389585674455043,44.0268521812595,27,0.27386412,1,False,98,4
936.0,0.9826368,1.8471934,1.0344647,1.027027,0.9619732785200411,0.6033142347835683,56.34988839980918,27,0.26802412,1,False,98,5
747.0,0.9703201,1.5877564,0.88917494,1.081081,0.9651162790697675,0.6824019564074509,111.8437916606828,27,0.23038034,1,False,98,6
627.0,0.96295136,1.6896418,0.9462328,1.027027,0.9587155963302753,0.7223983678221194,110.44116039705553,27,0.24516371,1,False,98,7
920.0,0.98551077,2.4978554,1.3988484,1.2972972,0.9766454352441614,0.5167814283870933,183.54847058019223,27,0.36243394,1,False,98,8
662.0,0.8806503,1.7256471,0.96639645,1.1621622,0.9232914923291492,0.7716749291028504,93.66030603601166,27,0.250388,1,False,98,9
614.0,0.92691606,1.9550577,1.0948709,1.3243244,0.9715189873417721,0.6505961428280487,183.54847058019223,27,0.28367504,0,False,98,10
647.0,0.96829796,1.7886711,1.0016911,1.1081082,0.975867269984917,0.6923107522639791,74.22621394601073,27,0.25953266,1,False,98,11
950.0,0.984118,1.7555903,0.98316526,0.8648649,0.9733606557377049,0.48885675999005074,74.22621394601073,27,0.2547327,1,False,98,12
934.0,0.9734943,1.6769489,0.9391245,0.9459459,0.9749478079331941,0.5165923939211251,69.24759311898407,27,0.24332199,1,False,98,13
772.0,0.9708935,1.5577999,0.87239873,0.9189189,0.9722921914357683,0.7732169416059526,69.24759311898407,27,0.22603372,1,False,98,14
885.0,0.9812053,2.3790808,1.3323323,1.2972972,0.9693318729463308,0.7218383201800169,227.08288589085973,27,0.34519994,1,False,98,15
931.0,0.9841505,1.8579848,1.0405082,1.1351352,0.9728317659352143,0.6743245440907711,82.44040150858129,27,0.26958996,1,False,98,16
792.0,0.98160005,2.048048,1.1469474,1.1621622,0.972972972972973,0.7482819053958727,182.42986662145398,27,0.29716775,1,False,98,17
835.0,0.96666354,1.491989,0.83554333,0.972973,0.9709302325581395,0.7173060309402174,82.44040150858129,27,0.21648468,1,False,98,18
914.0,0.9768344,1.8818972,1.0538996,0.9459459,0.970276008492569,0.6129306399486991,105.81255127369289,27,0.27305958,1,False,98,19
696.0,0.97964865,1.7420394,0.97557646,0.8918919,0.9775280898876404,0.6370483421969438,50.45453534166299,27,0.25276652,1,False,98,20
1015.0,0.9778354,1.5513247,0.86877245,0.8648649,0.9787849566055931,0.6703257992198474,50.45453534166299,27,0.22509417,1,False,98,21
496.0,0.81977695,1.7004687,0.952296,1.2972972,0.8872987477638641,0.7846747452619676,53.72533302905084,27,0.24673466,1,False,98,22
576.0,0.8751094,2.0014076,1.1208278,1.2702702,0.9520661157024793,0.8548380533941315,53.72533302905084,27,0.29040033,1,False,98,23
809.0,0.96998006,1.79845,1.0071675,1.2162162,0.9688622754491018,0.6140899061940912,227.08288589085973,27,0.26095155,1,False,98,24
929.0,0.9781845,1.7373519,0.97295135,0.7837838,0.9758403361344538,0.41000255812081265,375.056514449573,27,0.25208634,1,False,98,25
732.0,0.96981794,1.3668957,0.76548856,0.8648649,0.9695364238410596,0.5569769303433063,155.2570168017874,27,0.19833387,1,False,98,26
1288.0,0.97823054,1.7856513,1.0,0.9459459,0.976497346474602,0.5688560659739273,447.3043588692568,27,0.2590945,0,False,98,27
935.0,0.9523218,2.023108,1.0962576,1.2121212,0.9709241952232607,0.6769680361834446,249.3984174116812,17,0.26181397,1,False,100,1
820.0,0.96492296,2.0044715,1.0861591,1.2121212,0.9750297265160524,0.4231900138238501,240.80847543352374,17,0.2594022,1,False,100,2
566.0,0.94576025,1.69879,0.92052,1.1515151,0.9593220338983051,0.5931736388179673,232.55898959254827,17,0.21984342,1,False,100,3
345.0,0.90564144,1.7535353,0.95018476,1.060606,0.9249329758713136,0.8214935268636928,72.73934152666777,17,0.2269281,0,True,100,4
696.0,0.95246625,1.797109,0.97379595,1.0,0.9666666666666667,0.4275578502801639,65.63035523226122,17,0.23256704,0,False,100,5
843.0,0.92893106,1.7467917,0.94653064,1.1818181,0.9645308924485125,0.6883516936336433,111.23047775366013,17,0.2260554,1,False,100,6
439.0,0.95133317,1.9661766,1.0654083,1.1515151,0.9712389380530974,0.7357337395771204,65.63035523226122,17,0.2544464,0,True,100,7
712.0,0.97158504,1.8671689,1.0117592,1.0909091,0.978021978021978,0.6397052941153156,232.55898959254827,17,0.24163362,1,False,100,8
739.0,0.97447723,1.9666625,1.0656716,1.0909091,0.9685452162516383,0.6075400844415378,148.4382789222928,17,0.25450927,1,False,100,9
934.0,0.97002506,1.711894,0.9276207,1.1515151,0.9678756476683937,0.7180847782374896,111.23047775366013,17,0.22153923,1,False,100,10
655.0,0.9791165,2.312792,1.2532282,1.2121212,0.9576023391812866,0.5480186325853299,148.4382789222928,17,0.2993025,1,False,100,11
845.0,0.9807288,1.8136632,0.9827662,0.93939394,0.9735023041474654,0.6734971742519963,355.1842478290172,17,0.23470937,1,False,100,12
842.0,0.98252684,2.5290794,1.3704274,1.1212121,0.9722863741339491,0.5146221692649473,163.9048445882641,17,0.32729262,1,False,100,13
646.0,0.94656724,1.5054883,0.815776,0.93939394,0.9598811292719168,0.6316253316258095,355.1842478290172,17,0.1948279,1,False,100,14
807.0,0.9588579,1.8553189,1.0053381,1.2727273,0.9676258992805755,0.4935043138822213,128.9390492607786,17,0.2401001,1,False,100,15
924.0,0.97816265,1.8454677,1.0,1.0909091,0.9655172413793104,0.5075005712152761,128.9390492607786,17,0.23882523,1,False,100,16
630.0,0.92946196,1.5340067,0.83122927,1.0909091,0.967741935483871,0.7286762878217362,251.68417919303545,17,0.19851851,1,False,100,17
836.0,0.97269946,1.7438482,0.8809929,1.0714285,0.9709639953542393,0.7032935197664762,152.70521671933582,40,0.19148138,1,False,101,1
849.0,0.9554709,2.0702088,1.0458704,1.2142857,0.9604072398190046,0.6033113309099964,164.60171174456318,40,0.22731704,1,False,101,2
834.0,0.97438866,2.348364,1.1863946,1.1428572,0.972027972027972,0.5952153748406476,97.37759604803803,40,0.2578596,1,False,101,3
705.0,0.9777586,2.0658054,1.0436459,1.0714285,0.9697386519944979,0.5871165771460801,97.37759604803803,40,0.22683354,1,False,101,4
1105.0,0.9772456,2.5558503,1.2912167,1.2857143,0.9710017574692443,0.28236860503242694,78.18384113967943,40,0.28064236,1,False,101,5
518.0,0.9339906,1.5266823,0.7712806,1.0357143,0.9522058823529411,0.7676692718086223,187.15397190399773,40,0.16763571,0,False,101,6
903.0,0.97205603,2.0878422,1.0547788,1.2142857,0.9688841201716738,0.3455764666974735,78.18384113967943,40,0.22925325,0,False,101,7
935.0,0.97839606,2.4206264,1.2229016,1.25,0.9790575916230366,0.6267763559479184,75.81328627257935,40,0.26579428,1,False,101,8
618.0,0.96693355,1.5894012,0.80296624,1.0357143,0.9626168224299065,0.5077603011681351,47.470982686052146,40,0.17452249,1,False,101,9
844.0,0.9785,1.9966571,1.008712,1.0357143,0.9745958429561201,0.6408271678112148,80.90906758080892,40,0.21924078,1,False,101,10
1024.0,0.9783797,1.9759696,0.99826074,1.0714285,0.9687795648060549,0.44398798098821896,102.12895701439636,40,0.2169692,1,False,101,11
795.0,0.97426665,2.0019767,1.0113995,1.0714285,0.9718826405867971,0.7678246939609351,80.90906758080892,40,0.2198249,1,False,101,12
755.0,0.9742123,2.054352,1.0378596,1.1785715,0.9704370179948586,0.6673821052676793,75.81328627257935,40,0.2255759,1,False,101,13
898.0,0.9753766,2.4018853,1.2134335,1.3214285,0.9750271444082519,0.6338078308287882,69.75120040505804,40,0.2637364,0,False,101,14
873.0,0.9821372,2.419244,1.2222031,1.0714285,0.9657079646017699,0.520769127901612,102.12895701439636,40,0.26564246,1,False,101,15
554.0,0.9521687,1.6772821,0.84736365,1.0,0.9601386481802426,0.7561365819214604,47.470982686052146,40,0.18417215,0,False,101,16
786.0,0.97254753,2.1941566,1.1084889,1.25,0.9763975155279503,0.4542884569573748,136.52259071807939,40,0.24092701,0,False,101,17
724.0,0.9721525,2.0506608,1.0359948,1.1785715,0.9679144385026738,0.7352555873674964,69.75120040505804,40,0.22517061,1,False,101,18
775.0,0.97575355,1.9013364,0.96055603,1.0357143,0.9675405742821473,0.5958867848460176,95.0218426348586,40,0.2087742,1,False,101,19
934.0,0.978799,2.3686526,1.1966443,1.3571428,0.9769874476987448,0.7281716037273542,88.20777945593075,40,0.26008734,1,False,101,20
430.0,0.90395164,1.3659469,0.690077,0.96428573,0.9555555555555556,0.7630382500354354,81.16012017885018,40,0.14998633,0,False,101,21
881.0,0.9818344,2.3157127,1.1698991,1.1428572,0.9681318681318681,0.6019607930338395,103.86551976193245,40,0.25427434,1,False,101,22
729.0,0.9813783,3.1392808,1.5859661,1.1785715,0.9681274900398407,0.4804268700660805,131.55824113148032,40,0.34470534,1,False,101,23
743.0,0.9668606,1.8880503,0.9538439,1.0357143,0.9789196310935442,0.6633153185582296,92.08810121174898,40,0.20731533,0,False,101,24
460.0,0.78802437,1.6869565,0.8522512,1.2142857,0.9311740890688259,0.8318924129708516,88.20777945593075,40,0.18523444,0,False,101,25
601.0,0.9652938,1.9275612,0.9738048,1.1785715,0.9570063694267515,0.5962970797512668,136.52259071807939,40,0.21165378,0,False,101,26
632.0,0.968835,1.7119688,0.8648874,0.96428573,0.9604863221884499,0.8381235661537075,96.93850249806447,40,0.18798089,1,False,101,27
707.0,0.9606716,1.7072641,0.86251056,1.1071428,0.9698216735253772,0.4480105480892487,125.66262300667117,40,0.1874643,0,False,101,28
1016.0,0.9783912,1.9663597,0.9934058,1.0,0.9816425120772947,0.537885980692394,74.87021359840436,40,0.21591401,1,False,101,29
650.0,0.9393712,1.7131319,0.865475,1.0357143,0.9730538922155688,0.6569852864232295,74.87021359840436,40,0.18810861,0,False,101,30
613.0,0.96617955,1.6377302,0.8273821,1.0,0.973015873015873,0.6668627285309514,74.23791859797277,40,0.1798292,0,False,101,31
697.0,0.9733932,1.8525826,0.93592554,0.9285714,0.9694019471488178,0.49410212952892907,86.39448444366978,40,0.20342083,0,False,101,32
719.0,0.9510612,1.7857143,0.90214366,1.0714285,0.9638069705093834,0.6813307024582798,74.23791859797277,40,0.19607843,0,False,101,33
507.0,0.8660886,1.654621,0.83591527,1.0,0.9337016574585635,0.7426681257134966,79.05303455432045,40,0.18168387,0,False,101,34
904.0,0.98001343,2.142067,1.0821732,0.96428573,0.9668449197860962,0.4256919553179804,79.05303455432045,40,0.23520735,1,False,101,35
794.0,0.98531777,2.7948003,1.4119344,1.1428572,0.980246913580247,0.5108896343611817,95.2935522940644,40,0.30688003,1,False,101,36
840.0,0.96537155,2.1015732,1.0617157,1.2142857,0.9790209790209791,0.7892325164684294,95.2935522940644,40,0.23076098,0,False,101,37
657.0,0.9454938,1.4621657,0.7386868,1.0,0.9791356184798807,0.4976133244186193,91.12732031970205,40,0.16055153,0,False,101,38
752.0,0.95264125,1.9828552,1.0017394,1.1785715,0.9740932642487047,0.7901398885079968,116.99307270534845,40,0.21772528,0,False,101,39
502.0,0.8902301,1.5833095,0.7998887,1.0357143,0.974757281553398,0.616127029491757,307.09721144002214,40,0.1738536,0,False,101,40
579.0,0.96977717,1.6377004,0.81457037,1.0857143,0.9714765100671141,0.42260607697655933,537.3050777856593,16,0.2247824,0,False,102,1
662.0,0.96587193,1.8516185,0.9209703,1.1714286,0.9580318379160637,0.821583490144196,87.09901359480808,16,0.25414371,0,False,102,2
725.0,0.98002356,2.008473,0.9989876,0.8857143,0.9615384615384616,0.713923911618619,271.4441811095068,16,0.27567276,1,False,102,3
468.0,0.9707501,2.3942614,1.1908736,1.1428572,0.968944099378882,0.590219499881699,33.668776963553874,16,0.3286241,1,False,102,4
612.0,0.9735985,2.0236695,1.0065461,1.1142857,0.966824644549763,0.6572400134716964,33.668776963553874,16,0.27775854,1,False,102,5
1017.0,0.9819432,1.9221802,0.9560668,1.0285715,0.975071907957814,0.6124600816571972,354.93529713379536,16,0.26382867,1,False,102,6
901.0,0.98063135,1.9273189,0.9586227,1.2,0.9709051724137931,0.5638885802146264,130.42502613060537,16,0.26453397,1,False,102,7
788.0,0.97381,2.2191806,1.1037908,1.4,0.9668711656441717,0.7781524664380614,187.49087180395554,16,0.3045934,1,False,102,8
889.0,0.9854323,2.5675397,1.27706,0.9714286,0.9737130339539978,0.5304179892038865,200.31258347780735,16,0.35240743,1,False,102,9
1014.0,0.9810837,2.168019,1.0783437,1.1428572,0.9712643678160919,0.7234867399426316,130.42502613060537,16,0.29757124,1,False,102,10
738.0,0.9796298,2.0125437,1.0010123,1.0857143,0.9697766097240473,0.5407158191514766,206.72549000217245,16,0.27623147,1,False,102,11
591.0,0.97113687,1.7662075,0.878488,1.1142857,0.9625407166123778,0.5604149969777943,187.49087180395554,16,0.24242063,1,False,102,12
718.0,0.9812855,1.7920016,0.89131767,0.94285715,0.9702702702702702,0.5591986240921428,71.63154767873196,16,0.245961,1,False,102,13
624.0,0.98535156,2.6544414,1.3202837,0.85714287,0.9719626168224299,0.7854165757199713,57.760759675848234,16,0.3643351,1,False,102,14
680.0,0.9758322,1.5988655,0.79525435,0.9142857,0.96045197740113,0.8249628758821144,57.760759675848234,16,0.21945213,1,False,102,15
835.0,0.98061496,2.0217962,1.0056145,0.9142857,0.981198589894242,0.38144977553882914,63.34018505490326,16,0.27750146,1,False,102,16
1033.0,0.9711564,1.5725923,1.0,0.9268293,0.972693032015066,0.6709766347281464,419.9975786759658,9,0.25284815,0,False,103,1
469.0,0.96057314,1.6230173,1.0320649,1.1463414,0.9730290456431535,0.6466470453238008,446.27857765075066,9,0.26095572,0,False,103,2
607.0,0.9615947,1.4661871,0.93233776,1.1219512,0.9696485623003195,0.5210925265687675,352.33973210146326,9,0.2357399,0,False,103,3
654.0,0.89865774,1.5348699,0.97601265,0.9756098,0.9631811487481591,0.7565790204882621,289.80949342521274,9,0.246783,1,False,103,4
420.0,0.8615269,1.8127177,1.152694,1.3902439,0.9032258064516129,0.7028896871298295,316.531635694577,9,0.29145658,0,False,103,5
1167.0,0.9860072,2.0828056,1.324441,1.1219512,0.9782062028499581,0.581149665666719,316.531635694577,9,0.33488247,1,False,103,6
664.0,0.9745557,1.134881,0.7216626,0.68292683,0.9595375722543352,0.6504354008102275,289.80949342521274,9,0.18247107,0,False,103,7
931.0,0.9829731,1.6925416,1.0762749,1.0,0.9637681159420289,0.7900836250177605,54.82267271078144,9,0.27213413,1,False,103,8
494.0,0.9099477,1.2735755,0.8098574,1.0,0.9391634980988594,0.7393300258394216,54.82267271078144,9,0.20477097,0,False,103,9
656.0,0.97598416,2.3488312,1.1754618,1.2,0.9534883720930233,0.8442387690025979,329.20696167622054,20,0.2763331,1,False,104,1
728.0,0.97743446,4.436126,2.220039,1.2666667,0.9528795811518325,0.4428191341906341,252.1920790607607,20,0.5218972,0,False,104,2
793.0,0.97979265,2.3358972,1.1689891,1.2,0.9682539682539683,0.4820556803770057,246.76577121995717,20,0.27481145,1,False,104,3
828.0,0.97840357,2.6146538,1.3084915,1.4,0.9661610268378062,0.6747810717127907,52.15456495950169,20,0.30760634,1,False,104,4
824.0,0.9827057,2.2100728,1.1060208,0.9,0.9694117647058823,0.7971251925316885,147.41734705333022,20,0.26000857,1,False,104,5
574.0,0.97050065,1.8914635,0.9465742,1.0666667,0.9582637729549248,0.7596479609350097,242.15314366369915,20,0.22252512,1,False,104,6
672.0,0.97869366,2.1765873,1.0892631,1.2333333,0.9710982658959537,0.3782061829429608,52.15456495950169,20,0.2560691,1,False,104,7
764.0,0.9685091,2.0058029,1.0037948,1.2333333,0.9744897959183674,0.6189578569027925,123.4793200599712,20,0.2359768,1,False,104,8
923.0,0.97791994,2.3745034,1.1883093,1.3333334,0.9654811715481172,0.6426546929440792,162.4095640330056,20,0.27935332,1,False,104,9
719.0,0.97809184,1.8931386,0.94741255,0.93333334,0.9663978494623656,0.748143346225653,147.41734705333022,20,0.22272219,1,False,104,10
822.0,0.97217745,1.9474453,0.97459006,1.1666666,0.9762470308788599,0.5937791415035952,116.12110376519452,20,0.22911121,1,False,104,11
612.0,0.9759178,1.887146,0.94441354,1.1,0.9698890649762282,0.7226921394305671,100.09066852622885,20,0.22201717,1,False,104,12
680.0,0.96483946,1.9906372,0.9962052,1.3,0.9590973201692524,0.6246638933321126,131.51360165279382,20,0.23419261,1,False,104,13
885.0,0.9764378,2.1975517,1.0997547,1.2333333,0.9714599341383096,0.6986323550475043,162.4095640330056,20,0.2585355,1,False,104,14
633.0,0.9727018,1.7998947,0.900749,0.93333334,0.9738461538461538,0.6368419247084077,100.09066852622885,20,0.21175233,1,False,104,15
839.0,0.98240966,2.2604291,1.1312214,1.0333333,0.966589861751152,0.6858207916356627,116.12110376519452,20,0.26593283,1,False,104,16
751.0,0.97080326,1.6457169,0.8235915,1.0,0.9778645833333334,0.5161492694309325,200.49999522285785,20,0.19361375,1,False,104,17
834.0,0.9809342,1.9727818,0.9872696,1.0,0.9731621936989499,0.6229107161209103,312.1638500270127,20,0.23209198,1,False,104,18
315.0,0.84820807,1.9775661,0.9896639,1.3333334,0.863013698630137,0.6581329806563531,162.60470844464786,20,0.23265484,0,False,104,19
658.0,0.9651673,1.8671733,0.9344183,1.1333333,0.9719350073855244,0.45089260792913805,162.60470844464786,20,0.21966745,1,False,104,20
580.0,0.96289736,1.6146551,0.8784048,1.0769231,0.9602649006622517,0.7054997840337904,586.1514221543855,4,0.1646315,0,False,105,1
593.0,0.9785856,2.4238553,1.3186259,1.2307693,0.9642276422764228,0.47380958810654594,586.1514221543855,4,0.24713819,1,False,105,2
654.0,0.97826177,1.9728888,1.0732912,0.9230769,0.9732142857142857,0.6009944506179842,118.07107008257374,4,0.20115729,1,False,105,3
663.0,0.9766273,1.7034459,0.9267088,0.88461536,0.9622641509433962,0.7446703845598454,118.07107008257374,4,0.17368467,1,False,105,4
783.0,0.9750029,1.7182631,0.9067909,1.0666667,0.969059405940594,0.40840500494031096,285.76710265990647,22,0.2021486,1,False,106,1
880.0,0.9765392,1.7739394,0.9361733,1.0666667,0.9777777777777777,0.6847484790035924,116.34757174059571,22,0.20869875,1,False,106,2
632.0,0.95500934,1.8112341,0.95585513,1.1,0.9693251533742331,0.8583884570020525,82.11471736266415,22,0.21308637,1,False,106,3
1109.0,0.987295,2.9091976,1.535291,1.1,0.9770925110132158,0.455981858308857,82.11471736266415,22,0.34225854,1,False,106,4
636.0,0.97840506,1.7841719,0.94157344,0.93333334,0.9724770642201835,0.7034745613173136,143.03895349033158,22,0.20990258,1,False,106,5
932.0,0.9772991,1.9553648,1.0319182,1.1333333,0.966804979253112,0.5996562556531947,107.43156394271101,22,0.23004292,1,False,106,6
699.0,0.9839545,2.72866,1.4400147,1.2333333,0.966804979253112,0.7183769893655029,82.71482904820458,22,0.32101884,1,False,106,7
1067.0,0.9805653,2.0282724,1.0703943,1.0,0.9762122598353157,0.5881435058041641,143.03895349033158,22,0.23862028,1,False,106,8
596.0,0.9744283,1.8154922,0.9581022,1.2,0.9722675367047309,0.4037562234590235,82.71482904820458,22,0.21358731,1,False,106,9
552.0,0.97109056,1.9193237,1.012898,1.1666666,0.971830985915493,0.729540343781297,78.89847326223965,22,0.2258028,1,False,106,10
709.0,0.96411306,1.9228492,1.0147585,1.2,0.9620081411126187,0.6991059539435511,107.43156394271101,22,0.22621755,1,False,106,11
663.0,0.9683118,1.9462041,1.0270838,1.2,0.9707174231332357,0.6587157858044514,57.43096883068607,22,0.2289652,1,False,106,12
406.0,0.7749739,1.8704433,0.98710203,1.2666667,0.7660377358490567,0.8888153567751385,57.43096883068607,22,0.22005215,0,False,106,13
966.0,0.9791404,2.5714288,1.3570379,1.2333333,0.9679358717434869,0.7507958919410515,147.58296741335263,22,0.30252102,1,False,106,14
778.0,0.9801524,1.7511996,0.9241727,1.0,0.9725,0.523389623721623,102.93298980832287,22,0.20602348,1,False,106,15
851.0,0.9764816,1.8629848,0.98316586,1.1666666,0.9736842105263158,0.6400595972835653,259.48439149695196,22,0.21917467,1,False,106,16
753.0,0.97692823,1.5521469,0.81912524,0.9,0.977922077922078,0.5942665291637836,102.93298980832287,22,0.18260552,1,False,106,17
367.0,0.9508459,1.9625795,1.0357257,1.1,0.9483204134366925,0.5814924387498746,143.05970431340768,22,0.2308917,1,False,106,18
665.0,0.97083384,2.0122807,1.0619549,1.0666667,0.9637681159420289,0.825323225271933,143.05970431340768,22,0.2367389,1,False,106,19
909.0,0.98162204,2.7237256,1.4374106,1.1666666,0.9721925133689839,0.5735791007275877,259.48439149695196,22,0.3204383,1,False,106,20
632.0,0.9702063,1.599156,0.8439337,0.93333334,0.9708141321044547,0.5895934950019103,183.63187506122063,22,0.18813601,1,False,106,21
1040.0,0.9745089,1.5153204,0.79969054,0.7,0.9710550887021475,0.7789447673616207,507.7143988692402,22,0.17827299,0,False,106,22
797.0,0.9717673,2.0436532,0.93918544,1.2083334,0.9672330097087378,0.7746647981787972,92.63787362555597,20,0.19234385,1,False,107,1
647.0,0.9388811,1.9873133,0.9132937,1.25,0.9472913616398243,0.5676092963531029,92.63787362555597,20,0.18704125,1,False,107,2
705.0,0.9746509,2.571572,1.1817969,1.4583334,0.9657534246575342,0.7859241917506946,143.46570010805368,20,0.24203032,1,False,107,3
433.0,0.8843608,2.3575828,1.0834556,1.5416666,0.9558498896247241,0.22314362149304512,147.4684037000006,20,0.22189014,0,False,107,4
907.0,0.9778271,2.2739341,1.0450138,1.25,0.9721329046087889,0.7155864769230688,102.60817628737408,20,0.21401733,1,False,107,5
797.0,0.98276556,3.102938,1.4259925,1.4166666,0.9695863746958637,0.6446316312341648,143.46570010805368,20,0.2920412,1,False,107,6
677.0,0.97266275,2.099643,0.96491617,1.125,0.9755043227665706,0.6512697192916117,145.4565988682603,20,0.19761346,1,False,107,7
679.0,0.96944755,1.9866225,0.9129762,1.2083334,0.9617563739376771,0.7567034222909658,147.63388883244374,20,0.18697624,1,False,107,8
470.0,0.9039291,1.9619681,0.901646,1.2083334,0.94,0.8519188794935779,105.9065500028219,20,0.18465582,1,False,107,9
697.0,0.9709406,2.0017335,0.9199207,1.1666666,0.9680555555555556,0.7361770514688395,105.9065500028219,20,0.18839847,1,False,107,10
694.0,0.97865283,2.3973944,1.1017514,1.4583334,0.9679218967921897,0.5236282478632389,112.84209977844948,20,0.22563711,1,False,107,11
785.0,0.9828691,2.5264332,1.1610527,1.2916666,0.9715346534653465,0.7959610333180961,74.39982424010724,20,0.23778194,1,False,107,12
671.0,0.9777683,2.1875932,1.0053347,1.1666666,0.9668587896253602,0.7332506527809469,161.320134877819,20,0.20589112,1,False,107,13
648.0,0.96797013,1.9672068,0.90405357,1.25,0.972972972972973,0.7228101556858688,74.39982424010724,20,0.18514888,1,False,107,14
876.0,0.9839714,3.0705385,1.4111029,1.2916666,0.9679558011049724,0.7359078774454042,161.320134877819,20,0.28899187,1,False,107,15
941.0,0.9809363,2.6052516,1.1972747,1.125,0.9731127197518097,0.7281875620975345,190.3341430874014,20,0.24520014,1,False,107,16
859.0,0.9770661,1.8811117,0.8644875,0.7916667,0.9750283768444948,0.6122551916952269,360.09176133193836,20,0.1770458,1,False,107,17
876.0,0.98636717,2.942399,1.3522148,0.9583333,0.9679558011049724,0.7658974370809294,190.3341430874014,20,0.27693167,1,False,107,18
855.0,0.966657,2.1643763,0.99466515,1.25,0.9563758389261745,0.7835854574135497,58.37546923658609,20,0.203706,1,False,107,19
737.0,0.9733426,1.8031999,0.8286822,1.0416666,0.9697368421052631,0.8174316433142061,58.37546923658609,20,0.16971293,1,False,107,20
611.0,0.9748523,1.9756138,1.124116,1.1333333,0.960691823899371,0.49102398194232477,256.22918716444667,11,0.23242515,1,False,108,1
519.0,0.9427535,1.7574823,1.0,1.1666666,0.9719101123595506,0.4074415271065317,254.07799236788685,11,0.20676263,1,False,108,2
753.0,0.9661361,1.7889332,1.0178955,1.1666666,0.9653846153846154,0.7201993987026805,164.13042652993934,11,0.21046273,1,False,108,3
858.0,0.9648813,1.9739704,1.1231809,1.2666667,0.9651293588301463,0.5835588564772292,296.7215455771178,11,0.23223181,0,False,108,4
448.0,0.94807,1.8712054,1.064708,1.1333333,0.9718004338394793,0.5939307114790091,212.3831960897732,11,0.22014181,0,False,108,5
690.0,0.96274275,1.6094203,0.91575336,1.0,0.9691011235955056,0.5534164103930801,164.13042652993934,11,0.18934356,1,False,108,6
681.0,0.9750833,1.6559471,0.9422269,1.1,0.9632248939179632,0.7250768761857148,317.85896919657944,11,0.1948173,1,False,108,7
976.0,0.98044175,1.7260587,0.9821201,1.0,0.9721115537848606,0.5574056034233589,212.3831960897732,11,0.20306572,1,False,108,8
703.0,0.96937305,1.574443,0.89585143,0.93333334,0.9656593406593407,0.7312377247366257,295.0997390038998,11,0.18522859,1,False,108,9
1074.0,0.9632571,1.7834885,1.0147974,1.0333333,0.9623655913978495,0.9266250056291953,232.13648032373612,11,0.20982218,1,False,108,10
948.0,0.98082983,1.7300282,0.9843787,0.93333334,0.976313079299691,0.7590747187456852,232.13648032373612,11,0.20353273,1,True,108,11
314.0,0.8779126,1.8611112,1.0,1.25,0.8845070422535212,0.7436858487459291,168.82840170680296,47,0.2627451,0,False,109,1
405.0,0.8844172,2.0923183,1.1242307,1.3611112,0.9353348729792148,0.5395815107604808,119.26235485978742,47,0.2953861,0,False,109,2
813.0,0.98075044,2.0602365,1.1069927,0.9444444,0.972488038277512,0.6259595906459215,251.2337022713527,47,0.2908569,1,False,109,3
788.0,0.973173,1.718944,0.92361164,1.1666666,0.9656862745098039,0.7243388367590896,343.09824952367967,47,0.24267444,1,True,109,4
966.0,0.98253614,2.4123247,1.2961744,1.25,0.9698795180722891,0.7033195101304741,396.675834879435,47,0.34056348,1,False,109,5
721.0,0.9089772,1.4778086,0.7940464,0.9722222,0.9243589743589744,0.47860888465221735,119.26235485978742,47,0.20863181,0,False,109,6
850.0,0.9706796,1.952549,1.0491308,1.0833334,0.9648127128263337,0.7356221658896951,197.98994545077292,47,0.275654,1,False,109,7
905.0,0.9812111,2.1040823,1.1305517,1.1388888,0.980498374864572,0.7358460218656404,104.32561610396691,47,0.29704693,1,False,109,8
941.0,0.9799919,1.9092278,1.0258538,1.0833334,0.9731127197518097,0.5272745581973116,154.82995158440184,47,0.26953804,1,False,109,9
732.0,0.9782548,1.801647,0.96804905,0.9444444,0.953125,0.6593729041261194,156.8568207191959,47,0.25435016,1,False,109,10
881.0,0.9791042,2.0699964,1.1122369,1.1111112,0.9799777530589544,0.6705985954754929,95.04020822312876,47,0.29223478,1,True,109,11
860.0,0.97936046,1.7705426,0.9513363,1.1388888,0.9695603156708005,0.45650890025678736,101.41860725095933,47,0.24995896,1,False,109,12
789.0,0.9686572,1.609386,0.86474466,1.0833334,0.9692874692874693,0.7451369220594433,39.152606310443254,47,0.22720744,1,False,109,13
630.0,0.9814887,1.9103175,1.0264392,1.1111112,0.9647779479326187,0.7439161406251965,39.152606310443254,47,0.26969188,1,False,109,14
753.0,0.97461456,1.4821455,0.7963767,0.9722222,0.9691119691119691,0.49249338228316086,95.04020822312876,47,0.20924407,1,False,109,15
868.0,0.97864836,1.6348246,0.8784132,1.0833334,0.970917225950783,0.5202394803718576,61.832261985630886,47,0.23079878,1,False,109,16
799.0,0.9805867,1.7434293,0.93676794,1.1388888,0.9791666666666666,0.594290998673318,77.69319175446267,47,0.2461312,1,False,109,17
955.0,0.9834046,2.1287374,1.1437992,1.0833334,0.9665991902834008,0.5932441994472516,107.71431404782011,47,0.30052766,1,False,109,18
796.0,0.9636433,1.644612,0.88367206,1.0277778,0.9660194174757282,0.47028651423608164,46.31232968090089,47,0.23218052,1,False,109,19
824.0,0.9761098,1.8151968,0.9753296,1.0277778,0.9716981132075472,0.6713552464174226,101.7994862871895,47,0.25626308,1,False,109,20
1002.0,0.9687885,1.7345033,0.9319719,1.0277778,0.9671814671814671,0.6150652050557481,46.31232968090089,47,0.24487104,1,False,109,21
620.0,0.9468459,1.6408602,0.8816562,1.1388888,0.9657320872274143,0.7669245164607681,107.71431404782011,47,0.23165086,0,False,109,22
766.0,0.9634331,1.6737018,0.8993024,1.0833334,0.9733163913595934,0.7002072907913448,77.69319175446267,47,0.23628731,1,False,109,23
651.0,0.96503353,1.6096177,0.8648692,1.0,0.970193740685544,0.6987438791895115,51.50197022345072,47,0.22724015,1,False,109,24
1570.0,0.9834432,2.2501945,1.2090597,1.1666666,0.9224441833137486,0.8508217598956389,80.08909714592431,47,0.31767452,0,False,109,25
791.0,0.977523,2.1406448,1.1501971,1.1666666,0.9634591961023142,0.43573910961827855,52.383288837825035,47,0.30220866,1,False,109,26
722.0,0.9790573,1.95968,1.0529623,1.0277778,0.9743589743589743,0.5398309705100549,94.86581009160835,47,0.27666068,1,False,109,27
779.0,0.93830043,1.7410855,0.9355086,1.1388888,0.97375,0.4936400770914729,52.383288837825035,47,0.2458003,1,False,109,28
855.0,0.9782752,2.5590317,1.375002,1.2777778,0.9650112866817155,0.7693451900244782,77.04353774210577,47,0.36127508,1,False,109,29
765.0,0.98234975,1.8916849,1.0164276,1.0,0.9732824427480916,0.550113513035721,58.696693558821536,47,0.26706138,1,False,109,30
402.0,0.8856037,2.0333056,1.0925224,1.3611112,0.9414519906323185,0.6802540688205377,61.355379646253276,47,0.28705493,1,False,109,31
1213.0,0.9838984,1.9002016,1.0210038,0.9722222,0.967304625199362,0.764666646606381,64.20287415941826,47,0.26826376,1,False,109,32
914.0,0.98351276,1.9552029,1.0505568,0.8888889,0.9723404255319149,0.5942461486065029,182.86533429155938,47,0.27602866,1,False,109,33
848.0,0.97812927,1.5777647,0.8477542,1.0277778,0.9792147806004619,0.5388586836687408,91.49402231447564,47,0.22274326,1,False,109,34
666.0,0.9780933,1.7825743,0.9578011,1.0555556,0.9638205499276411,0.7326851368499444,56.617642079794436,47,0.25165755,1,False,109,35
1229.0,0.9814052,1.8754408,1.0076995,1.0833334,0.9692429022082019,0.6709889811205569,92.70133708542433,47,0.26476812,1,False,109,36
622.0,0.97926533,1.7556717,0.94334596,1.0,0.9658385093167702,0.6100801285519074,56.617642079794436,47,0.24785954,1,False,109,37
1103.0,0.9840377,2.2050219,1.1847879,0.9722222,0.9743816254416962,0.7069611736399086,64.20287415941826,47,0.31129718,1,False,109,38
994.0,0.98405963,2.2451656,1.2063576,0.9444444,0.9745098039215686,0.7268629558620667,72.3410172487156,47,0.31696454,1,False,109,39
848.0,0.97702605,1.845617,0.9916748,1.0833334,0.9658314350797267,0.6538322071680133,91.49402231447564,47,0.2605577,1,False,109,40
955.0,0.9767578,2.0947936,1.1255606,1.1111112,0.9734964322120285,0.7647688039675324,92.70133708542433,47,0.29573557,1,False,109,41
1536.0,0.9786062,2.1336985,1.1464648,1.0555556,0.9746192893401016,0.5991313461420732,81.22425946091404,47,0.30122805,1,False,109,42
384.0,0.96238834,1.4893663,0.8002565,0.7777778,0.9770992366412213,0.6908217368047896,77.27641661999773,47,0.21026348,0,True,109,43
956.0,0.98176813,1.8155799,0.97553545,0.9166667,0.9676113360323887,0.7732062587800475,112.39935089110325,47,0.25631717,1,False,109,44
374.0,0.83414364,1.6182412,0.8695027,1.0555556,0.9689119170984456,0.8120656143357091,81.22425946091404,47,0.22845758,0,False,109,45
679.0,0.9725448,1.2481182,0.67063063,0.7777778,0.97,0.6709301535149556,77.27641661999773,47,0.17620492,1,False,109,46
902.0,0.98158604,2.444537,1.3134825,1.0555556,0.9709364908503767,0.713086028532286,132.40139867686884,47,0.34511107,1,False,109,47
599.0,0.9818733,4.3455763,1.7117975,1.2307693,0.964573268921095,0.7064156910459574,227.07478867284465,36,0.44307834,1,False,110,1
764.0,0.9838017,3.737465,1.4722519,1.3846154,0.9707750952986023,0.728175105335382,243.65763323720097,36,0.38107485,1,False,110,2
700.0,0.9787828,2.2208242,0.87482095,1.1538461,0.9681881051175657,0.7948624498306868,161.97819239123388,36,0.22643697,1,False,110,3
759.0,0.964001,2.084068,0.8209503,1.2307693,0.9583333333333334,0.818317258130367,88.2436052775282,36,0.21249323,0,False,110,4
1014.0,0.9794354,3.4134424,1.3446138,1.3846154,0.9740634005763689,0.7468128831034943,56.77220539310073,36,0.34803727,1,False,110,5
487.0,0.9547633,1.8970146,0.74726677,1.0384616,0.9662698412698413,0.49107869572653434,170.27692957407686,36,0.1934211,0,False,110,6
882.0,0.98437667,3.6855485,1.4518012,1.1538461,0.9681668496158068,0.6811533331769165,108.23940931830532,36,0.37578142,1,False,110,7
748.0,0.9778981,2.605718,1.0264372,1.1923077,0.9528662420382166,0.8986169528612871,88.2436052775282,36,0.26568103,1,False,110,8
746.0,0.95185256,2.3709528,0.93395925,1.4807693,0.9700910273081924,0.6586004129555859,56.77220539310073,36,0.2417442,0,True,110,9
977.0,0.9783782,2.9145343,1.1480854,1.2307693,0.9711729622266402,0.6262783009195335,216.69137511303404,36,0.2971682,1,False,110,10
1021.0,0.9807174,3.147819,1.2399802,1.2307693,0.9696106362773029,0.7922067877770839,98.09710048393188,36,0.32095408,1,False,110,11
540.0,0.9727168,2.8712962,1.1310531,1.0769231,0.9608540925266904,0.8160916589178046,90.0401519881645,36,0.29275963,1,False,110,12
1106.0,0.97503936,2.6590972,1.0474643,1.2307693,0.9718804920913884,0.7987155614917035,90.0401519881645,36,0.27112365,1,False,110,13
393.0,0.9832431,2.977393,1.1728464,1.0384616,0.9849624060150376,0.7136185858953599,42.17907642719995,36,0.3035773,0,True,110,14
660.0,0.9740989,2.3072844,0.9088791,0.96153843,0.9635036496350365,0.8266403407450961,128.96246349511895,36,0.23525253,0,False,110,15
547.0,0.98255396,4.3857403,1.7276187,0.88461536,0.9715808170515098,0.8331265948880208,42.17907642719995,36,0.44717354,1,False,110,16
756.0,0.9681474,2.0396826,0.80346614,1.1538461,0.9630573248407643,0.8810761249700447,248.84867596827817,36,0.20796762,1,False,110,17
656.0,0.95835465,1.9836421,0.78139085,1.0384616,0.9548762736535662,0.8051620957869816,98.09710048393188,36,0.20225371,0,False,110,18
1090.0,0.98193806,2.7622087,1.0880816,1.0,0.9697508896797153,0.8007226898084376,128.96246349511895,36,0.28163698,1,False,110,19
799.0,0.9828533,2.8737845,1.1320333,1.1923077,0.9557416267942583,0.8266250029828922,163.82302728945947,36,0.29301333,1,False,110,20
1158.0,0.9787522,2.5952902,1.0223296,0.96153843,0.9763912310286678,0.7692432837961709,96.53977527718325,36,0.26461783,1,False,110,21
1057.0,0.9788644,2.5447567,1.0024235,1.2307693,0.9741935483870968,0.7297106150912017,100.44867819953359,36,0.2594654,1,False,110,22
371.0,0.94621533,1.7456977,0.68766046,0.88461536,0.961139896373057,0.6941678398154835,96.53977527718325,36,0.17799272,0,True,110,23
1027.0,0.9778448,2.8579135,1.1257814,1.3076923,0.9734597156398104,0.7691046755109477,100.44867819953359,36,0.2913951,1,False,110,24
773.0,0.9623398,2.5478158,1.0036286,1.4230769,0.9723270440251572,0.5886668374187037,172.84684907461266,36,0.2597773,0,False,110,25
800.0,0.9726904,2.5324519,0.9975765,0.9230769,0.9650180940892642,0.8102018366858657,228.72711685673426,36,0.25821078,1,False,110,26
561.0,0.9687178,2.069313,0.8151381,1.1923077,0.958974358974359,0.8724620265120566,70.88853456525067,36,0.21098877,0,False,110,27
1071.0,0.9850497,3.571608,1.406918,1.3076923,0.9771897810218978,0.6645524112209952,70.88853456525067,36,0.36416396,1,False,110,28
687.0,0.96530503,2.0895197,0.8230979,1.0769231,0.9689703808180536,0.7652789653258452,93.43249161699534,36,0.21304907,0,False,110,29
572.0,0.97586083,2.2887304,0.9015704,1.0384616,0.9711375212224108,0.7092378751829808,47.119694401421924,36,0.23336075,1,False,110,30
474.0,0.9552842,1.7020448,0.6704648,0.96153843,0.9614604462474645,0.6743601024107494,47.119694401421924,36,0.17354183,0,False,110,31
737.0,0.96815306,1.5312076,0.6031691,0.9230769,0.9697368421052631,0.49994206037107863,93.43249161699534,36,0.15612313,0,False,110,32
669.0,0.9666662,1.8061975,0.71149236,1.0384616,0.9543509272467903,0.8079937941410983,175.94192287260282,36,0.18416132,0,False,110,33
593.0,0.97747976,2.065443,0.81361365,1.0,0.9721311475409836,0.6619840375037239,31.594124405001565,36,0.21059419,1,False,110,34
728.0,0.9810308,2.3889475,0.9410476,0.8076923,0.9578947368421052,0.8426598501945021,171.18398830339976,36,0.24357897,1,False,110,35
778.0,0.97944385,2.2297804,0.87834895,1.0384616,0.9688667496886675,0.774737179191015,31.594124405001565,36,0.22735016,1,False,110,36
702.0,0.9793475,3.1954308,1.4348419,1.3076923,0.9564032697547684,0.7971741638758968,283.6817340699353,18,0.3258086,1,False,111,1
598.0,0.9732066,2.9763312,1.3364598,1.3076923,0.964516129032258,0.6082667316679297,49.4560291140608,18,0.30346906,1,False,111,2
885.0,0.9813752,2.3057368,1.0353433,1.3076923,0.9800664451827242,0.6438058141887538,73.27868170112409,18,0.23509473,1,False,111,3
504.0,0.9681203,2.2701466,1.0193622,1.2692307,0.9636711281070746,0.8459892727383939,49.4560291140608,18,0.23146592,1,False,111,4
639.0,0.9556604,2.512941,1.128384,1.6153846,0.9667170953101362,0.591666322049726,155.23472684469453,18,0.2562214,1,False,111,5
505.0,0.90978014,2.1111197,0.9479545,1.3461539,0.9674329501915708,0.5416649976205927,233.9992349069788,18,0.21525142,1,False,111,6
785.0,0.9668137,2.255463,1.0127687,1.3076923,0.9775840597758406,0.6548299697759655,233.9992349069788,18,0.22996877,1,False,111,7
952.0,0.9749797,2.3199742,1.0417362,1.1923077,0.9754098360655737,0.6737236360167763,436.19070412084903,18,0.23654638,1,False,111,8
516.0,0.970899,2.0660405,0.9277126,1.1538461,0.9681050656660413,0.6414039074183151,283.28088263769564,18,0.21065511,1,False,111,9
454.0,0.9454803,1.9551847,0.8779351,1.1153846,0.9153225806451613,0.8040876178337585,120.61613296399456,18,0.19935216,1,False,111,10
900.0,0.9779492,2.1985898,0.98723114,1.1923077,0.974025974025974,0.616312692461004,120.61613296399456,18,0.22416994,1,False,111,11
613.0,0.9798825,2.3477225,1.0541961,0.8076923,0.971473851030111,0.6238773497953087,179.93126075330468,18,0.23937562,1,False,111,12
566.0,0.96064675,1.8076923,0.8117067,1.0384616,0.9708404802744426,0.7128493543357424,97.6570951184403,18,0.18431373,1,False,111,13
542.0,0.95680064,1.3543146,0.6081268,0.7692308,0.966131907308378,0.7207867325773689,78.46527429909034,18,0.13808697,1,False,111,14
430.0,0.95830303,1.5721824,0.70595586,0.84615386,0.9728506787330317,0.505774350178266,78.46527429909034,18,0.16030096,1,False,111,15
547.0,0.9675431,2.0234144,0.9085722,1.1153846,0.9630281690140845,0.7974371306024383,256.7456181762849,18,0.20630893,1,False,111,16
813.0,0.9801468,2.6615102,1.1950959,0.96153843,0.9771634615384616,0.739670448635951,184.81335303325315,18,0.27136967,1,False,111,17
705.0,0.98227644,2.0499182,0.9204732,0.6923077,0.975103734439834,0.6301627856947638,251.45313294117443,18,0.20901126,1,True,111,18
744.0,0.9709361,1.5542452,1.0615118,1.0754716,0.9815303430079155,0.8477299632814358,303.45314703281406,16,0.3230392,1,True,112,1
1044.0,0.9792719,1.6500578,1.1269493,1.0377358,0.9684601113172542,0.5795297195356738,285.2616104207212,16,0.3429532,1,False,112,2
883.0,0.98078007,1.775038,1.2123078,1.1132076,0.9650273224043716,0.7752452056057558,303.45314703281406,16,0.36892945,1,False,112,3
679.0,0.918022,1.4553033,0.9939368,1.0566038,0.9658605974395448,0.2959330218122547,285.2616104207212,16,0.3024748,1,False,112,4
1052.0,0.9609157,1.6441638,1.122924,1.1509434,0.9678012879484821,0.4629879985020629,361.36537025703814,16,0.34172818,0,False,112,5
1033.0,0.9829366,1.7122871,1.1694504,1.0566038,0.9800759013282733,0.34130832521053994,118.83971857994335,16,0.35588712,1,False,112,6
683.0,0.9414034,1.4432443,0.9857008,1.0754716,0.9660537482319661,0.7257739156546004,49.11952720436279,16,0.29996842,1,False,112,7
845.0,0.95816904,1.4255443,0.97361207,1.0566038,0.9735023041474654,0.5380532322873467,94.81256162779523,16,0.2962896,1,False,112,8
907.0,0.975117,1.5654137,1.0691395,1.0566038,0.9283520982599796,0.30417225173487955,28.157988383822104,16,0.3253605,1,False,112,9
751.0,0.96665645,1.4032108,0.9583588,1.018868,0.976592977893368,0.5697008064678007,28.157988383822104,16,0.29164773,1,False,112,10
836.0,0.95289487,1.2828383,0.8761474,1.018868,0.9698375870069605,0.6613367849771818,99.91424146757161,16,0.26662916,1,False,112,11
947.0,0.95689,1.513379,1.033601,1.0943396,0.9692937563971341,0.48584236195510583,94.81256162779523,16,0.31454542,1,False,112,12
649.0,0.9116753,1.4243684,0.97280896,1.0377358,0.9586410635155096,0.7357763446664345,37.36928939128841,16,0.29604518,1,False,112,13
846.0,0.9741603,1.4730586,1.0060632,0.9622642,0.9690721649484536,0.7344181463473184,37.36928939128841,16,0.30616513,1,False,112,14
814.0,0.96864444,1.2889065,0.88029176,0.8867925,0.9702026221692491,0.5323825691625811,120.95180419202589,16,0.26789036,1,False,112,15
705.0,0.95408076,1.4003211,0.9563853,1.018868,0.951417004048583,0.816708371001261,263.71310162504994,16,0.29104713,1,False,112,16
1003.0,0.98400503,1.7968726,1.0,1.1315789,0.9804496578690127,0.449486593008929,774.573156412271,3,0.26776925,1,False,113,1
941.0,0.98388827,2.4595335,1.3687856,1.0526316,0.9731127197518097,0.6103301515171885,733.0215756757613,3,0.3665187,1,False,113,2
634.0,0.879125,1.7336044,0.9647898,1.2368422,0.9664634146341463,0.6994527667236439,733.0215756757613,3,0.25834104,1,False,113,3
776.0,0.9720289,2.021142,1.0,1.28125,0.9773299748110831,0.8097908057476549,344.03787359487694,17,0.2536335,0,False,114,1
787.0,0.9715947,1.8321553,0.9064951,1.0,0.9656441717791411,0.6689389774487299,171.68517331212757,17,0.22991754,1,False,114,2
775.0,0.9776499,2.1779032,1.0775607,1.03125,0.9736180904522613,0.5896859946816968,171.68517331212757,17,0.2733055,1,False,114,3
658.0,0.9663969,1.9127564,0.9463741,1.25,0.9705014749262537,0.44682800755320207,290.5804306259978,17,0.24003218,0,False,114,4
797.0,0.9828103,2.9191499,1.4443072,1.21875,0.9672330097087378,0.5565568577962174,217.2314380929348,17,0.3663247,1,False,114,5
835.0,0.97574615,2.2438624,1.1101953,1.28125,0.9675550405561993,0.6393170303748033,170.5524029393706,17,0.28158274,1,False,114,6
1112.0,0.9838678,2.6238196,1.2981867,1.1875,0.9762949956101844,0.41705349327195185,191.64279074531703,17,0.32926363,1,False,114,7
633.0,0.9779649,2.047739,1.0131594,1.03125,0.9693721286370597,0.5906438883299285,129.60767526683586,17,0.25697118,1,False,114,8
505.0,0.96397644,1.8457302,0.9132115,1.125,0.9674329501915708,0.7290487122246021,53.34827789164641,17,0.23162104,1,False,114,9
858.0,0.98457074,2.6126165,1.2926438,1.28125,0.9783352337514253,0.4035359031822172,53.34827789164641,17,0.32785776,1,False,114,10
943.0,0.9720225,1.7549045,0.86827374,0.9375,0.9772020725388602,0.7172292212954675,129.60767526683586,17,0.22022331,0,False,114,11
797.0,0.9695036,1.9239727,0.95192355,1.0,0.9648910411622276,0.7656008050405952,197.5947054270727,17,0.24143972,0,False,114,12
842.0,0.97602147,1.8987529,0.93944556,1.0625,0.9700460829493087,0.6512294949651863,39.877492721817895,17,0.23827487,1,False,114,13
725.0,0.98084456,2.3469827,1.1612161,1.15625,0.9731543624161074,0.6416151344569564,146.61124796909343,17,0.29452333,1,False,114,14
824.0,0.9839021,2.3818643,1.1784745,1.0625,0.9821215733015495,0.5258241536932897,39.877492721817895,17,0.29890063,1,False,114,15
757.0,0.9788175,1.904062,0.9420724,0.96875,0.9705128205128205,0.7459158312574947,197.5947054270727,17,0.23894112,1,False,114,16
821.0,0.9814893,1.8207216,0.9008381,1.0625,0.976218787158145,0.6760077546066786,200.06797615245176,17,0.22848271,1,False,114,17
702.0,0.97663134,1.7276446,0.8870874,1.032258,0.9629629629629629,0.6729720276592225,299.0444063751792,18,0.21002737,1,False,115,1
780.0,0.9752848,2.0009925,1.0274423,1.1612903,0.9713574097135741,0.58449801088189,120.68318182290359,18,0.24325792,1,False,115,2
810.0,0.9618743,1.9053763,0.97834665,1.2258065,0.9665871121718377,0.830655160791286,120.68318182290359,18,0.23163398,0,False,115,3
527.0,0.963744,1.7222257,0.88430494,1.0967742,0.9669724770642202,0.7271362773780672,210.71650358327486,18,0.20936862,0,False,115,4
1106.0,0.9800339,1.9587004,1.0057268,1.1290323,0.9735915492957746,0.750309924055819,129.77067775165253,18,0.23811652,1,False,115,5
572.0,0.9596801,1.7439092,0.89543873,1.0967742,0.9711375212224108,0.7064255876412733,141.39985634231576,18,0.21200466,0,False,115,6
724.0,0.9779343,2.4694798,1.2679949,1.1290323,0.9718120805369127,0.6556343253467168,129.77067775165253,18,0.30021125,1,False,115,7
638.0,0.976926,1.936394,0.9942732,0.9677419,0.9710806697108066,0.8001652773525096,74.50843642708834,18,0.23540476,1,False,115,8
664.0,0.9825829,2.271376,1.1662751,1.0,0.972181551976574,0.7373657385632301,164.11357968364806,18,0.27612805,1,False,115,9
664.0,0.9710392,1.7358629,0.89130723,1.0645162,0.9623188405797102,0.7625811288620292,115.6848710820522,18,0.21102646,1,False,115,10
850.0,0.9745904,1.7934725,0.9208878,1.0,0.9736540664375716,0.7489097569910832,74.50843642708834,18,0.21802999,1,False,115,11
823.0,0.9802071,2.0427625,1.0488899,1.032258,0.9693757361601885,0.8005981487196677,113.33793848215855,18,0.24833584,1,False,115,12
744.0,0.9794023,2.271809,1.1664976,1.1290323,0.9637305699481865,0.747015155634992,113.33793848215855,18,0.2761807,1,False,115,13
686.0,0.97585857,2.0291076,1.0418785,1.0967742,0.9607843137254902,0.8689087166128919,138.65191563475776,18,0.24667582,1,False,115,14
644.0,0.9657983,2.0013022,1.0276014,1.2258065,0.968421052631579,0.8199567933314871,138.65191563475776,18,0.24329557,1,False,115,15
714.0,0.96589893,1.9589771,1.0058689,1.0967742,0.9740791268758526,0.7941877856536881,192.54009797800998,18,0.23815016,1,False,115,16
728.0,0.92717904,1.8860776,0.96843743,1.2258065,0.9591567852437418,0.5560085861356404,225.9152047165737,18,0.22928786,0,False,115,17
943.0,0.97271943,1.7234291,0.88492286,1.016129,0.9711637487126673,0.6494152558159901,192.54009797800998,18,0.2095149,1,False,115,18
449.0,0.970577,2.268003,0.89996123,1.125,0.9676724137931034,0.654505012201155,807.1547834499212,11,0.2134591,0,True,116,1
483.0,0.9709124,2.0650449,0.8194259,1.125,0.966,0.5301899019929007,469.71262154382595,11,0.19435717,1,False,116,2
582.0,0.97796357,2.8970506,1.1495723,1.2916666,0.9667774086378738,0.8038400138613145,81.043580411141,11,0.2726636,1,False,116,3
401.0,0.92093134,1.9830632,0.7868949,1.25,0.9502369668246445,0.6780483615018248,81.043580411141,11,0.18664125,0,False,116,4
896.0,0.97874725,2.585519,1.0259541,1.25,0.9718004338394793,0.827783039121577,77.89847492208823,11,0.24334297,1,False,116,5
883.0,0.9832873,3.3280954,1.3206142,1.2083334,0.9756906077348066,0.4145173695857946,77.89847492208823,11,0.3132325,1,False,116,6
462.0,0.9607367,2.5201118,1.0,1.3333334,0.9585062240663901,0.6084629834134915,208.95578941322665,11,0.237187,1,False,116,7
686.0,0.97419727,2.0976677,0.8323709,0.9791667,0.9594405594405594,0.44880185450496635,105.00587744513403,11,0.19742754,1,False,116,8
1030.0,0.9738888,2.6692555,1.0591813,1.1666666,0.9707822808671065,0.692521891003996,79.993986232164,11,0.25122404,1,False,116,9
635.0,0.97925687,2.488386,0.9874109,1.0833334,0.9739263803680982,0.596226610394058,208.95578941322665,11,0.23420101,1,False,116,10
819.0,0.9828005,3.576974,1.4193711,1.125,0.9692307692307692,0.7722148932227719,79.993986232164,11,0.33665636,1,False,116,11
920.0,0.9774016,1.459278,0.9903695,1.0178572,0.9694415173867229,0.5532626502653419,527.6159911390664,8,0.32046887,1,False,117,1
686.0,0.97615325,1.4892492,1.0107101,1.0892857,0.9594405594405594,0.8212984115144715,116.66241159057026,8,0.3270508,1,False,117,2
761.0,0.9635592,1.4144922,0.95997477,1.0535715,0.9669631512071156,0.7484244859461231,116.66241159057026,8,0.31063357,0,False,117,3
872.0,0.9722369,1.3994306,0.94975287,0.98214287,0.9732142857142857,0.7640634034501819,130.83067513161077,8,0.30732596,1,False,117,4
1162.0,0.9835405,1.5876415,1.077486,1.0892857,0.9667221297836939,0.6687769114831813,130.83067513161077,8,0.3486585,1,False,117,5
327.0,0.7190561,1.4876584,1.0096304,1.1607143,0.6927966101694916,0.8864006260072124,124.75180031295015,8,0.32670143,0,False,117,6
821.0,0.9758964,1.4403168,0.9775011,1.0357143,0.9704491725768322,0.7402143312154398,303.25948560664415,8,0.31630486,1,False,117,7
824.0,0.9709609,1.5122659,1.026331,1.0178572,0.9526011560693641,0.7496672348647192,124.75180031295015,8,0.33210546,1,False,117,8
710.0,0.9746651,1.9639145,1.3345569,1.3103448,0.9659863945578231,0.7318048596742681,1016.1562222887915,3,0.22334714,1,False,118,1
989.0,0.9772971,1.4133049,0.9603961,0.8965517,0.9667644183773216,0.6126924797622112,187.43500932145866,3,0.1607288,1,False,118,2
716.0,0.9720077,1.4715854,1.0,0.86206895,0.9662618083670715,0.5799157536236259,187.43500932145866,3,0.16735677,1,False,118,3
542.0,0.96858245,2.0510733,0.88711095,1.1818181,0.9695885509838998,0.7305199560117772,135.85833506137325,24,0.17695536,1,False,119,1
745.0,0.9810809,2.9559488,1.2784792,1.1363636,0.9700520833333334,0.6337823452333782,126.00763005279734,24,0.25502303,1,False,119,2
697.0,0.9803062,3.3943522,1.4680933,1.2727273,0.9667128987517337,0.5435186205115355,107.25268810605536,24,0.29284608,1,False,119,3
755.0,0.9783934,2.1484046,0.92920774,1.2272727,0.9691912708600771,0.7321672119469422,420.6220150005619,24,0.18535255,1,False,119,4
1130.0,0.9785982,3.2651246,1.412201,1.3636364,0.9775086505190311,0.5336590060546889,107.25268810605536,24,0.28169703,1,False,119,5
830.0,0.9783568,2.7863636,1.2051318,1.1363636,0.9764705882352941,0.31346879006660194,119.76935111778718,24,0.24039215,1,False,119,6
523.0,0.9639391,2.1772988,0.9417048,1.25,0.9703153988868275,0.43784192583689996,103.75215697362557,24,0.1878454,1,False,119,7
443.0,0.95528644,2.2981737,0.99398446,1.2272727,0.9547413793103449,0.8042384090872048,103.1518155364753,24,0.1982738,1,False,119,8
532.0,0.9685921,2.055024,0.88881963,1.0909091,0.9620253164556962,0.8362666749231956,103.1518155364753,24,0.17729618,1,False,119,9
473.0,0.9826562,2.503844,1.082939,0.95454544,0.9732510288065843,0.5588410667303438,187.40409570919218,24,0.21601792,1,False,119,10
852.0,0.95775735,2.652102,1.1470622,1.5909091,0.9692832764505119,0.3399912744721255,207.9762711873882,24,0.2288088,0,False,119,11
695.0,0.97196,2.0026815,0.86618096,1.1818181,0.9706703910614525,0.631337659636795,115.76381429472306,24,0.17278036,1,False,119,12
768.0,0.9722907,2.310251,0.99920803,1.3636364,0.9721518987341772,0.7883400767269684,115.76381429472306,24,0.19931576,1,False,119,13
568.0,0.9799873,3.034091,1.3122765,1.1818181,0.9627118644067797,0.7364398658102338,34.170033823848065,24,0.2617647,1,False,119,14
691.0,0.98140365,2.5658464,1.1097558,1.0909091,0.9677871148459384,0.18320752972895193,52.65512636998774,24,0.22136715,1,False,119,15
520.0,0.97129,2.5572553,1.10604,1.1818181,0.9611829944547134,0.6069070815562795,183.88986739398746,24,0.22062595,1,False,119,16
499.0,0.96514124,2.238568,0.96820444,1.0909091,0.9522900763358778,0.6014201010219943,34.170033823848065,24,0.19313136,1,False,119,17
510.0,0.9616824,2.1654189,0.9365666,1.1363636,0.9550561797752809,0.8416219160618873,133.84348497752464,24,0.18682046,1,False,119,18
575.0,0.9715871,2.313913,1.0007919,1.1363636,0.9778911564625851,0.6850737262271203,52.65512636998774,24,0.1996317,1,False,119,19
336.0,0.9549023,1.7540585,0.7586489,0.8181818,0.9518413597733711,0.6148004554498614,105.4788634634843,24,0.15133053,1,False,119,20
511.0,0.9831586,2.9526772,1.2770642,1.1363636,0.9569288389513109,0.7221074820194319,147.82889025332113,24,0.25474077,1,False,119,21
636.0,0.9643286,1.9332477,0.8361501,1.0,0.9665653495440729,0.5516035209430427,105.4788634634843,24,0.16679,1,False,119,22
610.0,0.9729364,2.4017138,1.0387667,1.3636364,0.9744408945686901,0.5728765375283216,264.8944047225894,24,0.20720668,1,False,119,23
575.0,0.98085684,2.2974703,0.9936803,1.0454545,0.9778911564625851,0.40196482516874726,147.82889025332113,24,0.19821313,1,False,119,24
684.0,0.980488,2.2482355,0.9731589,1.2068965,0.972972972972973,0.7722720180473052,241.7826229391064,22,0.2556817,1,False,120,1
669.0,0.97660923,2.5244575,1.0927228,1.1724138,0.9653679653679653,0.7317425102768593,99.65698909867601,22,0.28709516,1,False,120,2
777.0,0.9777477,2.1782274,0.9428556,1.0344827,0.9628252788104089,0.8653846812731242,143.0145542664998,22,0.24771999,1,False,120,3
650.0,0.9799557,2.3722548,1.0268413,1.137931,0.9701492537313433,0.6274891060603001,99.65698909867601,22,0.26978582,1,False,120,4
632.0,0.9827356,2.5808053,1.1171132,1.3793104,0.9738058551617874,0.4179489999134506,141.2587921643357,22,0.29350334,1,False,120,5
781.0,0.9824175,1.8201245,0.7878491,0.9655172,0.9713930348258707,0.7327757451630666,138.02904010055204,22,0.20699455,1,False,120,6
670.0,0.97642547,2.384457,1.0321231,1.2068965,0.9738372093023255,0.42060206335681305,135.69314456447987,22,0.27117354,1,False,120,7
597.0,0.97552544,2.1955755,0.95036477,1.0689656,0.9707317073170731,0.7237455737715648,201.4282874322088,22,0.2496929,1,False,120,8
815.0,0.98027164,2.460842,1.0651865,1.2758621,0.9760479041916168,0.7506170076775376,138.02904010055204,22,0.27986047,1,False,120,9
603.0,0.9785877,2.7274547,1.1805911,1.4827586,0.9617224880382775,0.76172447742915,48.41544840618691,22,0.3101811,1,False,120,10
651.0,0.98010045,2.7293289,1.1814023,1.1724138,0.9615952732644018,0.6463872115021636,135.69314456447987,22,0.31039426,1,False,120,11
650.0,0.97940356,3.1770823,1.3752145,1.6206896,0.9715994020926756,0.546356746973404,48.41544840618691,22,0.36131522,1,False,120,12
494.0,0.96849203,2.5848107,1.118847,1.4827586,0.9667318982387475,0.5824730166181007,68.92716875510371,22,0.29395887,1,False,120,13
849.0,0.98004603,2.6049712,1.1275735,1.2758621,0.9736238532110092,0.5432206525306394,149.888302707277,22,0.29625162,1,False,120,14
600.0,0.97259766,2.148161,0.92984116,1.2068965,0.9724473257698542,0.5778247719712617,172.15176182744682,22,0.24430065,1,False,120,15
408.0,0.9145472,1.6902468,0.731631,0.9655172,0.96,0.5753655688311194,106.42568909749727,22,0.19222414,1,False,120,16
908.0,0.98334575,2.7428606,1.1872596,0.82758623,0.9680170575692963,0.6793318729435034,101.21815537880752,22,0.31193316,1,False,120,17
733.0,0.9808125,2.2068496,0.9552448,0.86206895,0.9682959048877147,0.5816490714834399,52.29259017504282,22,0.25097504,1,False,120,18
569.0,0.97185475,2.0233924,0.8758346,1.0344827,0.9515050167224081,0.7620496435974318,137.86312576687908,22,0.2301113,1,False,120,19
797.0,0.97685045,2.0696146,0.8958421,0.9655172,0.9719512195121951,0.5043686009089657,106.42568909749727,22,0.23536792,1,False,120,20
659.0,0.9777265,2.0307677,0.87902695,0.62068963,0.966275659824047,0.772526452335679,52.29259017504282,22,0.23095004,1,False,120,21
487.0,0.9624535,1.693054,0.7328461,0.9655172,0.960552268244576,0.4479654254787229,127.10667481903194,22,0.19254339,0,False,120,22
1071.0,0.9754505,2.1436179,1.1155437,1.1851852,0.970108695652174,0.5828476938359484,151.92957970649806,14,0.22697131,1,False,121,1
766.0,0.97075665,1.7411759,0.906112,1.1111112,0.9782886334610472,0.5128510233898069,241.6618425832551,14,0.1843598,1,False,121,2
819.0,0.9686862,1.9907746,1.0360038,1.2222222,0.9658018867924528,0.758442911249253,68.31542207821377,14,0.2107879,1,False,121,3
864.0,0.96058935,1.7781206,0.92533815,1.037037,0.9515418502202643,0.6745012489684629,31.723180828009845,14,0.1882716,1,False,121,4
726.0,0.9708538,2.180492,1.1347331,1.1111112,0.968,0.5384527630067448,31.723180828009845,14,0.23087561,1,False,121,5
651.0,0.9728865,1.8053138,0.93948954,1.074074,0.9745508982035929,0.6963518065446505,245.53781701418598,14,0.19115087,1,False,121,6
848.0,0.97891986,2.1549177,1.1214242,1.1111112,0.9769585253456221,0.4236516133115158,56.79341124884194,14,0.22816777,1,False,121,7
759.0,0.9702927,1.5413069,0.8020997,0.962963,0.9705882352941176,0.5327578951712689,154.5765510960975,14,0.16319719,1,False,121,8
726.0,0.9753028,1.6851342,0.87694776,1.037037,0.9692923898531375,0.5707097129696028,40.58366687089684,14,0.17842597,1,False,121,9
1199.0,0.97632384,2.1946375,1.1420945,1.1851852,0.9787755102040816,0.45055714220606446,72.91403124410695,14,0.23237337,1,False,121,10
619.0,0.9435937,1.6484772,0.8578714,1.037037,0.9493865030674846,0.6231425153782008,40.58366687089684,14,0.17454465,1,False,121,11
898.0,0.9775293,2.054607,1.0692222,1.074074,0.9655913978494624,0.5777307751840374,72.91403124410695,14,0.21754663,1,False,121,12
513.0,0.9435031,1.8941592,0.9857249,1.2962962,0.9661016949152542,0.3236502486554957,339.9302686054684,14,0.20055804,1,False,121,13
874.0,0.975439,1.9490211,1.0142752,1.2962962,0.9700332963374029,0.6417050848300581,339.9302686054684,14,0.20636694,1,False,121,14
1100.0,0.9859712,2.5146172,1.3280122,1.1578947,0.9725906277630415,0.3309066440271398,449.34846180414706,12,0.37472728,1,False,122,1
1208.0,0.98312277,2.5386024,1.3406792,1.2894737,0.9718423169750603,0.337568253304009,409.75160113726946,12,0.37830153,1,False,122,2
587.0,0.9503151,1.7359902,0.916806,1.1842105,0.9670510708401977,0.7503663139607999,314.52347160333625,12,0.2586966,0,False,122,3
775.0,0.9833247,1.7524958,0.92552286,0.84210527,0.9699624530663329,0.7788871378893493,104.198219320824,12,0.26115623,1,False,122,4
601.0,0.9653491,1.4094054,0.744331,0.92105263,0.9740680713128039,0.6082937582322036,104.198219320824,12,0.21002904,0,False,122,5
770.0,0.9776881,1.8839029,0.99492127,1.1315789,0.9673366834170855,0.7807734735546233,398.4604585035317,12,0.28073847,1,False,122,6
811.0,0.95439595,1.9632683,1.0368354,1.2894737,0.9597633136094674,0.6229858595227494,97.01141901934191,12,0.29256546,0,False,122,7
824.0,0.9808,1.9031363,1.0050787,1.1578947,0.959254947613504,0.6258769364323458,240.77881847804562,12,0.28360462,1,False,122,8
539.0,0.95190656,1.6410018,0.86664104,1.1578947,0.9694244604316546,0.7326131260548071,97.01141901934191,12,0.24454145,0,False,122,9
654.0,0.97993493,1.9730806,1.0420175,0.94736844,0.9646017699115044,0.7830321654219496,65.44068016934108,12,0.29402772,1,False,122,10
971.0,0.97844875,1.5281044,0.807018,0.8684211,0.9729458917835672,0.6152921335985643,65.44068016934108,12,0.22771753,1,False,122,11
747.0,0.9862281,2.05471,1.0851274,0.7368421,0.9751958224543081,0.7873966843427969,315.5009321955883,12,0.30619207,1,False,122,12
533.0,0.96948653,2.0009034,0.940133,1.1851852,0.9673321234119783,0.6779859244985128,119.75350167518071,26,0.21186036,1,False,123,1
506.0,0.94877774,2.1602986,1.0150255,1.2222222,0.9583333333333334,0.7290827094271524,119.75350167518071,26,0.2287375,1,False,123,2
586.0,0.9678643,2.0534067,0.9648019,0.962963,0.9466882067851373,0.7992950865570391,27.175144578126613,26,0.21741952,1,False,123,3
530.0,0.9525916,2.324179,1.0920254,1.2222222,0.9636363636363636,0.7661900204780118,27.175144578126613,26,0.24608953,1,False,123,4
512.0,0.97052956,2.1561778,1.0130893,1.0,0.9696969696969697,0.5723707546382262,36.83622663114995,26,0.22830117,1,False,123,5
671.0,0.9712955,1.848816,0.8686741,1.1111112,0.972463768115942,0.650168321347536,149.82131747923574,26,0.195757,1,False,123,6
905.0,0.9655338,2.1071005,0.99003017,1.2592592,0.9752155172413793,0.3166093873933662,191.2204434269899,26,0.22310476,1,False,123,7
764.0,0.96922743,2.214078,1.0402939,1.2222222,0.9597989949748744,0.6858858615510955,143.64896105834742,26,0.23443179,1,False,123,8
514.0,0.92347854,1.868569,0.87795514,1.1111112,0.9661654135338346,0.7687718096642989,93.77182757669961,26,0.19784848,1,False,123,9
647.0,0.98037666,2.967199,1.3941512,1.1851852,0.9671150971599403,0.558858089525479,149.82131747923574,26,0.314174,1,False,123,10
619.0,0.97292286,2.0290792,0.9533715,1.074074,0.9671875,0.3664013748625197,151.25908832468494,26,0.21484368,1,False,123,11
649.0,0.97499233,1.9770017,0.9289027,1.074074,0.9730134932533733,0.7808037177923041,136.67693310020522,26,0.20932958,1,False,123,12
1028.0,0.97145075,2.5279582,1.1877719,1.4074074,0.969811320754717,0.7130885802216366,234.32530183794586,26,0.26766616,1,False,123,13
597.0,0.972253,2.1810906,1.0247947,1.1481482,0.9536741214057508,0.8225310257027894,37.04659714528426,26,0.230939,1,False,123,14
535.0,0.9277919,2.1850467,1.0266535,1.2962962,0.9657039711191335,0.648693473181601,37.04659714528426,26,0.23135789,1,False,123,15
712.0,0.97408545,1.6092905,0.756132,0.8518519,0.9726775956284153,0.7424216026294607,211.0963830448627,26,0.17039546,1,False,123,16
874.0,0.9835616,2.8337147,1.3314329,1.1481482,0.9646799116997793,0.6251484567956231,30.59933224074864,26,0.3000404,1,False,123,17
677.0,0.97236705,2.6172109,1.2297077,1.2592592,0.9643874643874644,0.7629208678372048,98.83865550656569,26,0.27711645,1,False,123,18
709.0,0.97765476,2.990127,1.4049239,1.1481482,0.9699042407660738,0.760621154564893,30.59933224074864,26,0.3166017,1,False,123,19
826.0,0.98090917,2.1867545,1.0274559,1.037037,0.9660818713450292,0.7480733270900813,106.23840014196323,26,0.23153871,1,False,123,20
361.0,0.9395505,2.0576587,0.96679974,1.2592592,0.9626666666666667,0.4890967784025076,98.83865550656569,26,0.21786974,1,False,123,21
716.0,0.9777607,1.855628,0.87187475,0.8888889,0.9688768606224628,0.6199681348154336,136.21979459683453,26,0.19647826,1,False,123,22
716.0,0.97967225,2.117577,0.9949526,0.9259259,0.9781420765027322,0.7440464576581919,211.0963830448627,26,0.22421403,1,False,123,23
699.0,0.97361535,1.5187835,0.7136069,0.8518519,0.9708333333333333,0.7115054790190138,136.50945542645167,26,0.16081236,1,False,123,24
803.0,0.9760061,2.139062,1.0050473,0.9259259,0.9628297362110312,0.7030935622813631,136.50945542645167,26,0.2264889,1,False,123,25
772.0,0.9751451,1.8586644,0.8733014,1.037037,0.9625935162094763,0.8304110841521589,610.8524349413441,26,0.19679976,1,False,123,26
533.0,0.94790506,2.0266325,1.0,1.4634147,0.9586330935251799,0.7611601548329039,79.8487435788758,11,0.32585073,0,False,124,1
647.0,0.9759361,2.1499228,1.060835,1.4634147,0.9788199697428139,0.520564790671051,173.89051379992736,11,0.34567386,0,True,124,2
779.0,0.9718759,1.9773005,0.9756581,1.5609756,0.9653035935563816,0.7345920751088681,79.8487435788758,11,0.3179189,0,False,124,3
414.0,0.91675746,1.5480145,0.7638358,1.0731708,0.9539170506912442,0.7670220259856834,187.71613874558173,11,0.24889646,1,False,124,4
819.0,0.97732025,2.0133715,0.9934566,1.3414634,0.9635294117647059,0.7316628976020256,112.0972013657455,11,0.32371855,1,False,124,5
827.0,0.9806146,2.5938005,1.2798574,1.5121951,0.9672514619883041,0.8051298111781239,187.71613874558173,11,0.41704246,1,False,124,6
409.0,0.9399426,1.5200071,0.75001615,0.9512195,0.9511627906976744,0.8866049059600972,130.6674493270147,11,0.2443933,0,False,124,7
705.0,0.96888644,2.1412559,1.0565585,1.5121951,0.9724137931034482,0.7473402239509919,97.8023717594301,11,0.34428036,0,False,124,8
892.0,0.9781089,2.0961664,1.03431,1.5121951,0.970620239390642,0.7709386893130837,97.8023717594301,11,0.33703068,1,False,124,9
735.0,0.9857515,2.3241413,1.1467996,0.9512195,0.9683794466403162,0.6969571533027716,139.07343888172392,11,0.37368548,1,False,124,10
742.0,0.9750937,1.7775952,0.87711763,1.0243902,0.961139896373057,0.8467137924792879,139.07343888172392,11,0.28580943,0,False,124,11
1109.0,0.9776293,1.5886827,1.0018817,1.0377358,0.9728070175438597,0.36930188187883806,569.9285553422342,14,0.3301968,1,False,125,1
833.0,0.9774107,1.5948492,1.0057706,1.1320754,0.9719953325554259,0.7221739956272443,236.10182588066306,14,0.33147848,1,False,125,2
864.0,0.96862113,1.5994934,1.0086993,1.2075472,0.96,0.6872452798927345,236.10182588066306,14,0.3324437,0,False,125,3
391.0,0.8328517,1.4196304,0.8952711,1.1698114,0.9178403755868545,0.8313657749610387,248.07452141365346,14,0.29506043,0,False,125,4
1110.0,0.9724152,1.7016997,1.0731544,1.245283,0.9728308501314636,0.5617438853262146,113.59515313443882,14,0.3536866,0,False,125,5
485.0,0.9538851,1.5452636,0.97450006,1.245283,0.9603960396039604,0.5697427345984151,127.81016759136706,14,0.32117245,0,False,125,6
660.0,0.946548,1.7591767,1.1094016,1.2830188,0.9792284866468842,0.7577209450188006,113.59515313443882,14,0.3656328,0,False,125,7
607.0,0.97240365,1.3196667,0.8322304,0.7924528,0.9758842443729904,0.8508733431039335,278.59881406183905,14,0.27428368,0,True,125,8
626.0,0.91770196,1.4724817,0.92860115,1.1886792,0.945619335347432,0.6774595118994895,104.28760913931121,14,0.30604523,0,False,125,9
1354.0,0.97331583,1.7620189,1.1111939,1.1698114,0.9442119944211994,0.7683906984855431,166.88277285169792,14,0.36622354,0,False,125,10
758.0,0.9772672,1.5827152,0.9981184,1.1132076,0.9643765903307888,0.6146091222939092,104.28760913931121,14,0.32895648,1,False,125,11
908.0,0.97694,1.3749688,0.86710584,0.9622642,0.9732047159699893,0.7760983631208694,194.49217806614575,14,0.2857778,1,False,125,12
537.0,0.97508126,1.7625873,1.1115524,1.1320754,0.9710669077757685,0.6474361913535058,166.88277285169792,14,0.36634168,1,False,125,13
530.0,0.9312905,1.0364187,0.65360373,0.6037736,0.9584086799276673,0.8492275251362104,278.59881406183905,14,0.2154125,0,False,125,14
780.0,0.9799899,2.7627714,1.1528295,1.1923077,0.9701492537313433,0.7344934442489864,127.74659162165008,63,0.28169432,1,False,126,1
773.0,0.97438955,2.686785,1.1211225,1.2692307,0.9614427860696517,0.5521780572585967,71.19367928161323,63,0.2739467,1,False,126,2
1007.0,0.98243886,3.272019,1.3653246,1.2692307,0.9738878143133463,0.5671492751027246,66.54795226577808,63,0.33361763,1,False,126,3
618.0,0.9833305,3.9404407,1.644239,1.2307693,0.9671361502347418,0.6930198374107676,66.54795226577808,63,0.4017704,1,False,126,4
810.0,0.97386974,2.2077873,0.9212497,1.2692307,0.967741935483871,0.4542136354791759,134.99310448515124,63,0.22510773,0,False,126,5
396.0,0.86544275,2.099553,0.87608653,1.3461539,0.8741721854304636,0.6931280054952985,71.19367928161323,63,0.2140721,0,False,126,6
1027.0,0.98328435,3.858737,1.6101462,1.2692307,0.9697828139754485,0.7184348635617349,109.56204805144566,63,0.39343986,1,False,126,7
868.0,0.97920644,2.8399503,1.1850342,1.2307693,0.9752808988764045,0.7065782527748614,105.81034473830462,63,0.28956357,1,False,126,8
637.0,0.97378457,2.0443788,0.85306376,1.1153846,0.9680851063829787,0.7707682617742644,51.28555718785552,63,0.20844646,1,False,126,9
814.0,0.97460395,2.067993,0.8629173,1.1538461,0.9678953626634959,0.648338909228389,142.82168955834774,63,0.21085417,1,False,126,10
812.0,0.9814062,3.3882153,1.4138103,1.2307693,0.9759615384615384,0.611119376837971,131.99309732678103,63,0.3454651,1,False,126,11
362.0,0.96078104,1.9811943,0.8266986,1.0384616,0.9627659574468085,0.5580864835093147,70.16270989136272,63,0.20200412,0,True,126,12
793.0,0.97987884,2.1043262,0.8780782,1.0384616,0.9742014742014742,0.6839146778871464,109.56204805144566,63,0.21455875,1,False,126,13
745.0,0.9895429,3.692256,1.5406781,1.1538461,0.9650259067357513,0.6462183873446594,50.215558035328755,63,0.37646532,1,False,126,14
622.0,0.98018694,2.633317,1.0988116,1.1153846,0.9539877300613497,0.684647276709377,146.1646700939979,63,0.26849505,1,False,126,15
811.0,0.98063976,3.2882483,1.3720968,1.1923077,0.9609004739336493,0.8176127366930452,50.215558035328755,63,0.33527237,1,False,126,16
907.0,0.9798125,3.726444,1.5549439,1.1923077,0.9837310195227765,0.6318088132758717,95.30614614277916,63,0.37995115,1,False,126,17
685.0,0.9715414,2.5934308,1.0821682,1.3076923,0.9634317862165963,0.7216027407892597,35.72368093904372,63,0.26442823,1,False,126,18
946.0,0.9783747,3.0728166,1.282203,1.3076923,0.9653061224489796,0.8385307883864429,35.72368093904372,63,0.3133068,1,False,126,19
659.0,0.9762861,2.2276175,0.9295243,1.2307693,0.9676945668135095,0.766266954908151,49.07503608600394,63,0.22712964,1,False,126,20
650.0,0.97824144,3.6832545,1.5369221,1.2307693,0.9629629629629629,0.7989522951275557,49.07503608600394,63,0.37554753,1,False,126,21
931.0,0.9759919,2.2696853,0.94707805,1.3076923,0.974869109947644,0.4123381594209541,95.30614614277916,63,0.23141888,1,False,126,22
694.0,0.98282576,2.2916758,0.95625407,1.1923077,0.9706293706293706,0.711808808877253,52.98948475814693,63,0.23366107,1,False,126,23
919.0,0.9808444,2.7938814,1.1658108,1.2307693,0.9787007454739084,0.40710502561788164,53.412604553890645,63,0.28486633,1,False,126,24
409.0,0.982164,3.146323,1.3128752,1.0,0.9831730769230769,0.29594281267368305,111.1263714048359,63,0.32080156,1,True,126,25
852.0,0.970624,2.6401677,1.1016703,1.4615384,0.9659863945578231,0.7808608896573064,61.59875103656609,63,0.2691936,1,False,126,26
688.0,0.97738224,2.719309,1.1346939,1.3461539,0.9662921348314607,0.6172518974320689,44.709571407519725,63,0.27726287,1,False,126,27
462.0,0.95326346,2.2825508,0.95244646,1.2692307,0.9604989604989606,0.7846716269954755,56.23022506395776,63,0.23273067,1,False,126,28
620.0,0.97455347,2.1067617,0.8790945,1.0769231,0.9553158705701078,0.8256492038261528,56.23022506395776,63,0.21480708,1,False,126,29
828.0,0.9723862,2.137263,0.89182186,1.2307693,0.971830985915493,0.5683916143083615,53.412604553890645,63,0.21791703,0,False,126,30
692.0,0.9752451,2.1061583,0.87884265,1.1538461,0.9678321678321679,0.5063298585482708,103.87961005430994,63,0.21474555,1,False,126,31
863.0,0.9746512,2.2781444,0.9506078,1.2307693,0.9751412429378531,0.38982157252412347,44.709571407519725,63,0.23228137,1,False,126,32
938.0,0.98231983,2.6002543,1.0850155,1.1923077,0.9670103092783505,0.7067654182513136,61.59875103656609,63,0.26512396,1,False,126,33
583.0,0.98094445,3.9220214,1.636553,0.96153843,0.9700499168053245,0.6377377750044709,76.37513418526713,63,0.3998924,1,False,126,34
725.0,0.975625,2.1944296,0.9156759,1.1153846,0.9666666666666667,0.8021053848197364,49.44600454069994,63,0.22374578,1,False,126,35
556.0,0.98107034,2.3965135,1.0,1.0769231,0.9771528998242531,0.32503366030913144,78.55944524120257,63,0.2443504,1,True,126,36
448.0,0.93610924,1.748884,0.7297618,1.0,0.9613733905579399,0.6649804115722082,49.44600454069994,63,0.17831758,0,False,126,37
462.0,0.9482284,2.0132368,0.84006906,1.0,0.9506172839506173,0.8560250370603305,78.55944524120257,63,0.2052712,1,False,126,38
659.0,0.97564226,2.6790009,1.1178743,1.3076923,0.945480631276901,0.818120537295465,108.02863188689324,63,0.27315304,1,False,126,39
803.0,0.9825058,5.388782,2.2485924,1.2307693,0.9663056558363418,0.8388137288869568,86.33567788159476,63,0.54944444,1,False,126,40
640.0,0.959874,2.168149,0.9047097,1.2307693,0.9653092006033183,0.7504803545794217,60.95240868858443,63,0.22106618,1,False,126,41
580.0,0.98327637,3.518236,1.4680643,1.2307693,0.9618573797678275,0.5487417344315499,86.33567788159476,63,0.3587221,1,False,126,42
765.0,0.9755438,2.2569633,0.9417695,1.2692307,0.9770114942528736,0.6372592268913153,66.13288157022075,63,0.23012175,1,False,126,43
698.0,0.91787714,2.5732312,1.0737395,1.6923077,0.9344042838018741,0.6469441273900347,226.7786586565955,63,0.26236868,1,False,126,44
654.0,0.9815267,2.5460482,1.0623968,0.88461536,0.9688888888888889,0.6791242670483748,66.38042830564332,63,0.25959706,1,False,126,45
968.0,0.9748429,2.4488637,1.0218444,1.3461539,0.9738430583501007,0.42537331863106764,94.87875540051238,63,0.24968806,1,False,126,46
634.0,0.9762806,2.058481,0.85894823,1.1538461,0.9635258358662614,0.5908485918250759,84.49120161685507,63,0.20988433,1,False,126,47
508.0,0.9511623,2.162023,0.90215355,1.1923077,0.9639468690702088,0.7913829451741358,66.38042830564332,63,0.22044155,1,False,126,48
512.0,0.97519016,2.3952825,0.9994863,1.1153846,0.9678638941398866,0.7948097041052926,94.87875540051238,63,0.24422488,1,False,126,49
741.0,0.9720836,2.3480225,0.979766,1.2307693,0.9698952879581152,0.641511740122542,84.49120161685507,63,0.23940621,1,False,126,50
986.0,0.9849896,3.1833358,1.3283195,1.1923077,0.9695181907571289,0.663770892572924,88.08665618955786,63,0.32457542,1,False,126,51
780.0,0.9786784,2.8211539,1.1771909,1.2307693,0.9737827715355806,0.7576190608477592,145.3997710241309,63,0.28764704,1,False,126,52
320.0,0.9550934,2.3146634,0.9658462,1.1923077,0.975609756097561,0.6172705832658791,153.9176495198051,63,0.2360049,0,True,126,53
1021.0,0.9800713,2.3323665,0.9732332,1.0769231,0.9733079122974261,0.503465771923662,161.3458403823204,63,0.23780991,1,False,126,54
764.0,0.9664671,2.2775373,0.9503545,1.1923077,0.9622166246851386,0.8520676626042959,104.83611225940766,63,0.23221949,1,False,126,55
971.0,0.98438907,3.2812724,1.3691859,1.1153846,0.9798183652875883,0.5197592341104499,88.08665618955786,63,0.3345611,1,False,126,56
679.0,0.95886356,1.9709414,0.82242036,1.1538461,0.9576868829337094,0.7346356437963293,111.86544589219343,63,0.20095873,0,False,126,57
543.0,0.9665379,1.7445105,0.72793686,0.7307692,0.9713774597495528,0.7998139619377027,124.86578061967568,63,0.17787166,1,False,126,58
1013.0,0.9841726,3.0700507,1.2810488,1.1923077,0.9749759384023099,0.6101736512276573,40.29733275855709,63,0.3130248,1,False,126,59
738.0,0.97253317,2.197363,0.91689986,1.0769231,0.9672346002621232,0.7551974271002854,40.29733275855709,63,0.22404484,1,False,126,60
919.0,0.9786697,2.5389636,1.0594406,0.96153843,0.9735169491525424,0.7725042805618959,100.18278685806288,63,0.2588747,1,False,126,61
842.0,0.9832123,2.348392,0.9799202,1.0769231,0.9767981438515081,0.6976132056422057,118.26039959608279,63,0.2394439,1,False,126,62
681.0,0.97787464,2.0404947,0.85144305,0.9230769,0.9742489270386266,0.8701238807851556,118.26039959608279,63,0.20805044,1,False,126,63
676.0,0.93164927,2.4529364,1.3764822,1.5555556,0.9670958512160229,0.6677506737778335,80.02349910201158,20,0.25972268,1,False,127,1
1146.0,0.982767,2.2423565,1.2583139,1.2592592,0.9687235841081995,0.674742283781186,80.02349910201158,20,0.237426,1,False,127,2
725.0,0.9753152,1.9084036,1.0709139,1.074074,0.958994708994709,0.8578354973183199,199.62166704410512,20,0.20206626,0,False,127,3
737.0,0.9714432,2.0850294,1.1700287,1.1851852,0.9774535809018567,0.6728687485998615,261.28864967495423,20,0.22076783,1,False,127,4
786.0,0.9776149,1.6055509,0.900966,0.962963,0.9739776951672863,0.5787924228577407,260.014970081816,20,0.1699995,1,False,127,5
501.0,0.96337986,1.8602796,1.0439087,1.1111112,0.9616122840690979,0.804913580986251,90.05727675505928,20,0.19697078,1,False,127,6
775.0,0.954283,1.956129,1.0976954,1.2222222,0.96875,0.6570474134730545,90.05727675505928,20,0.20711954,1,False,127,7
672.0,0.9733712,1.7314264,0.9716019,1.1111112,0.9710982658959537,0.6835056175355488,110.1888702136593,20,0.1833275,1,False,127,8
497.0,0.9172054,1.7882107,1.0034668,1.1111112,0.9289719626168225,0.809896077874035,127.84884264322686,20,0.18933995,1,False,127,9
541.0,0.96827704,1.6944616,0.95085883,0.962963,0.9660714285714286,0.46662783003425273,184.04343710719468,20,0.17941357,1,False,127,10
767.0,0.9752307,1.8393935,1.0321884,1.1111112,0.9733502538071066,0.5588616024436268,109.29220693207782,20,0.19475931,1,False,127,11
793.0,0.9715762,1.9673998,1.10402,1.3333334,0.9706242350061199,0.7689286443346912,333.9759470989673,20,0.20831293,1,False,127,12
596.0,0.9654328,1.7685807,0.9924513,1.1111112,0.9691056910569106,0.6315166060951933,109.29220693207782,20,0.18726148,1,False,127,13
879.0,0.9735517,1.4219441,0.7979338,0.8518519,0.9712707182320443,0.6476396072982025,153.1422554022942,20,0.15055878,1,False,127,14
520.0,0.94825345,1.7758547,0.99653316,1.1111112,0.9629629629629629,0.7069295960306606,183.81193978518252,20,0.18803167,1,False,127,15
752.0,0.96914154,1.6158392,0.90673935,0.962963,0.9628681177976952,0.6823626791153273,241.40074014244001,20,0.17108886,1,False,127,16
714.0,0.9600936,1.3476502,0.7562432,0.8148148,0.9622641509433962,0.7881840442359862,72.89773122220993,20,0.14269237,1,False,127,17
549.0,0.9559551,1.3136343,0.73715496,0.8148148,0.9699646643109541,0.6431909463156097,52.46094251457611,20,0.13909069,1,False,127,18
345.0,0.886665,1.3738058,0.77092063,0.7777778,0.9426229508196722,0.5081294317813713,52.46094251457611,20,0.14546178,1,False,127,19
452.0,0.81379795,2.1521633,1.2077013,1.3703704,0.9416666666666667,0.8168174635912152,333.9759470989673,20,0.2278761,1,False,127,20
782.0,0.9696254,1.8290708,0.97529125,1.1388888,0.9750623441396509,0.6519155796420741,139.256753117295,22,0.25822178,1,False,128,1
622.0,0.9621142,1.4702126,0.78394204,1.0,0.9554531490015361,0.6171642841892518,319.12349042883767,22,0.20755942,0,False,128,2
1097.0,0.98511744,2.7472653,1.464888,1.1666666,0.9759786476868327,0.563009687952516,81.72571193995962,22,0.3878492,1,False,128,3
803.0,0.9736231,1.8878165,1.0066155,1.1111112,0.963985594237695,0.7232391690557127,81.72571193995962,22,0.26651528,1,False,128,4
897.0,0.97950363,2.8314753,1.5097902,1.1111112,0.968682505399568,0.6527425406770879,139.256753117295,22,0.3997377,1,False,128,5
940.0,0.98224264,2.39539,1.2772622,1.1111112,0.9740932642487047,0.5724333852785798,71.1704241274302,22,0.3381727,1,False,128,6
391.0,0.9643355,1.6421568,0.8756256,1.0555556,0.972636815920398,0.6968359441594494,55.08836895249998,22,0.2318339,1,False,128,7
953.0,0.98634195,2.8054972,1.4959382,1.0555556,0.9684959349593496,0.7718367016606684,83.64914140712614,22,0.3960702,1,False,128,8
602.0,0.95528007,1.7756553,0.9468092,1.0833334,0.9756888168557536,0.6571195981837001,53.23943724135264,22,0.25068074,1,False,128,9
507.0,0.9710103,2.0806487,1.1094368,1.1111112,0.9620493358633776,0.49039354591370543,62.77707823420441,22,0.29373863,1,False,128,10
586.0,0.97793484,2.155527,1.1493633,1.1111112,0.966996699669967,0.450051429096952,53.23943724135264,22,0.3043097,0,False,128,11
467.0,0.95939845,1.6727338,0.89192975,1.0833334,0.9688796680497925,0.5335236869099937,83.64914140712614,22,0.23615064,1,False,128,12
608.0,0.97511935,1.9580135,1.0440457,1.1111112,0.9728,0.44714297186569757,62.77707823420441,22,0.27642545,1,False,128,13
646.0,0.9637115,1.8630033,0.9933846,1.1666666,0.9670658682634731,0.5766053342976868,71.83508346175805,22,0.26301223,0,False,128,14
389.0,0.95643127,1.939303,1.034069,1.1944444,0.970074812967581,0.7613919570464123,71.83508346175805,22,0.27378395,1,False,128,15
654.0,0.97385454,1.9374788,1.0330962,1.0833334,0.9746646795827124,0.6622470714727162,179.5405927228256,22,0.27352643,1,False,128,16
775.0,0.97910726,1.8399283,0.98108065,0.9444444,0.9699624530663329,0.6714757908620045,225.72205721509263,22,0.2597546,1,False,128,17
597.0,0.97126585,1.8080215,0.96406746,1.1666666,0.9629032258064516,0.6111632854172626,333.81130328151215,22,0.2552501,1,False,128,18
609.0,0.98227036,2.6612387,1.4190171,1.0833334,0.9620853080568721,0.5081547669377534,179.5405927228256,22,0.3757043,0,False,128,19
541.0,0.9593364,1.5172007,0.80899686,0.8888889,0.9575221238938053,0.7110580433496483,133.31365730940055,22,0.21419303,1,False,128,20
580.0,0.97468853,1.281705,0.6834266,0.5555556,0.9747899159663865,0.5516318835377056,585.3392103877657,22,0.18094659,1,False,128,21
864.0,0.96042943,1.5198367,0.8104024,0.8333333,0.9610678531701891,0.6297681426610828,133.31365730940055,22,0.21456517,1,False,128,22
750.0,0.9749453,2.7050195,0.8657404,1.2941177,0.9640102827763496,0.8350234343431859,186.98410985446316,49,0.18033464,1,False,129,1
663.0,0.9637339,2.166711,0.69345504,1.117647,0.9622641509433962,0.7218428167783584,74.55078861164337,49,0.1444474,0,False,129,2
917.0,0.9816812,3.3249726,1.0641562,1.1764706,0.9693446088794926,0.6229038187771911,43.99864654460754,49,0.22166485,1,False,129,3
1183.0,0.9844769,4.4519415,1.4248421,1.2941177,0.969672131147541,0.7539911858378464,43.99864654460754,49,0.2967961,1,False,129,4
849.0,0.9779859,2.5174253,0.805701,1.117647,0.9702857142857143,0.7087170708029973,280.7307061741377,49,0.16782835,1,False,129,5
958.0,0.98639846,3.6228046,1.1594772,1.117647,0.9755600814663951,0.7491150752061204,110.14344629695158,49,0.24152032,1,False,129,6
1076.0,0.9832927,3.3825169,1.0825732,1.1764706,0.9746376811594203,0.43658010804446007,132.5529570850861,49,0.22550113,1,False,129,7
646.0,0.9685497,2.788563,0.8924785,1.4117647,0.9472140762463344,0.6848436894294101,143.37309978298978,49,0.1859042,1,False,129,8
837.0,0.9613289,2.5358071,0.8115841,1.2941177,0.9665127020785219,0.7414335217479378,42.28817033443647,49,0.16905381,1,False,129,9
1074.0,0.9820227,3.3535438,1.0733004,1.5294118,0.9684400360685302,0.5520798125413933,32.044171326667836,49,0.22356957,1,False,129,10
811.0,0.9784723,2.9467614,0.94310987,1.5294118,0.9700956937799043,0.6711717033378786,32.044171326667836,49,0.19645076,1,False,129,11
1246.0,0.970238,2.7885942,0.89248854,1.2352941,0.9209164818920916,0.733706544589377,47.2146314193506,49,0.18590628,0,False,129,12
1052.0,0.9756514,3.1006486,0.9923614,1.3529412,0.973172987974098,0.6251402729969595,42.28817033443647,49,0.2067099,1,False,129,13
804.0,0.9800643,3.052751,0.9770318,1.117647,0.9675090252707581,0.7081209776685482,144.18763924293847,49,0.20351674,1,False,129,14
774.0,0.9671262,3.0138319,0.9645757,1.9411764,0.9626865671641791,0.6067016223012931,44.27446316799708,49,0.20092213,1,False,129,15
845.0,0.9761829,3.4155238,1.093137,1.5294118,0.9701492537313433,0.692668875293395,43.659969435185445,49,0.22770159,1,False,129,16
591.0,0.95662147,2.6549218,0.8497067,1.3529412,0.9656862745098039,0.33537117439127656,173.32392626674948,49,0.17699479,0,False,129,17
1295.0,0.9463249,3.6076312,1.154621,1.9411764,0.8726415094339622,0.8573756699154729,43.659969435185445,49,0.24050875,1,False,129,18
709.0,0.98047495,3.2774413,1.0489439,1.0588236,0.9725651577503429,0.4567409091764164,102.69829921542562,49,0.21849608,1,False,129,19
418.0,0.9002037,2.6722488,0.8552522,1.1764706,0.9457013574660633,0.7182882128649839,83.29654318476284,49,0.17814992,0,False,129,20
939.0,0.98256433,3.602393,1.1529444,1.2352941,0.9760914760914761,0.6133419426462944,93.88866756691938,49,0.24015953,1,False,129,21
843.0,0.98182815,4.871956,1.5592676,1.2941177,0.9711981566820277,0.5980545299054015,47.51814356890651,49,0.32479706,1,False,129,22
662.0,0.97146875,2.2382264,0.7163435,1.0,0.9706744868035191,0.699519810906377,83.29654318476284,49,0.1492151,0,False,129,23
609.0,0.9659606,2.9704432,0.9506892,1.3529412,0.9666666666666667,0.5026881481559329,31.363235211091958,49,0.19802955,1,False,129,24
1465.0,0.9794495,3.5172455,1.1256931,1.3529412,0.915625,0.8039097495932319,48.737536673265204,49,0.23448303,0,False,129,25
768.0,0.98182106,3.9890473,1.2766931,1.1764706,0.9696969696969697,0.31596945741804766,123.83008109451494,49,0.2659365,1,False,129,26
707.0,0.97233164,2.972793,0.9514413,1.4117647,0.9724896836313618,0.412595771706985,31.363235211091958,49,0.1981862,1,False,129,27
597.0,0.96401197,2.1588335,0.6909338,1.0,0.9521531100478469,0.7995027044573615,47.51814356890651,49,0.14392222,0,False,129,28
1088.0,0.9802924,3.3135815,1.0605105,1.3529412,0.9757847533632287,0.5633924372709954,164.54218037674562,49,0.22090542,1,False,129,29
1015.0,0.97447276,3.019125,0.9662698,1.4117647,0.9806763285024155,0.6386552628882988,62.64796765067295,49,0.20127499,1,False,129,30
979.0,0.9824608,3.6990328,1.183874,1.4117647,0.979,0.6119662858463487,59.93499972288069,49,0.24660218,1,False,129,31
894.0,0.9828779,3.8478088,1.2314898,1.1764706,0.9685807150595883,0.509388508513651,80.90070418123325,49,0.2565206,1,False,129,32
733.0,0.9826843,4.8019423,1.5368598,1.0588236,0.9760319573901465,0.5869983118133218,62.64796765067295,49,0.32012948,1,False,129,33
847.0,0.98096853,3.9928467,1.277909,1.4117647,0.9791907514450867,0.6142302626657428,130.99253150225763,49,0.26618978,1,False,129,34
910.0,0.98098975,2.7909503,0.8932426,1.0,0.9753483386923901,0.5931013312514981,91.49038907190089,49,0.18606335,1,False,129,35
919.0,0.98343295,3.4237983,1.0957854,1.2352941,0.9724867724867725,0.7034918921758954,86.04835003543373,49,0.22825322,1,False,129,36
1530.0,0.95997787,3.2345252,1.0352086,1.117647,0.8722919042189282,0.820596049482174,68.91176915177542,49,0.215635,0,False,129,37
905.0,0.9753404,1.9104322,0.6114331,0.7647059,0.9741657696447793,0.5065275652749639,187.98488571847852,49,0.12736215,0,False,129,38
458.0,0.97578424,2.5224762,0.80731755,1.2352941,0.9807280513918629,0.7808524023301312,74.95717513910817,49,0.16816507,0,True,129,39
879.0,0.9857637,5.4803586,1.7539867,1.4705882,0.9723451327433629,0.7401244235810552,85.36484083342708,49,0.36535725,1,False,129,40
625.0,0.9729578,2.5112472,0.8037237,1.117647,0.9720062208398134,0.46627674471535574,48.62173555114775,49,0.16741647,0,False,129,41
340.0,0.9605512,2.6394463,0.84475374,1.1764706,0.9770114942528736,0.8653646272027448,74.95717513910817,49,0.17596309,0,True,129,42
795.0,0.9845568,4.7840176,1.531123,1.2941177,0.9659781287970839,0.7669671432877085,48.62173555114775,49,0.3189345,1,False,129,43
865.0,0.9819065,3.1245155,1.0,1.0,0.9719101123595506,0.668988751200829,170.2793650091797,49,0.20830104,1,False,129,44
932.0,0.98225373,3.1970463,1.0232134,1.0588236,0.9718456725755996,0.8378463686675313,174.50650172682467,49,0.2131364,1,False,129,45
844.0,0.98253524,4.6663647,1.4934683,1.4705882,0.9768518518518519,0.4080204206117533,210.6279421685034,49,0.31109098,1,False,129,46
761.0,0.9701789,1.7262889,0.5524981,0.7058824,0.9584382871536524,0.41754325226567585,48.19803909754245,49,0.11508593,0,True,129,47
399.0,0.9719257,2.5111308,0.80368644,0.9411765,0.9827586206896551,0.7563236652871832,48.19803909754245,49,0.16740872,0,True,129,48
456.0,0.9806283,3.1780186,1.0171236,1.2941177,0.9743589743589743,0.8661113494028806,126.21596115186173,49,0.21186791,0,True,129,49
977.0,0.9840057,2.1262465,1.2351509,1.2285714,0.977,0.6761684693584769,265.99411503407146,4,0.29183775,1,False,130,1
868.0,0.9834052,1.9878209,1.1547385,1.1714286,0.9665924276169265,0.6346741798592973,265.99411503407146,4,0.27283815,1,False,130,2
634.0,0.9726409,1.3439838,0.7807293,0.85714287,0.9723926380368099,0.546847636952105,161.1484676502122,4,0.18446836,1,False,130,3
552.0,0.9770817,1.4550724,0.8452614,0.6857143,0.9633507853403142,0.4131700123322268,161.1484676502122,4,0.19971582,1,False,130,4
577.0,0.9462493,2.096797,1.0,1.2962962,0.9779661016949153,0.6961051870498173,1109.888650790813,5,0.2220138,1,False,131,1
520.0,0.961776,1.8753562,0.89439094,1.1481482,0.9647495361781077,0.7158510652981956,134.7398568450251,5,0.19856712,1,False,131,2
321.0,0.8759401,1.8316604,0.8735516,1.4814814,0.9304347826086956,0.687714039057595,43.51700513788346,5,0.1939405,0,False,131,3
1098.0,0.9754512,2.711057,1.2929516,1.4074074,0.9768683274021353,0.5624029544761836,43.51700513788346,5,0.2870531,1,False,131,4
1192.0,0.98379534,2.2706003,1.0828899,1.1851852,0.977850697292863,0.4893960853970111,134.7398568450251,5,0.24041651,1,False,131,5
779.0,0.9768477,3.4205024,1.0,1.3571428,0.9725343320848939,0.6687392927719108,128.82260280323166,45,0.1877923,1,False,132,1
1140.0,0.9855293,6.350063,1.8564708,1.2857143,0.9702127659574468,0.746060234459186,68.00459135202064,45,0.3486309,1,False,132,2
1016.0,0.9836685,4.5379643,1.3266952,1.2857143,0.9750479846449136,0.5076721472605262,187.90590206759862,45,0.24914312,1,False,132,3
752.0,0.97644955,3.1960487,0.93437994,1.2142857,0.9665809768637532,0.4787194109101661,50.3854669571572,45,0.17546934,0,False,132,4
870.0,0.9836381,4.3504925,1.271887,1.2142857,0.9570957095709571,0.7512786771467047,40.10011407617849,45,0.23885056,1,False,132,5
416.0,0.953571,2.5037773,0.73199105,1.2142857,0.9563218390804598,0.4392240741715034,40.10011407617849,45,0.13746229,1,False,132,6
1194.0,0.9824116,5.4981456,1.6074088,1.4285715,0.9621273166800967,0.6534176660222919,50.3854669571572,45,0.30185896,1,False,132,7
587.0,0.95603305,2.8147967,0.8229191,1.3571428,0.9575856443719413,0.7526531458928556,112.81579947552363,45,0.15453786,1,False,132,8
556.0,0.9518077,2.5648766,0.74985373,1.0714285,0.9686411149825784,0.6433893940658537,166.062486485162,45,0.14081675,1,False,132,9
929.0,0.9885882,6.725511,1.9662348,1.8571428,0.979957805907173,0.6606617963064264,93.40260971516082,45,0.36924377,1,False,132,10
678.0,0.97430474,3.6351664,1.062758,1.4285715,0.9658119658119658,0.5715762260251974,110.55326794163064,45,0.19957776,1,False,132,11
1006.0,0.98266846,7.8053107,2.2819195,1.5,0.9748062015503876,0.43070687879293934,37.42819087502626,45,0.42852688,1,False,132,12
1039.0,0.9786754,5.223498,1.5271143,1.6428572,0.9719363891487371,0.6683578082651515,37.42819087502626,45,0.28678027,1,False,132,13
1070.0,0.9827217,5.0145526,1.4660281,1.3571428,0.971843778383288,0.2633776278302945,70.48340427952625,45,0.27530876,1,False,132,14
1018.0,0.9861425,5.619843,1.6429876,1.5,0.975095785440613,0.7611675225522532,40.33865218905921,45,0.3085404,1,False,132,15
561.0,0.95725405,2.7123759,0.79297584,1.2857143,0.9672413793103448,0.7690595819087767,187.21643691905643,45,0.14891475,1,False,132,16
1314.0,0.9872244,5.7045555,1.6677537,1.4285715,0.9805970149253731,0.5603458180793606,70.48340427952625,45,0.3131913,1,False,132,17
630.0,0.92536193,3.2744899,0.9573125,1.8571428,0.9722222222222222,0.6103042296494152,63.26555991982295,45,0.17977591,1,False,132,18
1210.0,0.9777844,4.03353,1.1792215,1.6428572,0.9703287890938251,0.8323906431181887,60.907955534055425,45,0.2214487,1,False,132,19
1275.0,0.9785551,3.3239214,0.9717641,1.6428572,0.9732824427480916,0.5467771973774188,116.81618091347256,45,0.18248981,1,False,132,20
1079.0,0.97987455,3.1938965,0.9337507,1.5,0.9729486023444545,0.34638358658318713,87.293580633797,45,0.17535117,1,False,132,21
803.0,0.9666862,3.1528199,0.9217417,1.5,0.9745145631067961,0.7853385254174836,110.91891377986859,45,0.17309599,1,False,132,22
1103.0,0.97498167,3.5512886,1.0382359,1.4642857,0.9787045252883763,0.6579994588620841,61.41224130284435,45,0.19497271,1,False,132,23
867.0,0.98038876,3.6028175,1.0533007,1.2142857,0.9611973392461197,0.6413938024501011,60.907955534055425,45,0.19780175,1,False,132,24
961.0,0.98654765,6.010852,1.7573009,1.0714285,0.9638916750250752,0.8077722037416205,61.41224130284435,45,0.33000755,1,False,132,25
727.0,0.9603411,2.8878956,0.8442899,1.3571428,0.9629139072847682,0.727924475593123,64.51163201765884,45,0.15855113,1,False,132,26
833.0,0.94640803,2.6796434,0.7834064,1.6428572,0.9652375434530707,0.41418715540595696,164.07755403048927,45,0.14711767,0,False,132,27
1332.0,0.9840788,7.042632,2.0589466,1.7857143,0.9680232558139535,0.5202326996503025,64.51163201765884,45,0.38665432,1,False,132,28
631.0,0.97877717,2.9060447,0.84959584,1.2142857,0.9692780337941628,0.4772622928977469,85.11774041237717,45,0.15954755,1,False,132,29
516.0,0.9667846,2.517442,0.73598605,0.9285714,0.9681050656660413,0.7886343308623459,39.801632592844896,45,0.1382125,1,False,132,30
652.0,0.97847444,3.616674,1.0573517,0.85714287,0.9602356406480118,0.545057163002196,39.801632592844896,45,0.19856249,1,False,132,31
589.0,0.97183055,3.158137,0.9232963,1.2142857,0.971947194719472,0.8121846395053158,147.76261625593213,45,0.17338793,1,False,132,32
848.0,0.95822376,3.655492,1.0687003,1.8571428,0.9713631156930126,0.7453912489158424,114.34103073874132,45,0.20069368,1,False,132,33
678.0,0.8275831,3.054151,0.89289546,1.9285715,0.9535864978902954,0.7362726073100949,112.2898456317342,45,0.16767888,0,False,132,34
955.0,0.98501104,6.6119676,1.9330399,1.5714285,0.9725050916496945,0.7141989665663013,94.73501353439259,45,0.36300996,1,False,132,35
719.0,0.96825016,3.2815418,0.9593742,1.5,0.970310391363023,0.5266272085549404,94.73501353439259,45,0.18016309,1,False,132,36
669.0,0.98139274,4.1627164,1.2169898,1.2142857,0.9681620839363242,0.34853673201735014,114.34103073874132,45,0.22854128,1,False,132,37
566.0,0.976371,3.3186524,0.97022367,0.9285714,0.9642248722316865,0.6123553092441656,54.2912792093033,45,0.18220052,1,False,132,38
711.0,0.97488,2.6964035,0.7883063,0.85714287,0.9739726027397261,0.4114984541231173,221.91584175887945,45,0.14803784,1,False,132,39
1227.0,0.9841597,4.4093027,1.2890804,1.5714285,0.9714964370546318,0.6487891014531354,125.7353246988838,45,0.24207936,1,False,132,40
2029.0,0.98155093,4.3342605,1.2671415,1.3571428,0.8298568507157464,0.8743457845091699,123.28189102960506,45,0.2379594,0,False,132,41
967.0,0.96273816,3.0357513,0.8875162,1.5714285,0.9757820383451059,0.6361484248977173,175.54054119501947,45,0.1666687,1,False,132,42
1243.0,0.97372943,3.263935,0.9542268,1.5,0.9802839116719243,0.4414429945163639,54.2912792093033,45,0.17919643,1,False,132,43
577.0,0.9615722,2.329537,0.6810511,0.9285714,0.9681208053691275,0.8050936567800057,130.62212189514352,45,0.12789614,1,False,132,44
554.0,0.96474415,2.4356627,0.7120775,0.9285714,0.9753521126760564,0.4882892964775566,207.66970636078156,45,0.13372266,1,False,132,45
492.0,0.97609603,2.7918925,1.0,1.1666666,0.9781312127236581,0.8862669744848126,282.49801159720136,29,0.19707477,0,True,133,1
542.0,0.9884299,6.5019474,2.3288674,1.4444444,0.9783393501805054,0.8170460289087265,32.887877073360634,29,0.458961,1,True,133,2
645.0,0.9786004,3.3943152,1.2157757,1.2777778,0.9583952451708767,0.8662806321274692,433.11377022779476,29,0.23959872,1,False,133,3
496.0,0.9696823,2.4616935,0.8817293,1.2222222,0.9668615984405458,0.6385266528798986,61.53552047642858,29,0.1737666,1,False,133,4
545.0,0.97881126,2.6666667,0.9551466,1.2777778,0.9611992945326279,0.42928200587170373,61.53552047642858,29,0.1882353,1,False,133,5
570.0,0.97559536,3.5581872,1.2744714,1.3888888,0.967741935483871,0.6988731732867498,32.887877073360634,29,0.25116616,1,False,133,6
774.0,0.96949947,2.5504594,0.9135235,1.1388888,0.9462102689486552,0.7368014028152226,87.97285699137076,29,0.18003242,1,False,133,7
693.0,0.97809994,5.6414943,2.0206702,1.5,0.9651810584958217,0.5600806422707745,166.02784815555324,29,0.39822313,1,False,133,8
732.0,0.9692556,3.0143442,1.0796777,1.5,0.9708222811671088,0.6305828668287426,48.040647728948265,29,0.21277724,1,False,133,9
554.0,0.9723654,2.627156,0.9409947,1.1666666,0.9719298245614035,0.7025418575688083,48.040647728948265,29,0.1854463,1,False,133,10
508.0,0.9766038,2.5190287,0.9022656,1.1111112,0.9621212121212122,0.3093640476453463,76.1878160962388,29,0.1778138,1,False,133,11
425.0,0.9315751,2.1881046,0.7837353,1.0555556,0.9659090909090909,0.6179324970562667,406.0351978517599,29,0.15445444,1,False,133,12
1107.0,0.98497266,3.491117,1.2504482,1.3333334,0.9642857142857143,0.6040256134289222,176.36984563441496,29,0.2464318,1,False,133,13
328.0,0.91004014,2.7002032,0.96715873,1.1111112,0.9060773480662984,0.7780846400780373,187.06595853666636,29,0.19060257,0,True,133,14
807.0,0.9846757,4.3044887,1.5417817,1.2777778,0.9758162031438936,0.5441554000268318,176.36984563441496,29,0.30384627,1,False,133,15
409.0,0.939366,2.245721,0.8043723,1.3611112,0.955607476635514,0.5500278750362144,168.15338781028964,29,0.15852149,1,False,133,16
853.0,0.9796925,3.6845121,1.3197185,1.1666666,0.97709049255441,0.6941782739873337,175.69279512134673,29,0.26008323,1,False,133,17
983.0,0.9846964,3.8892844,1.3930638,1.0,0.9694280078895463,0.8254631883661199,80.17284944112737,29,0.2745377,1,False,133,18
505.0,0.95771676,2.1255226,0.76131964,1.0,0.9674329501915708,0.790553287729816,80.17284944112737,29,0.15003689,1,False,133,19
374.0,0.97172016,3.0500593,1.0924702,0.8333333,0.9639175257731959,0.8366424531758705,112.4146317990906,29,0.21529831,1,False,133,20
706.0,0.9844594,3.3552094,1.2017688,1.0555556,0.9751381215469613,0.828846753044107,237.4629228559357,29,0.23683831,1,False,133,21
448.0,0.9701462,2.500372,0.89558315,1.0555556,0.9634408602150538,0.43505187070367374,112.4146317990906,29,0.17649685,1,False,133,22
521.0,0.95951855,1.8703349,0.6699165,0.7777778,0.9684014869888475,0.6981061272575149,121.88280520929233,29,0.13202363,1,False,133,23
395.0,0.9048581,2.7970464,1.0018461,1.4444444,0.9143518518518519,0.7778056679473343,106.92361796187151,29,0.19743857,1,False,133,24
570.0,0.9716317,2.814425,1.0080707,1.1111112,0.9612141652613828,0.7709365869741285,170.45888296976472,29,0.19866529,1,False,133,25
911.0,0.9794295,2.7875352,0.9984393,1.0555556,0.9753747323340471,0.5524706658116478,270.6058163267932,29,0.19676718,1,False,133,26
996.0,0.9716341,2.7637775,0.98992974,1.0,0.9669902912621359,0.6024209845737118,121.88280520929233,29,0.19509017,1,False,133,27
704.0,0.97798574,3.8476956,1.3781675,1.1111112,0.9710344827586207,0.7070501070781651,106.92361796187151,29,0.27160203,1,False,133,28
599.0,0.9753577,2.5826378,0.9250491,0.8888889,0.9739837398373984,0.8228332407722084,162.9450707810158,29,0.18230385,1,False,133,29
792.0,0.9563426,1.953367,0.9645745,1.2333333,0.9682151589242054,0.6608255683758744,233.66120380796946,6,0.22980788,1,False,134,1
710.0,0.9701351,2.119108,1.0464176,1.2666667,0.9752747252747253,0.6843464653738609,484.4224215080243,6,0.24930681,1,False,134,2
717.0,0.971933,1.8985589,0.9375102,1.1333333,0.9689189189189189,0.5786571704509962,233.66120380796946,6,0.22335985,1,False,134,3
777.0,0.98540497,2.4782927,1.2237834,1.1,0.9798234552332913,0.7058297450694162,61.05086263247743,6,0.29156384,1,False,134,4
772.0,0.9776997,2.096848,1.0354255,1.1,0.9698492462311558,0.8023071896966586,61.05086263247743,6,0.24668801,1,False,134,5
535.0,0.96953946,1.9498442,0.962835,1.0666667,0.9622302158273381,0.45935120285198067,284.6370472063709,6,0.22939344,1,False,134,6
841.0,0.96728224,1.5238209,0.801633,0.76666665,0.9700115340253749,0.58239020982131,461.2681013672677,18,0.17927304,1,False,135,1
999.0,0.9747746,1.8009677,0.947431,1.1666666,0.9661508704061895,0.27195637723130206,329.0823783923716,18,0.21187855,1,False,135,2
733.0,0.9727675,1.8365166,0.96613216,1.0333333,0.9594240837696335,0.7539577685795709,161.25674938489843,18,0.21606077,1,False,135,3
685.0,0.968467,1.8306569,0.96304953,1.1666666,0.9730113636363636,0.6035712162734083,161.25674938489843,18,0.2153714,1,False,135,4
811.0,0.9806084,2.1966708,1.1555977,1.0333333,0.9700956937799043,0.620348707035648,70.91003580905429,18,0.25843185,1,False,135,5
650.0,0.9761666,2.041077,1.0737448,1.1333333,0.9615384615384616,0.5676604764566553,193.55191555533136,18,0.2401267,1,False,135,6
609.0,0.9813387,2.4866993,1.3081723,1.1,0.9682034976152624,0.7913836217428059,70.91003580905429,18,0.29255286,1,False,135,7
626.0,0.97703755,1.8512247,0.9738696,1.1,0.9645608628659477,0.7451957587584352,80.28554823986171,18,0.21779114,1,False,135,8
533.0,0.9789783,1.8907443,0.9946596,1.1,0.9761904761904762,0.5758895099428516,74.69618809936368,18,0.2224405,1,False,135,9
649.0,0.9780552,2.3330252,1.2273294,1.0333333,0.9614814814814815,0.7955565552224476,80.28554823986171,18,0.27447355,1,False,135,10
557.0,0.9658054,1.5355476,0.8078021,0.93333334,0.9603448275862069,0.5648541585709871,287.7240960614073,18,0.18065266,1,False,135,11
689.0,0.97076833,1.7321723,0.91124,1.0333333,0.9717912552891397,0.28058451335499457,95.47472334895896,18,0.20378497,1,False,135,12
394.0,0.7883338,1.8818951,0.9900043,1.5666667,0.7547892720306514,0.7908703978384162,102.9958934937236,18,0.22139943,0,False,135,13
1078.0,0.9783797,2.0084107,1.0565602,1.1333333,0.9720468890892696,0.5713772244921491,60.09932950684637,18,0.2362836,1,False,135,14
522.0,0.8835702,1.9110472,1.0053403,1.3,0.9542961608775137,0.3366842652971551,95.47472334895896,18,0.2248291,1,False,135,15
832.0,0.9673239,2.1198719,1.1151962,1.3666667,0.9563218390804598,0.6462539158375045,60.09932950684637,18,0.24939668,1,False,135,16
766.0,0.97822434,2.1224978,1.1165776,1.0333333,0.9611041405269761,0.7218655166120964,102.9958934937236,18,0.24970563,1,False,135,17
1209.0,0.9844085,2.50386,1.3172,1.2333333,0.9757869249394673,0.4554516566523164,87.13612738514325,18,0.29457176,1,False,135,18
839.0,0.9807557,1.2773143,1.0280467,0.68421054,0.9755813953488373,0.42843991096472483,36.161640156162306,2,0.2855173,1,False,136,1
821.0,0.9787559,1.2076201,0.9719534,0.6666667,0.9681603773584906,0.6639626443357465,36.161640156162306,2,0.26993862,1,False,136,2
417.0,0.9643602,1.6909745,0.9863425,1.0454545,0.9652777777777778,0.8863850578002125,183.720898828275,21,0.291776,0,True,137,1
438.0,0.8755596,1.6956725,0.9890829,1.1818181,0.9279661016949152,0.8045963729331863,62.794012613949256,21,0.29258662,1,False,137,2
712.0,0.9732625,1.6163497,0.942814,1.0909091,0.9595687331536388,0.7148080055685284,62.794012613949256,21,0.27889955,1,False,137,3
746.0,0.98445815,2.6628687,1.5532467,1.0909091,0.966321243523316,0.8368867634972771,183.720898828275,21,0.45947537,1,False,137,4
568.0,0.9688162,1.5046414,0.87765473,1.0227273,0.9643463497453311,0.8228127067817032,54.69018915499544,21,0.2596244,1,False,137,5
540.0,0.945459,1.4745792,0.8601195,1.0681819,0.9625668449197861,0.7540393505462732,161.19736029396418,21,0.2544372,0,False,137,6
613.0,0.9601362,1.5491992,0.9036452,0.97727275,0.9653543307086614,0.8671489767677332,54.69018915499544,21,0.2673128,1,False,137,7
1051.0,0.9786903,1.6367745,0.95472777,1.0454545,0.978584729981378,0.6758673120617367,119.36312253541166,21,0.28242385,1,False,137,8
867.0,0.98127186,2.1012635,1.2256634,1.2045455,0.9687150837988827,0.7812217487161914,328.2687611710153,21,0.36257097,1,False,137,9
629.0,0.9407239,1.7528907,1.0224582,1.1590909,0.9515885022692889,0.5010357701284501,190.4345185879135,21,0.30245957,1,False,137,10
755.0,0.9812099,1.9574052,1.141751,1.1136364,0.95448798988622,0.8515641924538822,231.2501981898708,21,0.33774835,1,False,137,11
629.0,0.96686363,1.3996242,0.8163984,0.90909094,0.9632465543644717,0.7858233214420963,270.35727609908116,21,0.24150379,1,False,137,12
672.0,0.9788964,1.720813,1.0037473,0.95454544,0.9669064748201439,0.8166343113418045,154.08298589381576,21,0.29692462,1,False,137,13
872.0,0.9839982,2.153383,1.2560647,1.1363636,0.9721293199554069,0.5090493465772907,265.2130196895343,21,0.37156415,1,False,137,14
882.0,0.9735188,1.7143887,1.0,1.0,0.9810901001112347,0.7512990403555238,87.82072069359998,21,0.2958161,1,False,137,15
437.0,0.87797886,1.7939464,1.0464058,1.2045455,0.9028925619834711,0.87968969773494,241.71175588623936,21,0.3095437,1,False,137,16
619.0,0.97328335,1.8836467,1.098728,0.95454544,0.9626749611197511,0.8802372090894908,93.03922906640382,21,0.3250214,1,False,137,17
801.0,0.9779219,1.874617,1.0934609,1.0227273,0.9662243667068757,0.7986459978646074,87.82072069359998,21,0.32346332,1,False,137,18
874.0,0.97482556,1.9573799,1.1417364,1.1136364,0.9614961496149615,0.8508597418798207,265.2130196895343,21,0.337744,1,False,137,19
697.0,0.97769946,1.5289227,0.891818,0.8863636,0.9640387275242047,0.8135199700105601,281.7967753049314,21,0.26381412,1,False,137,20
576.0,0.97592247,1.6876578,0.9844079,1.0,0.972972972972973,0.7133966919851619,279.2897754978372,21,0.2912037,1,False,137,21
585.0,0.9698685,1.7623414,1.0184263,1.0909091,0.975,0.6400202549661463,314.29658754653286,10,0.22806771,1,False,138,1
716.0,0.97506696,1.8020992,1.0414017,1.060606,0.9636608344549125,0.8279908931749348,314.29658754653286,10,0.23321283,1,False,138,2
836.0,0.9762909,1.6487241,0.9527689,1.030303,0.9675925925925926,0.6629915176781469,148.51430254788463,10,0.21336429,1,False,138,3
757.0,0.96559906,1.8180617,1.0506262,1.1212121,0.9606598984771574,0.8190432480320345,346.3532751067558,10,0.23527858,1,False,138,4
663.0,0.9810992,1.6985694,0.98157364,0.8484849,0.9622641509433962,0.8169714880161171,281.41565541876207,10,0.21981487,1,False,138,5
477.0,0.9324381,1.4008005,0.8094982,0.969697,0.9695121951219512,0.6698415439280615,148.51430254788463,10,0.18128005,1,False,138,6
913.0,0.9768208,1.8006573,1.0405685,1.030303,0.9661375661375662,0.7230388480884556,230.00722921696504,10,0.23302622,1,False,138,7
573.0,0.92156905,1.4816754,0.8562344,0.969697,0.9646464646464646,0.6798671100291553,141.82995599105493,10,0.19174622,1,False,138,8
695.0,0.9404297,1.3519511,0.78126895,0.8484849,0.9626038781163435,0.7388465139911533,141.82995599105493,10,0.17495838,0,False,138,9
1145.0,0.9785732,1.7653565,1.0201688,0.93939394,0.9711620016963528,0.680777130213828,205.18726857644438,10,0.22845791,1,False,138,10
777.0,0.9752881,2.0063143,1.0265641,1.15625,0.9640198511166254,0.7675564720339241,384.7070871219142,12,0.25177276,1,False,139,1
763.0,0.967209,1.9486812,0.9970752,1.21875,0.9633838383838383,0.5010517061914637,298.1327037591722,12,0.2445404,1,False,139,2
770.0,0.97296315,1.6090909,0.8233182,0.9375,0.9722222222222222,0.783031342358222,165.13466830591182,12,0.20192513,1,False,139,3
1028.0,0.9793426,2.4362233,1.2465342,1.28125,0.9688972667295005,0.7879558229370187,247.0111937622792,12,0.30572215,1,False,139,4
873.0,0.97975844,1.8597151,0.9515542,0.96875,0.9754189944134078,0.7010363537549443,50.47552551849407,12,0.23337601,1,False,139,5
626.0,0.9810475,1.9601138,1.0029248,1.125,0.973561430793157,0.44652247326718675,185.88403617684028,12,0.24597506,1,False,139,6
893.0,0.9713975,1.6228653,0.8303661,1.0,0.9706521739130435,0.5350665367656748,50.47552551849407,12,0.2036537,1,False,139,7
975.0,0.97994894,1.7791346,0.91032386,1.15625,0.9691848906560636,0.5676913055361316,67.08143481872067,12,0.22326395,1,False,139,8
848.0,0.97748494,1.7690153,0.9051461,1.125,0.9702517162471396,0.7701466755976123,67.08143481872067,12,0.22199407,1,False,139,9
811.0,0.95418525,2.0688193,1.0585458,1.34375,0.9563679245283019,0.44683720639511,107.54771621592695,12,0.25961652,1,False,139,10
1091.0,0.9832051,2.3467863,1.2007723,1.09375,0.9715048975957258,0.703616471761858,107.54771621592695,12,0.29449868,1,False,139,11
832.0,0.9557208,2.178711,1.1147738,1.28125,0.9607390300230947,0.7914254732043482,197.3929961577781,12,0.27340686,1,False,139,12
668.0,0.96504986,1.8627744,0.9552534,1.2333333,0.9723435225618632,0.6231922502738888,231.83717069853904,9,0.21914993,0,False,140,1
685.0,0.9794972,2.4794161,1.2714748,1.2666667,0.9688826025459689,0.6643907776862309,234.35742184967398,9,0.291696,1,False,140,2
637.0,0.97452354,2.3657248,1.2131726,1.2333333,0.9666160849772383,0.8443896509655019,234.35742184967398,9,0.27832055,1,False,140,3
750.0,0.9836901,3.3232,1.7041775,1.2,0.967741935483871,0.854911172342445,231.83717069853904,9,0.39096472,1,False,140,4
593.0,0.97328943,1.724733,0.8844641,1.1333333,0.9705400981996727,0.619156538919788,238.5467350200759,9,0.20290977,1,False,140,5
666.0,0.9721863,2.0176177,1.0346589,1.1,0.9596541786743515,0.8727969089553835,271.8998499327461,9,0.23736678,1,False,140,6
527.0,0.9478707,1.9500316,1.0,1.2,0.975925925925926,0.5553156967908768,320.70436892505165,9,0.22941549,1,False,140,7
572.0,0.9588546,1.4086831,0.7223899,0.9,0.9711375212224108,0.7845518634315329,398.2815309380152,9,0.1657274,0,False,140,8
587.0,0.97654086,1.7435548,0.89411616,0.93333334,0.9767054908485857,0.6002800413479049,362.7292651815291,9,0.2051241,1,False,140,9
736.0,0.9467375,1.490574,0.93717235,1.0208334,0.9722589167767504,0.6139648711902588,210.30837873960184,6,0.28057864,1,False,141,1
648.0,0.9709503,1.4562114,0.9155675,1.0625,0.972972972972973,0.5426502830561564,210.30837873960184,6,0.27411038,1,False,141,2
940.0,0.9852612,2.4220302,1.5228091,1.1041666,0.9710743801652892,0.5768833099948011,54.04736048770743,6,0.45591155,1,False,141,3
818.0,0.98419535,1.6904289,1.0628276,1.0,0.9726516052318668,0.356425789040034,54.04736048770743,6,0.31819838,1,False,141,4
695.0,0.98000157,1.9643286,1.2350373,1.1041666,0.9693165969316597,0.6485676184706571,341.9171061790433,6,0.36975598,1,False,141,5
1005.0,0.9700283,1.3643035,0.857782,0.8541667,0.9738372093023255,0.3972971357510562,507.6789602923419,6,0.25681007,0,False,141,6
740.0,0.9731755,1.7000331,0.96290874,1.0731708,0.9673202614379085,0.8657873409277355,105.31723232715159,22,0.27333865,1,False,142,1
937.0,0.9866997,3.1207018,1.767584,1.1707317,0.9630010277492291,0.7258291266767609,211.73126427665193,22,0.5017599,1,False,142,2
849.0,0.97775817,2.1974776,1.2446643,1.2195122,0.971395881006865,0.6626331461660739,245.4978913698845,22,0.3533199,1,False,142,3
842.0,0.97852546,1.891982,1.0716298,1.0731708,0.9689298043728424,0.8516521961893874,105.31723232715159,22,0.304201,1,False,142,4
672.0,0.97974217,2.3106127,1.3087447,1.097561,0.9753265602322206,0.7086832253795304,112.7818305396938,22,0.3715103,1,False,142,5
1095.0,0.9860655,2.4218955,1.3717759,1.0731708,0.9716060337178349,0.7449679688567015,137.58997563380382,22,0.3894028,1,False,142,6
712.0,0.9805106,1.8546178,1.0504665,1.0,0.966078697421981,0.6282794806919602,127.86316170008821,22,0.29819345,1,False,142,7
598.0,0.97121507,2.2266905,1.2612107,1.3170732,0.9692058346839546,0.26374591807722536,230.6669536542565,22,0.3580169,0,False,142,8
647.0,0.98044086,2.3220491,1.3152224,1.1219512,0.9788199697428139,0.63149856647481,166.56933797796228,22,0.3733491,1,False,142,9
894.0,0.9775451,1.6341738,0.92560565,1.097561,0.9770491803278688,0.7790242129647709,63.77137451873082,22,0.2627495,1,False,142,10
744.0,0.9755249,1.7664568,1.0005316,1.0,0.9637305699481865,0.8914274500810629,63.139160386836885,22,0.28401855,1,False,142,11
480.0,0.95650226,1.7194614,0.97391313,1.1463414,0.967741935483871,0.23339870724707013,161.00199217411642,22,0.2764624,0,False,142,12
598.0,0.9557134,1.4145526,0.80121094,1.0,0.9598715890850722,0.814296624244615,63.139160386836885,22,0.22743785,1,False,142,13
826.0,0.98112136,1.8238057,1.0330143,0.902439,0.9683470105509965,0.8413488150842447,187.06047605871476,22,0.29323933,1,False,142,14
704.0,0.97747177,1.9623059,1.1114616,1.0243902,0.967032967032967,0.7492718386327678,99.57254911197262,22,0.315508,1,False,142,15
392.0,0.888287,1.4780364,0.8371686,1.0487804,0.9011494252873563,0.8653172615292489,99.57254911197262,22,0.23764506,1,False,142,16
392.0,0.9205235,1.4432553,0.81746835,0.9268293,0.9560975609756097,0.4176498070458216,136.31160149473183,22,0.23205282,0,False,142,17
762.0,0.9753328,1.7645798,0.9994684,0.80487806,0.9719387755102041,0.7770660783805066,193.66946064863993,22,0.28371674,1,False,142,18
443.0,0.91388065,1.0409625,0.5896073,0.6097561,0.9588744588744589,0.8432581235214804,381.5586920610013,22,0.16737042,0,False,142,19
766.0,0.97539854,1.4189327,0.80369186,0.8292683,0.9635220125786164,0.7970633175491809,84.44141655778152,22,0.22814211,1,False,142,20
590.0,0.962644,1.2640347,0.71595675,0.80487806,0.9688013136288999,0.7365102661634436,84.44141655778152,22,0.20323695,1,False,142,21
666.0,0.9705821,1.6595986,0.94000643,1.0243902,0.9694323144104804,0.506094016247556,437.1825400235901,22,0.26683742,0,False,142,22
437.0,0.8635684,1.8918383,0.89067197,1.4,0.9297872340425531,0.6419945815422704,221.65464665350734,14,0.22256921,0,False,143,1
936.0,0.98126584,2.280591,1.0736957,1.4333333,0.96794208893485,0.49401143972484884,138.21056034876298,14,0.26830482,1,False,143,2
706.0,0.9677617,1.9206798,0.90425044,1.4666667,0.9658002735978112,0.31714058281007035,209.59142969533505,14,0.22596234,0,False,143,3
830.0,0.98425853,2.6411245,1.2434337,1.3,0.9753231492361927,0.751742336959243,105.61440130514282,14,0.31072053,1,False,143,4
1003.0,0.9751074,2.728149,1.2844046,1.2666667,0.9709583736689255,0.3118377256729707,105.61440130514282,14,0.3209587,1,False,143,5
754.0,0.97923446,2.312776,1.0888482,1.3333334,0.9716494845360825,0.5404437025439932,136.7510852392263,14,0.27209133,1,False,143,6
877.0,0.970658,1.518358,0.7148385,1.0,0.9712070874861573,0.7434524365838738,207.98535098805053,14,0.17863035,1,False,143,7
1043.0,0.98214006,2.567881,1.208951,1.2333333,0.9765917602996255,0.6896584402487281,170.6746768417995,14,0.30210364,1,False,143,8
844.0,0.98078287,2.3587677,1.110501,1.0666667,0.9690011481056258,0.7457095635495052,142.8758185457324,14,0.2775021,1,False,143,9
874.0,0.97188246,1.4980167,0.7052619,0.8666667,0.9668141592920354,0.7678571186914162,142.8758185457324,14,0.17623727,1,False,143,10
831.0,0.98254704,1.7463298,0.822167,0.6666667,0.9753521126760564,0.772803761029952,486.80632086645335,14,0.20545056,1,False,143,11
753.0,0.96639097,1.8723329,0.8814889,1.2666667,0.9666238767650834,0.23538458463741596,170.0241786170703,14,0.22027446,1,False,143,12
810.0,0.98145676,2.5112758,1.1823013,1.1666666,0.9700598802395209,0.7980352584582074,170.0241786170703,14,0.2954442,1,False,143,13
817.0,0.9758477,1.9675235,0.92630434,1.0666667,0.9680094786729858,0.7382911073231329,201.3787951136031,14,0.23147334,1,False,143,14
1262.0,0.96503645,1.8875616,1.0551424,1.1282052,0.9700230591852421,0.666866137862714,375.2699584053416,14,0.2886859,1,False,144,1
782.0,0.97726494,1.7542789,0.98063767,1.1282052,0.9690210656753407,0.6084058614779848,323.7285763059077,14,0.2683015,1,False,144,2
558.0,0.9749244,1.975416,1.1042528,1.2051282,0.9637305699481865,0.7180785410947585,210.17138521524654,14,0.30212244,1,False,144,3
1039.0,0.9783366,1.5446066,0.86343133,0.9230769,0.9728464419475655,0.6889833997536726,99.51808550571316,14,0.23623393,1,False,144,4
1202.0,0.9555579,1.5365204,0.85891116,1.0,0.9804241435562806,0.47949005318128124,99.51808550571316,14,0.23499723,1,False,144,5
1324.0,0.98224413,2.51619,1.4065442,0.974359,0.9749631811487481,0.6498532842737924,275.23670207915785,14,0.38482907,1,True,144,6
793.0,0.9796135,1.7207941,0.9619197,1.1538461,0.969437652811736,0.46772079070246547,121.56500921078292,14,0.2631803,1,False,144,7
723.0,0.98250496,2.047062,1.1443027,1.1025641,0.9757085020242915,0.4604745082691808,59.75263222050406,14,0.31308004,1,False,144,8
934.0,0.97733307,1.8424478,1.0299239,1.1538461,0.9668737060041408,0.7380232320311504,201.79147303388143,14,0.2817861,1,False,144,9
625.0,0.9781422,1.7498666,0.9781712,1.1282052,0.9735202492211839,0.7807075823702603,59.75263222050406,14,0.26762664,1,False,144,10
709.0,0.97438693,2.0192397,1.1287501,1.1794872,0.9659400544959128,0.6326079282265985,107.80612583023257,14,0.3088249,1,False,144,11
728.0,0.9731593,1.764652,0.98643625,1.1538461,0.9693741677762983,0.8142322283730535,107.80612583023257,14,0.26988795,1,False,144,12
659.0,0.96621895,1.4191276,0.7932889,1.051282,0.9705449189985272,0.5155270736367512,155.517864422933,14,0.21704306,1,False,144,13
619.0,0.9776361,1.8131809,1.0135638,0.74358976,0.9778830963665087,0.7301847977028405,321.92453158069435,14,0.27731004,0,True,144,14
842.0,0.9696042,1.7456948,1.0,1.15625,0.9667049368541906,0.5771641245432596,2000.0,1,0.21906757,1,False,145,1
743.0,0.9723763,1.6930583,1.1200279,1.1538461,0.9737876802096985,0.6924423279111577,557.7436422142748,6,0.3452511,1,False,146,1
789.0,0.98480636,2.2686458,1.5008028,1.0961539,0.9728729963008631,0.5863884157840323,337.14817585024986,6,0.4626258,1,False,146,2
632.0,0.94156384,1.4144657,0.9357274,0.9807692,0.948948948948949,0.6706220333003321,79.40880270133944,6,0.28844005,1,False,146,3
792.0,0.96311873,1.4266949,0.94381756,0.9807692,0.9753694581280788,0.3761176613354391,79.40880270133944,6,0.29093385,1,False,146,4
683.0,0.97431266,1.5965481,1.0561825,1.0961539,0.9592696629213483,0.7041475886018418,577.4785778921388,6,0.32557058,1,False,146,5
1184.0,0.9844797,1.3097063,0.8664248,0.7307692,0.974485596707819,0.6644286528250617,401.49075215396107,6,0.26707736,1,False,146,6
548.0,0.97487223,2.4885037,1.051482,1.1,0.9699115044247788,0.6767992090702888,126.07629439600188,16,0.19517675,1,False,147,1
760.0,0.97576904,2.6770396,1.1311451,1.35,0.96569250317662,0.4938970024014374,165.55312106289185,16,0.20996389,1,False,147,2
728.0,0.9785753,2.7411401,1.15823,1.15,0.9693741677762983,0.6245995256873915,103.43437498278824,16,0.21499139,1,False,147,3
682.0,0.97688466,2.3829913,1.0068992,1.2,0.9673758865248226,0.4036878429333386,103.43437498278824,16,0.18690127,1,False,147,4
376.0,0.91844535,2.0147605,0.85130847,1.05,0.9641025641025641,0.8110221058405244,71.69642206347837,16,0.15802044,1,False,147,5
661.0,0.93708783,2.5720878,1.0867993,1.45,0.966374269005848,0.5665550725668715,71.69642206347837,16,0.20173237,1,False,147,6
895.0,0.9783454,2.3503351,0.9931008,0.95,0.9634015069967707,0.7452782408036829,74.91241808302077,16,0.18434002,1,False,147,7
586.0,0.9589919,2.4267917,1.0254065,1.15,0.9451612903225807,0.8872549181555539,147.49914485080788,16,0.19033661,1,False,147,8
644.0,0.9763495,2.2237577,0.93961734,1.05,0.9626307922272048,0.78028234421014,157.72970344540673,16,0.17441237,1,False,147,9
676.0,0.96740794,2.1805472,0.9213593,1.15,0.9657142857142857,0.6266975853872547,147.49914485080788,16,0.17102332,1,False,147,10
820.0,0.9764833,2.0182927,0.85280097,1.05,0.9715639810426541,0.6931531059392712,189.61131218760661,16,0.15829746,1,False,147,11
604.0,0.9717605,2.1179636,0.89491546,0.8,0.9710610932475884,0.7252236473004575,74.47924706850809,16,0.16611479,1,False,147,12
772.0,0.96563375,2.138083,0.90341663,1.3,0.9710691823899371,0.6821064924088891,373.07662193828963,16,0.16769278,1,False,147,13
413.0,0.92038417,1.4469733,0.61139804,0.65,0.9604651162790697,0.6939931677151202,74.47924706850809,16,0.1134881,0,False,147,14
730.0,0.98481643,3.1067808,1.3127261,1.1,0.9707446808510638,0.5689258725660448,57.53296612052459,16,0.24366908,1,False,147,15
582.0,0.978967,3.0006013,1.2678616,1.25,0.9651741293532339,0.715070726055636,57.53296612052459,16,0.23534128,1,True,147,16
680.0,0.97564626,2.016939,0.94579345,1.2592592,0.9812409812409812,0.6540075617439726,747.264359368922,4,0.21355824,0,True,148,1
1042.0,0.9829537,2.248134,1.0542066,1.1111112,0.9702048417132216,0.7254553257004025,208.58879512502767,4,0.2380377,1,False,148,2
1217.0,0.9819336,2.295931,1.0766199,1.1481482,0.9728217426059153,0.7185417169834257,208.58879512502767,4,0.24309859,1,False,148,3
644.0,0.9413714,1.4270186,0.66916496,0.8148148,0.9742813918305597,0.5480698037636905,595.5637334585927,4,0.15109609,0,False,148,4
915.0,0.9548577,2.0402029,1.0018446,1.1428572,0.9601259181532005,0.8162786341078807,262.47515889709206,11,0.22402228,0,False,149,1
1133.0,0.9801675,3.2353108,1.5887042,1.25,0.9708654670094259,0.62082743533948,158.90706910051628,11,0.3552498,1,False,149,2
970.0,0.97383565,1.8829898,0.92464495,1.1071428,0.9738955823293173,0.5225690494040117,262.47515889709206,11,0.20675966,1,False,149,3
857.0,0.97876173,1.9906652,0.9775191,1.0714285,0.9661781285231116,0.8224120715300806,158.90706910051628,11,0.21858284,1,False,149,4
850.0,0.9793365,1.9857563,0.97510856,1.0714285,0.9758897818599311,0.7762530692922309,242.50743531903603,11,0.21804383,1,False,149,5
938.0,0.9841886,2.612207,1.2827281,1.1071428,0.9730290456431535,0.731626023752605,185.2227310787238,11,0.28683054,1,False,149,6
436.0,0.8932467,2.0106487,0.98733205,1.1428572,0.9457700650759219,0.8447105146579341,65.65557070989713,11,0.22077711,0,False,149,7
879.0,0.9435438,2.1843002,1.0726038,1.3928572,0.9659340659340659,0.725293740285095,65.65557070989713,11,0.23984474,0,False,149,8
658.0,0.9714437,1.8189318,0.8931892,1.1785715,0.9719350073855244,0.7921734952726818,104.67289469355191,11,0.19972585,0,False,149,9
897.0,0.9746007,2.0395763,1.001537,1.1071428,0.9739413680781759,0.7050832150557212,104.67289469355191,11,0.22395349,0,False,149,10
927.0,0.97515506,2.0364463,1.0,1.1428572,0.9646201873048907,0.7664701970870166,137.2253765373769,11,0.22360979,1,False,149,11
814.0,0.9812168,2.4345484,0.9023282,1.0555556,0.9760191846522782,0.8120741323791865,276.67052474233384,36,0.17185047,1,False,150,1
1076.0,0.98657817,4.932621,1.8282007,1.3888888,0.9684968496849685,0.6737060952322371,101.2810609965465,36,0.348185,1,False,150,2
468.0,0.9708116,2.1506412,0.79710233,1.0555556,0.975,0.2017868316441632,236.88634887780222,36,0.15180996,0,False,150,3
681.0,0.9781722,2.6615272,0.9864544,1.1111112,0.9742489270386266,0.6326964043703666,157.74097220850106,36,0.18787251,1,False,150,4
970.0,0.9692745,3.5379152,1.3112743,1.4444444,0.9390125847047435,0.7269737914753824,97.61388774194883,36,0.2497352,0,False,150,5
972.0,0.98564494,3.8782578,1.437417,1.0555556,0.9690927218344965,0.7588994393890383,97.61388774194883,36,0.27375937,1,False,150,6
1182.0,0.9835955,2.6865952,0.99574554,1.2222222,0.9784768211920529,0.38192234898892985,58.23092674225537,36,0.18964203,1,False,150,7
818.0,0.9738274,2.8325863,1.0498549,1.2222222,0.9657615112160567,0.5921952614490722,35.11503126175498,36,0.19994727,0,False,150,8
632.0,0.95524657,2.4797819,0.9190933,1.4444444,0.9663608562691132,0.6144900546396119,35.11503126175498,36,0.17504343,1,False,150,9
1212.0,0.9790607,3.4019527,1.2608819,1.2777778,0.9766317485898469,0.5556189578276631,39.918426869032025,36,0.24013785,0,False,150,10
438.0,0.97270864,2.223998,0.82429093,1.2222222,0.9733333333333334,0.2865554904875986,255.7190860829161,36,0.15698808,0,False,150,11
1353.0,0.9786997,3.342408,1.2388126,1.3333334,0.9783080260303688,0.5403718482715769,45.12659401841686,36,0.23593467,0,False,150,12
731.0,0.9742413,2.2859097,0.8472375,0.8888889,0.9543080939947781,0.7341904260268011,51.21940639940679,36,0.16135833,0,False,150,13
629.0,0.9816417,2.8842077,1.0689876,1.0555556,0.9721792890262752,0.4509132065290315,55.47534670078207,36,0.20359114,1,False,150,14
935.0,0.9642359,2.061022,0.7638864,1.0,0.9811122770199371,0.5456743911777527,51.21940639940679,36,0.14548391,0,False,150,15
991.0,0.9883645,3.7571476,1.3925294,1.1666666,0.9734774066797642,0.7255246407089194,45.12659401841686,36,0.26521042,1,False,150,16
1023.0,0.98455733,5.14212,1.9058483,1.3888888,0.9696682464454977,0.5930153507993429,106.48729364427997,36,0.36297318,1,False,150,17
525.0,0.9249293,2.0256085,0.7507609,1.2777778,0.9650735294117647,0.6839910811687209,106.48729364427997,36,0.14298412,1,False,150,18
801.0,0.97468007,2.13608,0.7917055,1.1111112,0.9816176470588235,0.592565507010894,203.8082888140636,36,0.15078212,0,False,150,19
566.0,0.96680206,2.5225756,0.93495417,1.2777778,0.9593220338983051,0.5507234905409336,194.39663666339374,36,0.17806415,1,False,150,20
581.0,0.9674667,3.1008797,1.1492938,1.3333334,0.9731993299832495,0.33889657697392916,255.7190860829161,36,0.21888563,0,False,150,21
986.0,0.9762163,2.1116745,0.78265995,1.0,0.9714285714285714,0.3180703192354578,113.13401651368457,36,0.14905939,1,False,150,22
779.0,0.97000235,2.244045,0.83172107,1.1111112,0.966501240694789,0.8122605530494427,113.13401651368457,36,0.15840317,0,False,150,23
684.0,0.9817045,3.6813676,1.3644427,1.5555556,0.9688385269121813,0.7151794241099729,99.46703829171226,36,0.25986126,1,False,150,24
706.0,0.9768633,2.709553,1.0042545,1.2777778,0.9724517906336089,0.5318669708134981,98.66488979530908,36,0.19126256,0,False,150,25
990.0,0.98463887,3.1561728,1.1697873,1.1666666,0.9772951628825272,0.5958298564548038,99.46703829171226,36,0.22278868,1,False,150,26
985.0,0.97804224,3.3040044,1.2245789,1.4444444,0.9771825396825397,0.6119126998672129,52.95858710827858,36,0.23322384,0,False,150,27
599.0,0.96905243,3.7453165,1.3881444,1.6111112,0.9661290322580646,0.6716138638037755,52.95858710827858,36,0.26437527,0,False,150,28
1323.0,0.9752309,2.6119509,0.96807975,1.1111112,0.9771048744460856,0.4598870769717968,97.7688249687337,36,0.184373,0,False,150,29
664.0,0.9783178,3.856091,1.4292012,1.2222222,0.9581529581529582,0.8447454882862053,105.09167219921358,36,0.27219465,1,False,150,30
854.0,0.9776763,2.7470076,1.0181365,1.2222222,0.9715585893060296,0.7043524375728782,72.52548535480915,36,0.19390641,0,False,150,31
983.0,0.9755035,1.8655477,0.69143677,0.8333333,0.9781094527363184,0.6092051190709732,45.037998984573335,36,0.13168572,1,False,150,32
799.0,0.98338926,3.252677,1.2055551,0.8888889,0.9791666666666666,0.5467035299944606,45.037998984573335,36,0.22960071,1,False,150,33
514.0,0.84711665,1.7543235,0.65021324,1.0555556,0.9500924214417745,0.7247902933162086,85.88220609639696,36,0.123834595,1,False,150,34
688.0,0.9613257,2.4852228,0.9211099,1.4444444,0.9676511954992968,0.6424599482470302,147.87342467054046,36,0.1754275,0,False,150,35
555.0,0.97912,2.4834833,0.9204652,1.1666666,0.9753954305799648,0.5063018913543674,200.70559596396527,36,0.17530471,1,False,150,36
751.0,0.9835044,2.8223906,1.1951563,1.1538461,0.9690322580645161,0.6429155601128025,648.5967164744463,2,0.28777316,1,False,151,1
573.0,0.9688173,1.9006578,0.80484366,0.96153843,0.9646464646464646,0.6116178131027535,648.5967164744463,2,0.19379257,0,False,151,2
771.0,0.9866644,2.9749417,1.1956437,1.24,0.969811320754717,0.44140174165583956,155.12402664477685,56,0.29166096,1,True,152,1
730.0,0.9704349,2.1221917,0.8529192,1.16,0.9605263157894737,0.5513186849379761,72.22362314160654,56,0.20805801,0,False,152,2
611.0,0.9737287,2.3909655,0.9609407,1.2,0.9698412698412698,0.6460337467152113,72.22362314160654,56,0.2344084,0,False,152,3
747.0,0.97986346,2.2740028,0.91393286,1.08,0.9651162790697675,0.39072592226323033,155.12402664477685,56,0.22294144,1,False,152,4
700.0,0.9811614,2.0634856,0.82932496,1.0,0.9695290858725761,0.6590569592244316,290.25025976848553,56,0.20230252,1,False,152,5
590.0,0.9811002,2.7642035,1.1109469,1.2,0.9624796084828712,0.5104034943818071,66.49217371829273,56,0.27100036,1,False,152,6
578.0,0.9454198,1.7433219,0.7006496,1.08,0.9649415692821369,0.5334870895748134,51.28332990048847,56,0.1709139,0,False,152,7
1035.0,0.98219967,3.468483,1.3940003,1.34,0.9709193245778611,0.47415795166036245,51.28332990048847,56,0.34004736,1,False,152,8
595.0,0.9373449,2.2596302,0.90815645,1.44,0.967479674796748,0.5948004223748367,66.49217371829273,56,0.22153237,0,False,152,9
650.0,0.9725834,2.2662768,0.91082776,1.16,0.9672619047619048,0.7040895799156983,76.80100285878936,56,0.222184,0,False,152,10
775.0,0.98034275,2.9786322,1.1971269,1.2,0.9567901234567902,0.5629096424735525,32.210057995825636,56,0.29202276,1,False,152,11
757.0,0.97143394,2.3258653,0.93477666,1.2,0.969270166453265,0.694982188288509,32.210057995825636,56,0.22802602,0,False,152,12
828.0,0.981082,3.9276328,1.5785348,1.32,0.9639115250291036,0.7991855607480882,132.24787086602257,56,0.38506204,1,False,152,13
998.0,0.98313814,4.552345,1.8296096,1.16,0.9736585365853658,0.45374296784392876,115.21580901596519,56,0.4463083,1,False,152,14
1134.0,0.98376745,3.9167902,1.5741771,1.44,0.9692307692307692,0.6025975735988522,140.24114589166584,56,0.38399905,1,False,152,15
747.0,0.96888006,1.5990361,0.64266044,0.8,0.9676165803108808,0.7207698045811733,91.13389438726855,56,0.15676825,0,False,152,16
826.0,0.9716401,3.112494,1.2509266,1.56,0.9683470105509965,0.5798664034516432,32.37352758142384,56,0.30514646,1,False,152,17
857.0,0.98596007,3.6966162,1.4856881,1.08,0.9694570135746606,0.47948983257753514,63.034447848350936,56,0.36241335,1,False,152,18
770.0,0.97359604,2.0334547,0.8172554,0.92,0.9722222222222222,0.5654701617383198,91.13389438726855,56,0.1993583,0,False,152,19
863.0,0.9854251,4.94387,1.9869655,1.28,0.9620958751393534,0.7415805404301662,32.37352758142384,56,0.48469317,1,False,152,20
908.0,0.9839453,3.0579293,1.2289968,1.2,0.9742489270386266,0.3501279382244549,63.034447848350936,56,0.299797,1,False,152,21
1123.0,0.98368365,3.4119325,1.3712723,1.2,0.9748263888888888,0.433436084497943,70.57517922985221,56,0.33450317,1,False,152,22
539.0,0.9512661,2.0605567,0.8281478,1.16,0.9522968197879859,0.8405656126161655,70.57517922985221,56,0.20201536,0,False,152,23
744.0,0.9808212,2.8720968,1.1543097,1.16,0.9712793733681462,0.48275652392852153,108.14172257997903,56,0.28157812,1,False,152,24
648.0,0.96218234,1.8625926,0.74858505,1.08,0.9642857142857143,0.6819388295207975,117.85060969495575,56,0.18260711,0,False,152,25
714.0,0.95855767,2.27535,0.91447437,1.32,0.9714285714285714,0.596598050652197,79.0078735340055,56,0.22307354,0,False,152,26
464.0,0.9381209,2.5107758,1.009093,1.28,0.928,0.6810196565042024,191.20618797257305,56,0.2461545,0,False,152,27
741.0,0.9809643,2.9675574,1.1926758,1.24,0.9698952879581152,0.5614041534245618,145.34108288918037,56,0.290937,1,False,152,28
698.0,0.98197764,2.677937,1.076276,1.12,0.9817158931082982,0.4851298079236711,162.089397654755,56,0.26254284,1,False,152,29
1161.0,0.98239917,3.4937468,1.404154,1.28,0.9731768650461022,0.6901706852215731,96.17928437905049,56,0.34252417,1,False,152,30
830.0,0.9841544,3.2148917,1.2920806,1.16,0.9764705882352941,0.3726325667379917,96.17928437905049,56,0.31518546,1,False,152,31
787.0,0.98425835,3.8527067,1.5484216,1.32,0.9632802937576499,0.4844912386451302,128.03639322779625,56,0.37771633,1,False,152,32
840.0,0.98512197,2.8426666,1.1424817,0.96,0.967741935483871,0.6089526556022067,99.80240833675438,56,0.2786928,1,False,152,33
851.0,0.96749574,1.8431022,0.7407518,1.08,0.969248291571754,0.6258538763860144,152.3986823501011,56,0.1806963,0,False,152,34
965.0,0.9807961,3.6563315,1.4694976,1.16,0.9679037111334002,0.4547343655031923,146.19327878021113,56,0.35846388,1,False,152,35
747.0,0.9621239,1.6719143,0.6719506,0.92,0.9589216944801027,0.7230498450953895,78.86067436435604,56,0.16391318,0,False,152,36
521.0,0.9708962,1.8439156,0.7410787,0.92,0.9648148148148148,0.7549807997528919,89.06823159628104,56,0.18077603,0,False,152,37
786.0,0.98087937,3.0429008,1.2229568,1.2,0.9727722772277227,0.7472783964487283,66.51944771442092,56,0.2983236,1,False,152,38
746.0,0.9743338,2.1113136,0.8485473,0.88,0.9726205997392438,0.5499877460193019,54.504420541709635,56,0.20699154,0,False,152,39
819.0,0.98400056,2.603956,1.0465426,1.04,0.9715302491103203,0.5710541384904565,34.532221373383436,56,0.2552898,1,False,152,40
837.0,0.98483413,4.2144804,1.6938204,1.16,0.9847058823529412,0.707913469900773,66.51944771442092,56,0.41318434,1,False,152,41
840.0,0.9798677,2.8369524,1.1401851,1.28,0.9699769053117783,0.5252368330904902,178.76722059172513,56,0.2781326,1,False,152,42
866.0,0.9799472,2.305589,0.9266275,1.0,0.9719416386083053,0.6443640240643016,34.532221373383436,56,0.22603814,1,False,152,43
1010.0,0.98359716,2.6005545,1.0451756,1.0,0.979631425800194,0.6369303605588544,89.06823159628104,56,0.25495633,0,False,152,44
728.0,0.9824165,2.174066,0.8737678,0.92,0.9745649263721553,0.4967388018170748,118.2905375325475,56,0.21314372,0,False,152,45
736.0,0.97065604,1.6115761,0.6477003,0.76,0.9696969696969697,0.7637616450868683,49.916085222650615,56,0.15799765,1,False,152,46
496.0,0.9725145,2.2299192,0.89621544,1.12,0.9763779527559056,0.6036469669980926,46.98728674528493,56,0.21861954,1,False,152,47
738.0,0.98327935,2.9661245,1.1920999,1.12,0.9710526315789474,0.5475057776275841,82.41965230345842,56,0.29079652,1,False,152,48
1013.0,0.9805145,2.8183613,1.1327132,1.2,0.9712368168744008,0.35008650836020844,95.30020969896114,56,0.2763099,0,False,152,49
980.0,0.9790029,2.3332653,0.93775076,1.04,0.9731876861966237,0.4453693607912964,46.98728674528493,56,0.22875151,0,False,152,50
309.0,0.8452717,1.6752105,0.6732753,0.84,0.9335347432024169,0.5963452031170989,80.23686119741008,56,0.16423632,0,False,152,51
713.0,0.98376,2.4655259,0.9909069,0.88,0.9767123287671233,0.5648256930227541,132.3721714167501,56,0.24171823,0,False,152,52
737.0,0.94529265,1.418996,0.5703014,0.76,0.9735799207397622,0.4203011076455904,80.23686119741008,56,0.13911726,0,False,152,53
333.0,0.8908552,1.984985,0.7977752,1.16,0.9148351648351648,0.7456096918831021,95.30020969896114,56,0.19460638,0,False,152,54
932.0,0.9793701,1.8501717,0.74359304,0.88,0.9769392033542977,0.296655212138829,124.52223233598649,56,0.18138938,0,False,152,55
819.0,0.97656846,2.0978756,0.84314644,0.96,0.9715302491103203,0.5972050804112817,114.92291674343065,56,0.20567407,0,False,152,56
747.0,0.968265,2.308679,0.84575474,1.2083334,0.9638709677419355,0.7673250513933976,144.9770930956218,40,0.21728745,0,False,153,1
612.0,0.97216475,2.0586874,0.7541735,1.1666666,0.9607535321821036,0.6919206354868875,144.9770930956218,40,0.19375882,0,False,153,2
980.0,0.979552,2.7216413,0.99703807,1.4166666,0.9731876861966237,0.2991559326328836,69.30839556548487,40,0.25615448,0,False,153,3
488.0,0.92595935,2.1045082,0.7709593,1.2083334,0.9663366336633663,0.8285664382210118,100.92628648971672,40,0.19807136,0,False,153,4
904.0,0.98429453,3.6963494,1.3541098,1.5416666,0.9741379310344828,0.7713126057779441,69.30839556548487,40,0.34789172,1,False,153,5
925.0,0.97919977,2.9656305,1.0864204,1.3333334,0.9726603575184016,0.7071885563802717,100.92628648971672,40,0.27911818,1,False,153,6
882.0,0.9800032,2.7378118,1.0029619,1.375,0.974585635359116,0.7174986306769535,107.8997031202469,40,0.2576764,1,False,153,7
780.0,0.98444074,4.6611648,1.7075574,1.4583334,0.966542750929368,0.8289823790064842,107.8997031202469,40,0.43869784,1,False,153,8
706.0,0.98107463,3.8833215,1.4226046,1.25,0.9697802197802198,0.702025133092901,67.22505680598933,40,0.36548907,1,False,153,9
712.0,0.9798605,4.012231,1.4698288,1.1666666,0.9582772543741588,0.8343781715448283,77.17502436413268,40,0.37762174,1,False,153,10
773.0,0.97816885,2.3740299,0.8696951,1.125,0.9614427860696517,0.6487283896963785,104.75505136524231,40,0.2234381,0,False,153,11
436.0,0.9223554,2.20776,0.80878437,1.3333334,0.9775784753363229,0.7430300487861784,67.22505680598933,40,0.20778918,0,False,153,12
895.0,0.972294,2.8333797,1.037972,1.3333334,0.9738846572361263,0.7834917749068205,99.10608523723984,40,0.26667103,0,False,153,13
1086.0,0.9831507,4.0566683,1.486108,1.25,0.9687778768956289,0.8166636320117558,104.75505136524231,40,0.38180408,1,False,153,14
1033.0,0.97978806,3.0957165,1.1340756,1.2083334,0.9708646616541353,0.7837332911820989,65.36840607490964,40,0.29136154,1,False,153,15
773.0,0.97817767,3.1229517,1.144053,1.3333334,0.9698870765370138,0.6327047381887858,65.36840607490964,40,0.29392487,1,False,153,16
743.0,0.9814223,2.4241812,0.8880674,1.2083334,0.9687092568448501,0.6398638652016079,58.8217459573977,40,0.22815824,1,False,153,17
688.0,0.97033334,2.41273,0.8838724,1.3541666,0.9649368863955119,0.7363026194759799,75.84896216094712,40,0.22708048,0,False,153,18
821.0,0.9742745,2.543443,0.9317574,1.1666666,0.9535423925667829,0.6885521204582706,78.5753943421717,40,0.23938286,1,False,153,19
905.0,0.972025,2.5141804,0.92103744,1.2083334,0.9762675296655879,0.47613283360023,58.8217459573977,40,0.23662876,0,False,153,20
1254.0,0.97706985,3.3095095,1.212396,1.4166666,0.9668465690053971,0.5926799789771448,99.10608523723984,40,0.31148326,1,False,153,21
596.0,0.9761209,3.6994545,1.3552473,1.2916666,0.9644012944983819,0.7841427604799557,32.487384384662136,40,0.34818396,1,False,153,22
527.0,0.9791475,3.5760593,1.3100431,1.2083334,0.9705340699815838,0.4444124142915623,32.487384384662136,40,0.3365703,1,False,153,23
696.0,0.97977704,3.1044662,1.1372811,1.1666666,0.9666666666666667,0.7959226079249729,82.5765898171924,40,0.29218504,1,False,153,24
686.0,0.98165816,3.9136906,1.4337299,1.25,0.9702970297029703,0.6075670478014549,43.191814157500424,40,0.36834735,1,False,153,25
860.0,0.9790153,2.8218992,1.0337663,1.2916666,0.9750566893424036,0.6141958433973623,43.191814157500424,40,0.2655905,0,False,153,26
859.0,0.9800481,3.1101086,1.139348,1.0416666,0.9739229024943311,0.2881693990480277,61.54390081270216,40,0.29271612,1,False,153,27
693.0,0.97688943,2.034151,0.7451849,1.1666666,0.9651810584958217,0.6028085151997055,105.18437367013766,40,0.19144951,0,False,153,28
725.0,0.98362136,4.0767817,1.4934763,1.1666666,0.9718498659517426,0.7768363778496483,119.04491413741904,40,0.3836971,1,False,153,29
621.0,0.985188,4.4814816,1.6417328,1.2083334,0.9657853810264385,0.8147365628845811,38.83003730426534,40,0.4217865,1,False,153,30
517.0,0.97172123,2.396035,0.8777564,1.0,0.9503676470588235,0.8699716047973818,60.14551312904411,40,0.22550917,1,False,153,31
541.0,0.98047596,2.8334875,1.0380114,0.9583333,0.9592198581560284,0.5116790505150618,61.54390081270216,40,0.26668116,1,False,153,32
561.0,0.97413677,2.2987225,0.84210724,1.0833334,0.9689119170984456,0.6691282457047432,38.83003730426534,40,0.21635036,0,False,153,33
616.0,0.97881687,2.6398132,0.9670614,1.125,0.9595015576323987,0.8505732865553282,105.18437367013766,40,0.248453,1,False,153,34
530.0,0.97533995,2.003695,0.73402774,0.875,0.9689213893967094,0.704000804568901,60.14551312904411,40,0.18858306,0,False,153,35
648.0,0.97259825,2.272055,0.8323379,1.0,0.9700598802395209,0.674317836901081,42.06243141245806,40,0.21384047,0,False,153,36
380.0,0.961305,2.1553729,0.789593,1.0,0.9644670050761421,0.3684927472051555,42.06243141245806,40,0.20285861,0,False,153,37
641.0,0.9677696,2.0593474,0.7544153,1.0,0.9697428139183056,0.7087944409584863,59.26454983550681,40,0.19382092,0,False,153,38
425.0,0.94745517,1.7133332,0.6276575,0.8333333,0.963718820861678,0.7225153924921824,59.26454983550681,40,0.1612549,0,False,153,39
671.0,0.9704732,1.9798187,0.72528094,1.0833334,0.9738751814223512,0.5678602339909294,324.35738714597124,40,0.18633588,0,False,153,40
822.0,0.97033364,1.9197756,1.1363324,1.25,0.9704840613931524,0.5668949271251568,109.99864586282169,9,0.27102715,1,False,154,1
800.0,0.97341186,1.6774306,0.99288625,1.1388888,0.966183574879227,0.7609280827057753,283.4667321786975,9,0.23681372,1,False,154,2
831.0,0.952793,1.5582632,0.92235,1.1111112,0.9651567944250871,0.7594905643397474,109.99864586282169,9,0.21999009,0,False,154,3
842.0,0.97369426,1.5667393,0.9273671,1.0,0.9689298043728424,0.700486684435366,215.21182633813993,9,0.22118673,1,False,154,4
734.0,0.96920437,1.689449,1.0,1.0833334,0.9696169088507266,0.5696569597956542,222.16357930771596,9,0.23851044,1,False,154,5
779.0,0.97110116,1.683426,0.996435,1.0277778,0.9761904761904762,0.7593238504618216,193.92324170393584,9,0.23766014,1,False,154,6
1098.0,0.98283947,1.9870725,1.176166,1.0555556,0.9751332149200711,0.5938774000320705,64.4324095266717,9,0.28052786,1,False,154,7
887.0,0.9829437,1.9161968,1.134214,0.9166667,0.9768722466960352,0.6263412942381518,64.4324095266717,9,0.2705219,1,False,154,8
610.0,0.98257315,1.8155738,1.0746545,0.75,0.9713375796178344,0.8403832199410801,394.87966002454846,9,0.2563163,1,False,154,9
657.0,0.9762548,2.1727006,1.0696739,1.0,0.9591240875912409,0.8250221380771583,94.94874597658604,13,0.23857105,1,False,155,1
449.0,0.94167054,2.0311804,1.0,1.0892857,0.9655913978494624,0.6185104238337358,94.94874597658604,13,0.22303157,1,False,155,2
941.0,0.9780538,1.9233719,0.94692326,0.85714287,0.9681069958847737,0.49755830178876215,181.25300899899023,13,0.21119377,1,False,155,3
664.0,0.963815,1.7774312,0.8750731,1.1785715,0.9750367107195301,0.773774290321505,195.73464314600653,13,0.19516891,1,False,155,4
840.0,0.9820266,1.9818027,0.9756901,0.9285714,0.974477958236659,0.6218717760699316,152.85147662837784,13,0.2176097,1,False,155,5
768.0,0.9805107,2.3245444,1.1444303,1.1785715,0.9684741488020177,0.6414490717445823,195.73464314600653,13,0.25524408,1,False,155,6
632.0,0.9556769,1.8855674,0.92831117,1.0714285,0.9561270801815431,0.6260161046938484,152.85147662837784,13,0.2070427,0,False,155,7
616.0,0.95044976,1.8289077,0.9004162,1.1785715,0.9506172839506173,0.6930788847910248,326.35006842175375,13,0.20082124,1,False,155,8
993.0,0.98216665,2.3762767,1.1698995,1.2857143,0.9754420432220039,0.6574743007475884,103.85932582329833,13,0.26092452,1,False,155,9
815.0,0.9829635,2.4548204,1.2085683,1.25,0.9713945172824792,0.4858482248987334,103.85932582329833,13,0.2695489,1,False,155,10
762.0,0.9748279,2.1209223,1.0441822,1.1785715,0.9633375474083439,0.6287233251512129,326.35006842175375,13,0.2328856,1,False,155,11
606.0,0.96994007,1.4021099,0.69029313,0.5714286,0.9603803486529319,0.6788768519520334,367.8506058587706,13,0.15395716,1,False,155,12
842.0,0.9866929,2.2762554,1.1206565,0.85714287,0.9711649365628604,0.5671678829840876,367.8506058587706,13,0.24994178,1,False,155,13
829.0,0.9762633,2.0401216,1.1079168,1.3043479,0.9650756693830035,0.46390240278492356,280.62682130523353,11,0.18401097,1,False,156,1
711.0,0.9723321,1.7974684,0.9761406,1.0,0.9634146341463414,0.6992228575239562,94.2459713276811,11,0.1621246,1,False,156,2
835.0,0.9827283,2.342463,1.2721076,1.0869565,0.9754672897196262,0.6887093820316785,94.2459713276811,11,0.21128097,1,False,156,3
672.0,0.9764463,2.0458074,1.1110046,0.95652175,0.9669064748201439,0.6943185185049585,196.20406333480983,11,0.1845238,1,False,156,4
452.0,0.88622504,1.6805503,0.9126466,0.95652175,0.9495798319327731,0.5989787350729178,196.20406333480983,11,0.15157905,1,False,156,5
632.0,0.9723897,1.9794303,1.0749576,1.0434783,0.9723076923076923,0.6319783526830104,117.88755074333534,11,0.17853685,1,False,156,6
624.0,0.9610744,1.8074137,0.9815416,1.0,0.9659442724458205,0.820752818941478,206.12792045839998,11,0.16302162,1,False,156,7
527.0,0.9712303,1.7393779,0.9445937,0.9130435,0.9723247232472325,0.6588358781858228,117.88755074333534,11,0.15688506,1,False,156,8
890.0,0.98123795,2.4119198,1.3098272,0.82608694,0.9408033826638478,0.8177039520090892,124.03884459617296,11,0.2175457,1,False,156,9
562.0,0.97177523,1.7956831,0.9751711,0.7826087,0.972318339100346,0.7795490910879825,124.03884459617296,11,0.16196358,1,False,156,10
440.0,0.9657926,1.8414031,1.0,0.9130435,0.9691629955947136,0.7183292099087912,340.3793512572613,11,0.16608734,0,False,156,11
756.0,0.97042865,2.1669974,1.0409769,1.2083334,0.9667519181585678,0.6300571780128575,708.3684248705812,4,0.2039527,1,False,157,1
654.0,0.9764296,1.9544469,0.9388724,1.0833334,0.9746646795827124,0.6463912374277919,708.3684248705812,4,0.18394795,1,False,157,2
809.0,0.97417057,1.9963948,0.9590232,1.0416666,0.9473067915690867,0.6431260132378502,86.5727022768218,4,0.18789598,1,False,157,3
1142.0,0.9789697,2.3325307,1.1204953,1.125,0.9702633814783348,0.7355666661368809,86.5727022768218,4,0.2195323,1,False,157,4
478.0,0.96436876,1.5785366,0.8746026,1.027027,0.9695740365111561,0.6247636568031888,357.6044936091359,9,0.22904257,1,False,158,1
667.0,0.97409695,1.6063861,0.8900328,1.1081082,0.9652677279305355,0.4050987128942268,170.1622764810891,9,0.23308346,1,False,158,2
538.0,0.9540689,1.7505275,0.9698957,1.2162162,0.9658886894075404,0.43946920477168355,442.90239146406293,9,0.2539981,0,True,158,3
636.0,0.9760243,1.8048615,1.0,1.1081082,0.9665653495440729,0.7038559572770616,170.1622764810891,9,0.26188186,1,False,158,4
922.0,0.9683973,1.8675029,1.0347071,1.1891892,0.9736008447729673,0.6526026233641822,170.3442009595186,9,0.27097103,1,False,158,5
899.0,0.97398096,1.7171332,0.9513933,1.027027,0.9614973262032086,0.4655797240315167,351.3068122236358,9,0.24915266,1,False,158,6
768.0,0.98129016,2.0389922,1.1297222,1.2702702,0.9696969696969697,0.5563244388790698,309.97720739567944,9,0.29585376,1,False,158,7
851.0,0.9826858,2.1183345,1.1736826,1.1621622,0.9725714285714285,0.6523320464743649,170.3442009595186,9,0.3073662,1,False,158,8
873.0,0.9826702,1.9694746,1.0912054,1.081081,0.9689234184239733,0.7428359757716363,351.3068122236358,9,0.2857669,1,False,158,9
572.0,0.96328413,2.1488426,1.0213722,1.1724138,0.9761092150170648,0.629535740221172,146.56074958233555,17,0.24437816,1,False,159,1
807.0,0.9724118,2.0402513,0.9697574,1.3103448,0.9687875150060024,0.7858624487765468,243.82177730923476,17,0.23202857,1,False,159,2
683.0,0.9396269,2.1418185,1.0180336,1.3103448,0.9472954230235784,0.7674358382463321,146.56074958233555,17,0.24357937,1,False,159,3
973.0,0.9642185,1.7654251,0.83912903,1.1724138,0.973,0.4890095209055019,243.82177730923476,17,0.20077384,0,False,159,4
1105.0,0.9838885,3.167889,1.505738,1.0,0.9692982456140351,0.6458468615565991,231.93845753434508,17,0.36026973,1,False,159,5
496.0,0.95338094,1.9080924,0.9069406,1.1724138,0.9538461538461539,0.8352586746474815,105.50720813313661,17,0.21699874,0,False,159,6
614.0,0.95816445,1.8284848,0.86910206,1.1724138,0.9684542586750788,0.6023688583276764,105.50720813313661,17,0.20794533,0,False,159,7
879.0,0.97754073,1.8109136,0.86075026,1.1724138,0.9766666666666667,0.5813974540714881,128.63468598822712,17,0.20594704,0,False,159,8
999.0,0.98234415,2.141797,1.0180234,1.0689656,0.9615014436958614,0.706852933611048,107.16615923227452,17,0.24357691,1,False,159,9
772.0,0.9747763,2.0294354,0.9646165,1.2413793,0.9686323713927227,0.5758293292906406,96.20521422999313,17,0.23079853,1,False,159,10
1160.0,0.9813733,2.891855,1.3745354,1.0689656,0.975609756097561,0.6513251404827437,139.64526159475258,17,0.32887763,1,False,159,11
875.0,0.9803242,2.4018524,1.141631,1.2068965,0.9743875278396437,0.4912709018615053,52.51924829499992,17,0.27315184,1,False,159,12
753.0,0.97627133,2.0593488,0.9788347,1.2068965,0.9666238767650834,0.5858559747005527,52.51924829499992,17,0.23420045,1,False,159,13
555.0,0.96155244,1.6266543,0.77316946,1.0689656,0.9668989547038328,0.6686877906511486,171.7593164446511,17,0.18499206,0,False,159,14
852.0,0.985206,2.2127247,1.0517362,1.0344827,0.9703872437357631,0.7476207315085259,171.7593164446511,17,0.25164318,1,False,159,15
321.0,0.9186122,2.103878,1.0,1.0,0.963963963963964,0.77405680223017,321.9441167848563,17,0.23926456,0,False,159,16
427.0,0.9804207,2.1915529,1.041673,1.0,0.977116704805492,0.8503129530063964,335.73644881950463,17,0.24923544,0,True,159,17
1380.0,0.97268564,2.3285573,1.0673826,1.2727273,0.9752650176678446,0.40976781930617145,828.0111760841929,2,0.20089513,1,False,160,1
826.0,0.9603174,2.0345588,0.93261725,1.2272727,0.9615832363213038,0.7838255079824767,828.0111760841929,2,0.17553055,1,False,160,2
764.0,0.97363216,1.7552356,0.9587387,1.125,0.9695431472081218,0.659390639469646,72.12748338482238,20,0.22026485,1,False,161,1
911.0,0.9775621,1.8262554,0.99753094,1.25,0.9691489361702128,0.6008524879826511,115.03085446345743,20,0.22917715,1,False,161,2
672.0,0.97683495,1.9178293,1.0475501,1.0625,0.9725036179450073,0.5794213995884977,72.12748338482238,20,0.24066877,1,False,161,3
689.0,0.9302955,1.9785469,1.0807151,1.34375,0.9717912552891397,0.6836716345704189,116.88104425444534,20,0.24828823,0,False,161,4
467.0,0.9124586,1.6789347,0.9170619,1.125,0.9749478079331941,0.5211597750004697,357.93454684844664,20,0.21068984,0,False,161,5
563.0,0.94425964,1.7599356,0.961306,1.25,0.9740484429065744,0.5610874727231063,115.03085446345743,20,0.22085467,1,False,161,6
555.0,0.93192214,1.5198761,0.8301815,1.03125,0.9685863874345549,0.7300400834820687,389.9647975986439,20,0.19072956,0,False,161,7
605.0,0.98281735,1.9679753,1.0749407,1.0625,0.971107544141252,0.3782225140267946,66.81178113146855,20,0.24696161,1,False,161,8
945.0,0.97932374,2.0465279,1.1178473,1.15625,0.9782608695652174,0.33619325593424987,66.81178113146855,20,0.2568192,1,False,161,9
1000.0,0.96772116,1.946125,1.0630057,1.25,0.9689922480620154,0.659882508296112,155.49777860839362,20,0.24421962,1,False,161,10
721.0,0.9702961,1.8053485,0.9861112,1.15625,0.965194109772423,0.4736448726760606,71.42825033604623,20,0.22655354,1,False,161,11
724.0,0.97656184,1.7793509,0.9719109,1.21875,0.9731182795698925,0.5630119395417064,195.4840130886384,20,0.22329108,1,False,161,12
800.0,0.9790161,2.0294921,1.1085422,1.15625,0.9720534629404617,0.6187568278460407,121.67813805745216,20,0.25468138,1,False,161,13
829.0,0.9575319,1.809635,0.9884526,1.125,0.9594907407407407,0.6705998958920456,155.21877645376728,20,0.22709146,1,False,161,14
823.0,0.9768443,1.8404845,1.0053031,1.15625,0.9670975323149236,0.7669970591582692,155.49777860839362,20,0.23096277,1,False,161,15
743.0,0.97992265,1.8352962,1.0024692,1.03125,0.9737876802096985,0.53125305251383,185.976583003379,20,0.23031168,1,False,161,16
968.0,0.9839861,2.2010267,1.2022372,1.0625,0.9718875502008032,0.6263548864884585,316.5969955233495,20,0.27620727,1,False,161,17
731.0,0.9805262,1.8926556,1.0337998,1.125,0.9682119205298013,0.48918064602923245,285.8824728946873,20,0.23750973,1,False,161,18
811.0,0.97795933,1.602574,0.87535244,0.9375,0.9724220623501199,0.6960076730662731,161.0634755626207,20,0.20110732,1,False,161,19
869.0,0.9753977,1.4823432,0.8096804,0.8125,0.9644839067702553,0.6240557958860079,161.0634755626207,20,0.18601954,1,False,161,20
685.0,0.9736029,1.6518248,1.0349677,1.1363636,0.9702549575070821,0.49992956984053366,623.0313945555395,11,0.28502074,1,True,162,1
494.0,0.9715186,1.5960158,1.0,1.0,0.9705304518664047,0.5899809983419796,212.69835024813273,11,0.27539095,1,False,162,2
654.0,0.97240835,1.7167778,1.0756646,1.0909091,0.9717682020802377,0.6931378482262667,82.16465842155776,11,0.29622832,1,False,162,3
645.0,0.9775186,1.5699788,0.98368627,0.90909094,0.974320241691843,0.7026368818160166,212.69835024813273,11,0.2708983,1,False,162,4
973.0,0.98443925,1.9388256,1.2147909,1.0454545,0.9710578842315369,0.5355796406115395,82.16465842155776,11,0.33454245,1,False,162,5
586.0,0.9633064,1.6563373,1.0377951,1.0909091,0.9701986754966887,0.624715970177106,161.99954390591367,11,0.28579935,1,False,162,6
635.0,0.9609898,1.5111309,0.94681454,0.97727275,0.9694656488549618,0.7124993379407338,186.14689164743857,11,0.26074415,1,False,162,7
1037.0,0.97729045,1.5306392,0.9590376,0.9431818,0.9737089201877934,0.5453779391889442,122.47679870513016,11,0.26411027,1,False,162,8
782.0,0.9758613,1.3867124,0.8688588,0.84090906,0.9571603427172583,0.8217060725351067,275.23909152053966,11,0.23927587,1,False,162,9
841.0,0.9809344,1.4906497,0.9339818,0.8863636,0.9700115340253749,0.7665584342833016,186.14689164743857,11,0.25721014,1,False,162,10
423.0,0.9712976,1.9527725,1.2235296,1.0681819,0.9791666666666666,0.893202593992652,122.47679870513016,11,0.336949,0,True,162,11
390.0,0.97234577,2.1434705,1.3243693,1.4186046,0.975,0.8775436909605159,107.16741236267777,30,0.36144796,0,True,163,1
635.0,0.956939,1.5451016,0.9546598,1.0930233,0.9665144596651446,0.8101262004246276,85.76104696405852,30,0.26054654,1,False,163,2
486.0,0.9160367,1.4459279,0.8933841,1.0697675,0.9548133595284872,0.6477590501204115,85.76104696405852,30,0.24382313,0,False,163,3
810.0,0.97762465,1.9410853,1.1993232,1.2790698,0.9735576923076923,0.6914902653226592,107.16741236267777,30,0.32732028,1,False,163,4
623.0,0.97282475,1.6464221,1.0172619,1.0465117,0.956989247311828,0.8229801168331552,176.62417748183796,30,0.27763197,1,False,163,5
891.0,0.95885944,1.6001358,0.9886633,1.1162791,0.9590958019375673,0.5890918602542301,90.97889417907041,30,0.26982683,1,False,163,6
817.0,0.9708836,1.5762432,0.973901,1.0232558,0.9668639053254438,0.41666436435009147,166.9016761019514,30,0.26579788,1,False,163,7
763.0,0.97822255,1.8573562,1.14759,1.1860465,0.9658227848101266,0.5659012701722124,128.02701335739613,30,0.31320125,1,False,163,8
678.0,0.97447616,1.7123551,1.0579994,1.1627907,0.9713467048710601,0.6756767825373844,54.81209503591508,30,0.28875008,1,False,163,9
810.0,0.9703438,1.5520241,0.9589369,1.1162791,0.9700598802395209,0.7189371072552684,54.81209503591508,30,0.26171386,1,False,163,10
683.0,0.97922194,2.0809016,1.2857103,1.0,0.9687943262411347,0.659180379609783,166.9016761019514,30,0.35089713,1,False,163,11
655.0,0.97258466,1.6162258,0.9986048,1.1627907,0.9689349112426036,0.7428977433772099,103.39899631070318,30,0.27254003,1,False,163,12
836.0,0.9759148,1.5279571,0.9440668,0.9767442,0.9766355140186916,0.5060853821523432,194.27386176282334,30,0.2576555,1,False,163,13
805.0,0.9814253,1.5044345,0.9295331,1.0,0.9687123947051745,0.6418499165185415,226.6948813823435,30,0.25368896,1,False,163,14
921.0,0.97918576,1.6844431,1.0407536,1.0930233,0.9694736842105263,0.4181849676023226,208.3736946275726,30,0.28404334,1,False,163,15
581.0,0.9544285,1.6207421,1.0013952,1.2325581,0.9603305785123967,0.6278557025784912,188.90000873496052,30,0.2733016,1,False,163,16
872.0,0.9504792,1.731278,1.0696911,1.2093023,0.9678135405105438,0.6736006596902256,90.94153225282396,30,0.291941,1,False,163,17
551.0,0.9307748,1.6870383,1.0423571,1.2325581,0.9565972222222222,0.5246109784906631,94.71064810158778,30,0.28448096,1,False,163,18
671.0,0.9792724,1.5289571,0.94468474,0.9767442,0.9668587896253602,0.5097192651846404,41.600607279887754,30,0.25782415,1,False,163,19
776.0,0.9815529,1.5716854,0.97108495,0.95348835,0.9761006289308176,0.6178793172993681,41.600607279887754,30,0.2650293,1,False,163,20
686.0,0.9692952,1.637433,1.0117079,1.1860465,0.9730496453900709,0.5542697177172695,90.94153225282396,30,0.27611616,1,False,163,21
546.0,0.96947795,1.3316722,0.82278985,0.88372093,0.975,0.7469797113665918,121.48648885993002,30,0.22455649,1,False,163,22
791.0,0.98170274,1.695881,1.0478207,1.0930233,0.9681762545899633,0.5729836623390114,168.3532161796376,30,0.2859721,1,False,163,23
596.0,0.9093427,1.5062822,0.93067473,1.0,0.9597423510466989,0.6594279972779943,206.45962613960643,30,0.2540005,1,False,163,24
1088.0,0.9690534,1.8267998,1.1287104,1.2093023,0.974910394265233,0.311615538480211,94.71064810158778,30,0.3080486,1,False,163,25
813.0,0.9725571,1.7755657,1.0970548,1.255814,0.9748201438848921,0.6283735362945534,289.53431196301517,30,0.29940912,1,False,163,26
1157.0,0.9595921,1.8157825,1.1219033,1.2093023,0.9763713080168777,0.5672875122730454,116.80224154888234,30,0.3061908,1,False,163,27
610.0,0.9281554,1.2613801,0.779359,1.0465117,0.9667194928684627,0.6183115759907658,116.80224154888234,30,0.21270332,1,False,163,28
674.0,0.9563872,1.0464771,0.64657855,0.6976744,0.9739884393063584,0.7121306361043607,369.6999053413215,30,0.17646477,1,False,163,29
813.0,0.97457635,1.4370263,0.88788414,1.0232558,0.9736526946107784,0.589655578616729,165.570012114047,30,0.24232207,1,False,163,30
708.0,0.97142935,1.728086,1.0570437,1.1818181,0.9672131147540983,0.6616332994737331,817.8950986090289,3,0.22363465,1,False,164,1
790.0,0.968779,1.6348293,1.0,1.2121212,0.9705159705159705,0.4927877200777325,406.2685946148084,3,0.21156615,0,False,164,2
781.0,0.97076565,1.4562527,0.89076746,0.969697,0.9726027397260274,0.6274665611450838,406.2685946148084,3,0.18845624,1,False,164,3
476.0,0.9676975,2.0765147,1.079495,1.3947369,0.967479674796748,0.855498185819998,161.0319134083423,20,0.30944142,0,True,165,1
757.0,0.9722673,2.0350761,1.0579528,1.3157895,0.9680306905370843,0.7687918173413852,79.56580090028174,20,0.30326626,1,False,165,2
627.0,0.96349573,1.6916393,0.879414,1.2105263,0.9675925925925926,0.7512918329972491,79.56580090028174,20,0.25208744,1,False,165,3
862.0,0.98311746,2.3912566,1.2431164,1.1842105,0.971815107102593,0.7421837936118942,393.9587204409248,20,0.35634413,1,False,165,4
644.0,0.97757775,2.5133622,1.3065941,1.3157895,0.9698795180722891,0.6261422987541362,305.4548465170126,20,0.37454027,1,False,165,5
808.0,0.9799714,1.9531983,1.0153879,1.1578947,0.9734939759036144,0.6526839613787564,207.80055658052783,20,0.29106483,1,False,165,6
605.0,0.9705764,1.7792953,0.9249828,1.1842105,0.9726688102893891,0.5046419895882354,218.968514622131,20,0.2651499,0,False,165,7
1305.0,0.9848102,2.3066344,1.1991248,1.2105263,0.9731543624161074,0.6446178913292381,162.08134525054575,20,0.34373376,1,False,165,8
798.0,0.9784936,2.2454162,1.1673,1.2105263,0.9696233292831106,0.58261153129823,30.245362253431196,20,0.33461103,1,False,165,9
1016.0,0.9784051,2.060609,1.0712264,1.1578947,0.9722488038277513,0.794130974299395,76.78251544809294,20,0.30707115,1,False,165,10
768.0,0.96649617,1.8960389,0.985673,1.2105263,0.9696969696969697,0.7411848417530044,30.245362253431196,20,0.28254697,1,False,165,11
1021.0,0.9842722,2.1147997,1.0993978,1.1578947,0.9595864661654135,0.5557745835232243,76.78251544809294,20,0.31514663,1,False,165,12
447.0,0.852692,1.502767,0.78122705,1.1315789,0.9235537190082644,0.8444729215957466,186.24120686116552,20,0.22394174,0,False,165,13
782.0,0.97138435,1.5062592,0.7830425,1.0,0.9702233250620348,0.6804045459113599,115.68192853166124,20,0.22446215,1,False,165,14
914.0,0.9804623,1.8130543,0.9425327,1.0,0.9733759318423855,0.6997503973348596,106.83159146154186,20,0.27018064,1,False,165,15
527.0,0.9547603,1.5492859,0.8054103,1.0,0.9581818181818181,0.8496365023169206,233.1855753379685,20,0.23087397,1,False,165,16
636.0,0.9752696,1.4822493,0.7705607,0.92105263,0.9578313253012049,0.7614346434904327,115.68192853166124,20,0.22088419,1,False,165,17
750.0,0.9794017,1.9511578,1.014327,1.0263158,0.9715025906735751,0.5529625685244712,106.83159146154186,20,0.2907608,1,False,165,18
991.0,0.9761949,1.6420416,0.8536302,0.8947368,0.9677734375,0.4837459688435042,302.30836737785125,20,0.2446964,1,False,165,19
656.0,0.9805432,1.6724968,0.8694626,0.8947368,0.9704142011834319,0.5224475134747817,173.14830020692972,20,0.24923481,1,False,165,20
842.0,0.9746059,1.8393706,1.0,1.1785715,0.9644902634593356,0.7088037407907374,46.296002675824674,13,0.2019701,1,False,166,1
481.0,0.8817395,1.9399318,1.0546715,1.3571428,0.9449901768172888,0.7856312558024816,46.296002675824674,13,0.21301211,0,False,166,2
619.0,0.9804798,2.685726,1.4601331,1.1071428,0.9656786271450858,0.7364154592030014,285.80766380969084,13,0.29490325,1,False,166,3
487.0,0.92657536,1.7821208,0.96887535,1.1071428,0.9624505928853755,0.609311133998138,191.69052610234507,13,0.19568385,0,False,166,4
589.0,0.9643977,1.9739268,1.0731534,1.1428572,0.9735537190082645,0.4296686083184663,221.5794207851899,13,0.2167449,1,False,166,5
687.0,0.97925127,1.8134228,0.98589313,0.96428573,0.9703389830508474,0.6187512010316825,65.2489589805143,13,0.19912092,1,False,166,6
640.0,0.9624618,1.5866071,0.86258155,0.9285714,0.9667673716012085,0.7901846205954021,65.2489589805143,13,0.17421569,0,False,166,7
733.0,0.9819196,1.8740499,1.0188539,0.89285713,0.9721485411140584,0.4751681008195648,49.20809880406517,13,0.20577802,1,False,166,8
681.0,0.9689336,1.763111,0.9585404,1.0,0.9756446991404012,0.41027410909986906,49.20809880406517,13,0.1935965,0,False,166,9
844.0,0.9716305,1.7738236,0.96436447,1.0357143,0.9723502304147466,0.6343315302299938,162.37923966276352,13,0.1947728,1,False,166,10
648.0,0.97833174,2.1617064,1.1752424,1.0,0.9744360902255639,0.584690777189733,95.60385257183565,13,0.23736385,1,False,166,11
1037.0,0.9716458,2.0166001,1.0963533,1.0714285,0.9691588785046729,0.33514985040924977,95.60385257183565,13,0.2214306,0,False,166,12
625.0,0.97384065,1.3924571,0.7570291,0.71428573,0.9615384615384616,0.6178980901960334,539.040867422076,13,0.15289725,0,False,166,13
435.0,0.89714664,1.8958129,0.80669963,1.2142857,0.925531914893617,0.7683000290766345,300.0037701257671,44,0.20816769,1,False,167,1
304.0,0.78856295,1.6557801,0.7045617,0.89285713,0.9440993788819876,0.8585947455508249,300.0037701257671,44,0.18181115,0,False,167,2
569.0,0.9814067,2.371077,1.0089324,1.1785715,0.964406779661017,0.7408337251561287,53.097326330447274,44,0.26035357,1,False,167,3
708.0,0.9851785,3.314114,1.4102101,1.2142857,0.9672131147540983,0.7883168830909763,53.097326330447274,44,0.36390272,1,False,167,4
808.0,0.97214925,2.3623142,1.0052036,1.3214285,0.9619047619047619,0.8380656748938875,109.13194430447798,44,0.25939137,0,False,167,5
802.0,0.96681273,2.0317955,0.86456245,1.1071428,0.9639423076923077,0.7886346799231146,103.41214631486707,44,0.22309911,0,False,167,6
748.0,0.9608637,1.8833078,0.8013785,1.1428572,0.9651612903225807,0.5780275585442214,103.41214631486707,44,0.20679459,0,False,167,7
541.0,0.9813668,2.935569,1.249133,1.2142857,0.9558303886925795,0.7871066052897466,51.879168372621685,44,0.32233697,1,False,167,8
419.0,0.91120505,2.0421922,0.8689864,1.2857143,0.9522727272727273,0.6086780471734465,52.057557115827535,44,0.22424072,0,False,167,9
609.0,0.9739503,1.9837555,0.8441206,1.1071428,0.9605678233438486,0.7251015118777567,96.20326454351203,44,0.21782413,1,False,167,10
758.0,0.98214877,2.9480777,1.2544557,1.1071428,0.963151207115629,0.8728727174221813,52.057557115827535,44,0.32371047,1,False,167,11
676.0,0.9799256,2.705357,1.1511741,1.1428572,0.9643366619115549,0.7622142360180638,51.879168372621685,44,0.29705882,1,False,167,12
1111.0,0.98179823,3.9333613,1.67371,1.4642857,0.974561403508772,0.8459934809137803,106.53312707915029,44,0.4318985,1,False,167,13
587.0,0.96728766,1.9014968,0.8091182,1.1428572,0.9638752052545156,0.7516630955418997,107.07174744481637,44,0.2087918,0,False,167,14
720.0,0.9793193,2.7376983,1.1649357,1.1428572,0.9587217043941412,0.8016046453432706,96.20326454351203,44,0.30061004,1,False,167,15
562.0,0.9369926,1.6248729,0.6914102,1.0357143,0.9606837606837607,0.6192174165028366,107.07174744481637,44,0.17841741,0,False,167,16
826.0,0.98156947,2.4912226,1.0600563,1.2142857,0.9729093050647821,0.707366229561998,141.08328794358948,44,0.273546,1,False,167,17
1183.0,0.9839441,3.515638,1.4959619,1.2142857,0.9728618421052632,0.77495395209856,122.93139413926083,44,0.38603085,1,False,167,18
560.0,0.96489084,1.8547832,0.7892408,1.0714285,0.9556313993174061,0.7285899417022078,106.53312707915029,44,0.20366247,0,False,167,19
663.0,0.9725119,1.4642857,0.6230777,0.75,0.9553314121037464,0.5874906648723444,121.15508893510086,44,0.16078432,0,False,167,20
498.0,0.98044324,1.982358,0.843526,0.89285713,0.9669902912621359,0.7930643108517518,120.49021582672937,44,0.21767068,1,False,167,21
806.0,0.9821172,2.811636,1.1963974,1.0357143,0.9769696969696969,0.5767592542991784,120.49021582672937,44,0.30872867,1,False,167,22
672.0,0.98166835,2.5762117,1.0962205,1.1428572,0.9696969696969697,0.8242938208502992,86.93183673259249,44,0.28287813,1,False,167,23
981.0,0.98264635,2.510667,1.0683302,1.1785715,0.9665024630541872,0.6559238715631415,213.783155179344,44,0.27568108,1,False,167,24
739.0,0.97801346,1.9861783,0.8451516,1.0357143,0.9698162729658792,0.8323402668596708,99.80084022276684,44,0.21809016,1,False,167,25
760.0,0.97278666,2.188205,0.9311173,1.0714285,0.9632446134347274,0.7443531185793054,40.409886916959415,44,0.24027348,0,False,167,26
646.0,0.9850727,2.5288036,1.0760475,0.78571427,0.9656203288490284,0.5864560704005131,121.15508893510086,44,0.27767256,1,False,167,27
1129.0,0.9799208,2.3704605,1.00867,1.1428572,0.9707652622527945,0.7440337933587371,159.55373369222474,44,0.26028585,1,False,167,28
782.0,0.98102885,2.1529958,0.9161352,1.1071428,0.9762796504369539,0.628360018974245,86.93183673259249,44,0.2364074,1,False,167,29
967.0,0.97300065,2.1653864,0.9214076,1.1071428,0.968937875751503,0.7519441005148523,48.31558414599893,44,0.2377679,0,False,167,30
621.0,0.9732342,2.018691,0.8589863,1.0357143,0.971830985915493,0.8262904820315781,40.409886916959415,44,0.2216602,1,False,167,31
762.0,0.97999585,1.9107143,0.8130404,0.85714287,0.9682337992376112,0.5395267952637012,144.63853762511673,44,0.20980392,1,False,167,32
762.0,0.9715996,2.040823,0.8684038,1.2142857,0.9756722151088348,0.533392133891734,236.59290683596595,44,0.22409037,0,False,167,33
699.0,0.98275715,2.6873085,1.143494,1.0178572,0.9735376044568245,0.6428572215657478,48.31558414599893,44,0.295077,1,False,167,34
721.0,0.97799414,2.0460174,0.8706141,1.0357143,0.9690860215053764,0.8366933660021311,116.51468157369796,44,0.22466072,1,False,167,35
754.0,0.9605839,1.7632626,0.7502973,1.1071428,0.9641943734015346,0.7881727329419396,185.9784623555377,44,0.19361316,0,False,167,36
642.0,0.976764,2.5581887,1.0885514,1.1428572,0.9582089552238806,0.8381306809046349,154.28688830691755,44,0.28089914,1,False,167,37
645.0,0.96551067,1.9491694,0.8294037,1.1071428,0.9612518628912071,0.8981471309181368,103.76582632281962,44,0.21402645,0,False,167,38
1064.0,0.981913,2.9878826,1.2713933,1.1071428,0.981549815498155,0.5365360880196045,350.14503869437425,44,0.32808122,1,False,167,39
868.0,0.9758903,2.4912772,1.0600795,1.1428572,0.9730941704035875,0.6277550050390949,68.9012663634775,44,0.273552,0,False,167,40
736.0,0.9841607,2.5923915,1.1031053,1.0714285,0.9722589167767504,0.4465720113804498,130.84365457501028,44,0.28465474,1,False,167,41
778.0,0.97330207,2.7760742,1.1812654,1.3571428,0.9464720194647201,0.852904871807992,57.86662592138341,44,0.30482385,1,False,167,42
756.0,0.9817805,2.9017386,1.2347376,1.1071428,0.9630573248407643,0.8440296935617738,57.86662592138341,44,0.31862226,1,False,167,43
787.0,0.9755357,2.3378563,0.9947964,1.1785715,0.9656441717791411,0.8534398702716347,107.78548366413364,44,0.2567058,0,True,167,44
507.0,0.9832145,3.1388762,1.4189192,1.2692307,0.9675572519083969,0.653499865371534,278.9318077543237,7,0.48006344,1,False,168,1
734.0,0.9816941,1.9747083,0.89266074,1.0769231,0.9696169088507266,0.6467324983167968,357.63629988683743,7,0.30201423,1,False,168,2
742.0,0.981952,2.2261386,1.006319,1.1794872,0.9661458333333334,0.7155439430804618,190.691572946802,7,0.34046826,1,False,168,3
923.0,0.9849299,2.5943828,1.1727827,1.3076923,0.9756871035940803,0.7045903948248486,190.691572946802,7,0.39678797,1,False,168,4
722.0,0.9813263,2.2121599,1.0,1.1538461,0.971736204576043,0.3762282781346656,357.63629988683743,7,0.33833036,1,False,168,5
439.0,0.90480965,1.8937562,0.8560666,1.4102564,0.9733924611973392,0.6165094279892783,243.63658940330552,7,0.2896333,0,False,168,6
532.0,0.93693554,1.521737,0.6878965,1.051282,0.9602888086642599,0.6262394048955027,453.57010955853787,7,0.23273624,0,False,168,7
