area,mean_prob,contrast,rel_contrast,local_bg,solidity,eccentricity,nn_dist,n_objects,intensity,label,border,image,obj
764.0,0.76081514,2.430628,1.018307,1.3703704,0.9683143219264893,0.7256051973126115,89.81521956607895,23,0.25736064,1,False,0,1
817.0,0.76900667,2.3745863,0.99482834,1.2592592,0.9784431137724551,0.5799704168446962,89.81521956607895,23,0.2514268,1,False,0,2
693.0,0.62351245,2.997702,1.2558814,1.6296296,0.9719495091164095,0.5548500759991806,376.9842332718185,23,0.31740373,1,False,0,3
355.0,0.5579895,2.117997,0.8873307,1.1111112,0.9517426273458445,0.7431613638312667,212.036111465916,23,0.2242585,1,False,0,4
701.0,0.8986714,2.6534052,1.111639,1.1481482,0.9709141274238227,0.7823883061434271,155.3727182104766,23,0.2809488,1,False,0,5
671.0,0.9247713,3.2581003,1.3649749,1.1851852,0.9696531791907514,0.6907450134461304,155.3727182104766,23,0.34497532,1,False,0,6
1054.0,0.7742494,2.7334669,1.1451807,1.3333334,0.9777365491651205,0.5935121050304991,111.02728727456288,23,0.2894259,1,False,0,7
470.0,0.6528327,2.3100078,0.9677733,1.2592592,0.9631147540983607,0.573740335023703,111.02728727456288,23,0.24458908,1,False,0,8
633.0,0.86948544,2.831139,1.1861002,1.1481482,0.9547511312217195,0.547795749234071,265.6610165840245,23,0.29976767,1,False,0,9
706.0,0.8729601,1.8950791,0.7939397,0.962963,0.9751381215469613,0.7393836634934008,167.1220600830949,23,0.20065545,1,False,0,10
870.0,0.8240342,2.3869307,1.0,1.1111112,0.9709821428571429,0.8015507503295952,111.12486252595298,23,0.25273383,1,False,0,11
371.0,0.8110354,3.2212238,1.3495255,1.037037,0.973753280839895,0.5190200882773127,176.93945916496583,23,0.34107077,1,True,0,12
797.0,0.70131624,2.0971699,0.87860525,1.1111112,0.9660606060606061,0.5879699199878738,167.1220600830949,23,0.22205329,1,False,0,13
616.0,0.7309397,2.0334294,0.8519013,1.1481482,0.9716088328075709,0.7793178799545468,111.12486252595298,23,0.2153043,1,False,0,14
641.0,0.62059283,1.9605362,0.82136285,1.1481482,0.9712121212121212,0.5333499602242201,227.2776880510097,23,0.20758618,1,False,0,15
711.0,0.8541408,2.5628483,1.0737003,1.1111112,0.9647218453188603,0.5380107491510678,112.80906378769158,23,0.27136043,1,False,0,16
541.0,0.6416223,1.7339631,0.7264405,0.9259259,0.9660714285714286,0.6866790073858705,155.98653832699705,23,0.1835961,1,False,0,17
755.0,0.9145721,2.502134,1.0482643,1.037037,0.967948717948718,0.7455963945416123,112.80906378769158,23,0.26493183,1,False,0,18
1029.0,0.88923573,2.8715403,1.2030263,1.074074,0.9725897920604915,0.7141508390531449,148.00782301065192,23,0.30404544,1,False,0,19
887.0,0.83725715,1.6895068,0.7078156,0.7407407,0.9768722466960352,0.6117831196141846,276.8208844195404,23,0.17888896,1,False,0,20
796.0,0.7779683,2.1856503,0.915674,1.0,0.9671931956257594,0.8033818122825997,155.98653832699705,23,0.23142181,1,False,0,21
443.0,0.65422034,2.8737564,1.2039547,1.4074074,0.9588744588744589,0.47946582952791644,343.2467240378286,23,0.3042801,1,True,0,22
647.0,0.7780344,2.2477531,0.9416918,1.0,0.9671150971599403,0.767139735772828,134.85639615234513,23,0.2379974,1,False,0,23
526.0,0.7118914,2.1142921,1.0491508,1.2941177,0.9581056466302368,0.797637604769636,653.5867999115043,2,0.28190562,1,False,1,1
731.0,0.79747325,1.9161906,0.9508492,1.0294118,0.9631093544137023,0.823215507463902,653.5867999115043,2,0.2554921,1,False,1,2
717.0,0.6623622,2.0098135,0.97278875,1.1272727,0.9509283819628647,0.6852263487394108,43.413970130745774,32,0.4334892,1,False,2,1
857.0,0.91575724,2.4163785,1.169574,1.0363636,0.9794285714285714,0.5614072508029222,43.413970130745774,32,0.5211797,1,False,2,2
619.0,0.83312744,2.3258922,1.125777,1.2363636,0.9732704402515723,0.8404007940000684,73.35939985694421,32,0.501663,1,False,2,3
1062.0,0.9126066,2.508526,1.2141753,1.1818181,0.968094804010939,0.7602610262230349,73.35939985694421,32,0.54105467,1,False,2,4
579.0,0.87022924,1.6833411,0.81476974,1.0181818,0.9633943427620633,0.7201376837343272,252.22079193312712,32,0.3630736,1,False,2,5
645.0,0.7593616,2.1245103,1.0283042,1.2,0.9555555555555556,0.7738808319655128,75.96989037455923,32,0.4582277,1,False,2,6
551.0,0.7020462,1.8241214,0.88291013,1.2,0.9565972222222222,0.921784152790365,60.57248615530797,32,0.39343795,1,False,2,7
704.0,0.9025624,2.3174586,1.1216949,1.2,0.9696969696969697,0.8229275521734774,47.574344604851866,32,0.49984404,1,False,2,8
489.0,0.85669035,2.1831567,1.0566902,1.1636363,0.9683168316831683,0.7812860387749109,44.83295455347377,32,0.47087693,1,False,2,9
406.0,0.869632,1.8584864,0.89954346,1.0727273,0.9575471698113207,0.7495652484745651,55.544570486545,32,0.40085,1,False,2,10
420.0,0.6545098,2.091948,1.0125434,1.2,0.9395973154362416,0.7812719807759885,44.83295455347377,32,0.45120448,1,False,2,11
649.0,0.70384604,2.0360274,0.9854768,1.2363636,0.9701046337817638,0.52784491235554,47.574344604851866,32,0.43914315,1,False,2,12
544.0,0.8873558,2.0929143,1.0130111,1.0363636,0.9594356261022927,0.8100939421883873,55.544570486545,32,0.45141292,1,False,2,13
485.0,0.8435981,1.9089035,0.9239463,1.1090909,0.9509803921568627,0.5941002565077557,72.244981273378,32,0.4117243,1,False,2,14
501.0,0.87933934,1.9492651,0.94348216,1.0363636,0.9634615384615385,0.7292141031920703,56.99299281687433,32,0.42042974,1,False,2,15
559.0,0.85037005,2.045861,0.9902364,1.0909091,0.9688041594454073,0.3250912282269925,81.35875976362608,32,0.44126415,1,False,2,16
835.0,0.8428321,2.483963,1.2022862,1.3090909,0.9720605355064028,0.620946728283461,46.174144520869326,32,0.5357567,1,False,2,17
762.0,0.91364825,2.2843473,1.1056684,1.1454545,0.9731800766283525,0.5428425097920857,35.33993410381051,32,0.49270236,1,False,2,18
587.0,0.86082774,2.347561,1.136265,1.2181818,0.9686468646864687,0.40785315339658024,79.5808476351315,32,0.5063366,1,False,2,19
895.0,0.8580348,2.0789232,1.0062392,1.0545454,0.9686147186147186,0.41269124983106303,23.93632723634883,32,0.44839522,1,False,2,20
534.0,0.7901299,2.0805924,1.007047,1.2,0.969147005444646,0.5244272788334642,35.03714908394962,32,0.44875523,1,False,2,21
324.0,0.6878964,2.0531425,0.9937608,1.1454545,0.9642857142857143,0.6457285572455883,23.93632723634883,32,0.44283465,1,False,2,22
698.0,0.88770723,2.3700182,1.1471348,1.0909091,0.9654218533886584,0.6077467836785682,46.174144520869326,32,0.5111804,1,False,2,23
795.0,0.89666295,1.924757,0.9316197,1.1090909,0.9671532846715328,0.6570041425616184,35.03714908394962,32,0.41514367,1,False,2,24
675.0,0.76610607,2.0932794,1.0131878,1.1454545,0.9684361549497847,0.7142368158674018,87.36023909042886,32,0.45149165,1,False,2,25
450.0,0.63349897,1.8938183,0.91664475,1.1272727,0.9615384615384616,0.6126808840636654,49.230112845048524,32,0.4084706,1,False,2,26
576.0,0.8550926,1.6028093,0.7757908,0.94545454,0.96,0.6330416563533188,179.2111924098414,32,0.34570396,1,False,2,27
684.0,0.9121431,2.62496,1.2705315,1.0909091,0.9743589743589743,0.5603628097258637,118.58217356056024,32,0.56616783,1,False,2,28
410.0,0.58574843,1.8216851,0.8817309,1.0909091,0.9715639810426541,0.6542839539084477,91.69725432306136,32,0.39291248,1,False,2,29
610.0,0.7737705,1.9681966,0.95264536,1.0181818,0.9728867623604466,0.17560552283462252,144.7368917852439,32,0.424513,1,False,2,30
594.0,0.8764772,1.6944598,0.8201514,0.92727274,0.9737704918032787,0.5135898804303305,91.69725432306136,32,0.36547172,1,False,2,31
736.0,0.87479216,1.954496,0.946014,0.8909091,0.9696969696969697,0.7995224541600515,180.00836041540518,32,0.42155796,1,False,2,32
564.0,0.91039497,2.8709342,1.2249101,1.2413793,0.9724137931034482,0.6277005626404477,389.6987476694695,11,0.32649842,1,False,3,1
636.0,0.59642994,2.5280852,1.0786304,1.6206896,0.9650986342943855,0.4351867038761084,228.2512107519445,11,0.2875077,1,False,3,2
747.0,0.66478723,1.9745649,0.84246606,1.0689656,0.9676165803108808,0.6902360337317165,389.6987476694695,11,0.22455837,1,False,3,3
823.0,0.8336264,2.3345206,0.9960444,1.4482758,0.9739644970414201,0.6102819759911897,228.2512107519445,11,0.2654945,1,False,3,4
757.0,0.9263813,2.7358904,1.1672925,1.2413793,0.9730077120822622,0.5996878745446728,234.89233479323843,11,0.31114048,1,False,3,5
799.0,0.8441287,2.3437917,1.0,1.3103448,0.9696601941747572,0.7092238469488132,96.37892140924701,11,0.26654887,1,False,3,6
705.0,0.90280634,2.508584,1.0703101,1.3103448,0.9697386519944979,0.5887612361145329,96.37892140924701,11,0.28528997,1,False,3,7
442.0,0.72209215,2.341941,0.9992104,1.3448275,0.973568281938326,0.6973686425497116,56.461035204317945,11,0.2663384,1,False,3,8
755.0,0.9192729,2.510847,1.0712757,1.0689656,0.977979274611399,0.46885648856615436,56.461035204317945,11,0.28554732,1,False,3,9
839.0,0.8656524,2.1190662,0.90411884,1.1034483,0.9688221709006929,0.7920243638221274,244.18975247029095,11,0.24099185,1,False,3,10
916.0,0.9015156,2.1579583,0.9207125,1.0,0.9755058572949947,0.7047176132770068,218.50950772284202,11,0.24541485,1,False,3,11
785.0,0.8433271,2.0711179,0.8880681,1.0344827,0.9739454094292804,0.22030504473790466,246.65497621972736,9,0.2355389,1,False,4,1
853.0,0.89928055,2.579658,1.1061233,1.2068965,0.9671201814058957,0.6926076085663984,259.6184028886872,9,0.29337287,1,False,4,2
662.0,0.79776084,1.9732784,0.84611577,1.137931,0.9664233576642336,0.6408325333854734,199.7683854117923,9,0.22441205,1,False,4,3
700.0,0.8979328,2.5594583,1.0974619,1.1724138,0.9749303621169917,0.6707039759950311,199.7683854117923,9,0.29107565,1,False,4,4
829.0,0.8428818,1.9275405,0.826504,1.1034483,0.9718640093786636,0.6169795420337393,89.06768784478868,9,0.21921049,1,False,4,5
742.0,0.89284396,2.6135328,1.1206484,1.2413793,0.9661458333333334,0.6712014241783246,219.56804714028763,9,0.2972253,1,False,4,6
814.0,0.7756998,2.3321612,1.0,1.1724138,0.9702026221692491,0.7395863361048914,89.06768784478868,9,0.2652262,1,False,4,7
622.0,0.88041115,2.9754407,1.2758298,1.3103448,0.971875,0.6684443778263099,154.051418934073,9,0.33838347,1,False,4,8
706.0,0.9225518,2.2494872,0.9645505,1.0689656,0.9658002735978112,0.6097611848351887,165.50821157829904,9,0.25582403,1,False,4,9
683.0,0.82479256,2.6405563,0.90745276,1.25,0.9619718309859155,0.8279070666383693,199.28291626936996,42,0.24852295,1,False,5,1
868.0,0.93676704,5.4522367,1.873714,1.375,0.9698324022346368,0.7318065603529191,191.92371898848359,42,0.5131517,1,False,5,2
660.0,0.9010992,3.1078913,1.068057,1.2916666,0.9691629955947136,0.8340653745140241,131.17207460608446,42,0.29250744,0,False,5,3
594.0,0.79764307,2.3266695,0.7995825,1.25,0.9737704918032787,0.6228738925780082,158.51569751447855,42,0.21898066,1,False,5,4
446.0,0.85462934,2.9597347,1.0171415,1.2916666,0.9632829373650108,0.8402459253514238,131.17207460608446,42,0.27856326,1,False,5,5
738.0,0.87803817,3.72832,1.2812732,1.2083334,0.9547218628719275,0.7517296229284344,83.51481475554318,42,0.35090068,1,False,5,6
461.0,0.8413338,2.7570498,0.9474869,1.1666666,0.9624217118997912,0.4642384830091743,38.12559274819116,42,0.25948703,1,False,5,7
845.0,0.8307414,3.1426528,1.080003,1.4166666,0.9723820483314154,0.7342466551992048,38.12559274819116,42,0.29577908,1,False,5,8
606.0,0.76033133,2.3666804,0.8133327,1.2083334,0.9588607594936709,0.817375347691379,99.52078433885532,42,0.2227464,1,False,5,9
439.0,0.64262813,3.0239182,1.0391988,1.5,0.9585152838427947,0.822292230457354,149.9719264231054,42,0.28460407,1,False,5,10
805.0,0.90045065,3.744358,1.2867849,1.2916666,0.961768219832736,0.8107353013298856,79.02659756047989,42,0.35241017,1,False,5,11
608.0,0.8324368,2.555647,0.87827283,1.25,0.9696969696969697,0.7843504169178248,119.81212075460488,42,0.24053147,1,False,5,12
460.0,0.6234528,2.5338767,0.87079126,1.1666666,0.9643605870020965,0.5816126490517635,79.02659756047989,42,0.23848252,1,False,5,13
735.0,0.83137786,2.9659297,1.0192705,1.2083334,0.9735099337748344,0.4599485312202981,373.9191149533929,42,0.2791463,1,False,5,14
1052.0,0.90740705,3.3978138,1.1676916,1.2916666,0.9767873723305478,0.624836761952935,60.97244194390253,42,0.31979424,1,False,5,15
498.0,0.8043468,2.6798027,0.92094016,1.375,0.9707602339181286,0.1973760288756057,71.86086463018411,42,0.25221673,1,False,5,16
629.0,0.83863586,3.9071276,1.3427223,1.375,0.970679012345679,0.701872993150496,51.474746710410216,42,0.36772966,1,False,5,17
565.0,0.83332986,2.6568584,0.9130552,1.125,0.9707903780068728,0.6971027521806495,60.97244194390253,42,0.25005728,1,False,5,18
701.0,0.91246116,3.764325,1.2936467,1.0416666,0.9709141274238227,0.6571026800560505,105.24814536459512,42,0.35428938,1,False,5,19
418.0,0.8016699,2.6992624,0.9276277,1.25,0.9631336405529954,0.5316881432087351,51.474746710410216,42,0.25404823,1,False,5,20
649.0,0.90167075,3.0988057,1.0649346,1.2083334,0.9686567164179104,0.6973801858910225,62.871213116786315,42,0.2916523,1,False,5,21
583.0,0.8677497,3.1407948,1.0793645,1.3333334,0.96843853820598,0.6735187420261602,136.0713973847435,42,0.2956042,1,False,5,22
318.0,0.56780124,2.413522,0.8294302,1.375,0.954954954954955,0.7152707207452973,89.4527933642272,42,0.22715501,0,False,5,23
685.0,0.78252757,2.8599758,0.9828584,1.3333334,0.9675141242937854,0.826463655704971,62.871213116786315,42,0.2691742,1,False,5,24
622.0,0.92863625,4.284566,1.4724326,1.375,0.9779874213836478,0.7530925365793687,98.66304596100258,42,0.40325326,1,False,5,25
553.0,0.7715703,3.3936107,1.1662472,1.2916666,0.9701754385964912,0.5010862917034677,61.31081973759324,42,0.31939864,1,False,5,26
751.0,0.85034853,3.082834,1.0594457,1.2083334,0.9677835051546392,0.7188529956897014,158.93263038203608,42,0.29014906,1,False,5,27
352.0,0.8048908,2.6397965,0.90719163,1.1666666,0.9696969696969697,0.6660978549170208,61.31081973759324,42,0.24845143,1,False,5,28
500.0,0.7675765,2.8514166,0.97991693,1.3333334,0.9652509652509652,0.5817834826737384,103.98228044435095,42,0.26836863,1,False,5,29
900.0,0.90956867,3.766713,1.2944674,0.875,0.974025974025974,0.5153415150791878,274.37520220248535,42,0.35451415,1,False,5,30
816.0,0.893541,3.3462522,1.149972,1.1666666,0.9737470167064439,0.5579089680028732,150.14528535689178,42,0.31494138,1,False,5,31
252.0,0.56509495,2.5795305,0.8864806,1.4583334,0.8456375838926175,0.4250696416364275,103.98228044435095,42,0.24277933,1,False,5,32
582.0,0.9042923,2.783863,0.9567015,1.0833334,0.9651741293532339,0.4371852387138393,149.1412434635971,42,0.26201063,1,False,5,33
808.0,0.9265434,3.0440903,1.0461311,0.8333333,0.9770253929866989,0.3543866418534096,95.76882495668492,42,0.2865026,1,False,5,34
656.0,0.68839675,2.0983868,0.72113097,1.0,0.9647058823529412,0.5958155993883346,99.28966236939944,42,0.19749522,1,False,5,35
477.0,0.7424919,1.8873166,0.6485946,0.8333333,0.9616935483870968,0.7785341007518881,78.27102271789909,42,0.1776298,1,False,5,36
1223.0,0.86944026,3.4159853,1.1739365,0.9166667,0.9729514717581543,0.7667489793882031,99.28966236939944,42,0.3215045,0,False,5,37
762.0,0.8972776,2.257218,0.7757148,0.9166667,0.9719387755102041,0.8572460048623011,153.17893363537937,42,0.21244404,1,False,5,38
479.0,0.85074294,1.8440328,0.63371974,0.7083333,0.9637826961770624,0.7546089294612437,78.27102271789909,42,0.17355603,1,False,5,39
533.0,0.7263511,1.8219981,0.62614733,0.7083333,0.9603603603603603,0.76448234376961,33.21077929917522,42,0.17148218,1,False,5,40
562.0,0.90778035,3.2364323,1.1122314,0.75,0.9672977624784854,0.3211194944617081,33.21077929917522,42,0.3046054,1,False,5,41
524.0,0.72963625,2.07896,0.7144547,0.6666667,0.9721706864564007,0.5935973237613823,63.94794517364487,42,0.19566682,1,False,5,42
494.0,0.57868546,1.9617409,0.9951746,1.0666667,0.8868940754039497,0.7968824632783104,425.1201227360494,2,0.23079304,1,False,6,1
584.0,0.6544118,1.9807649,1.0048254,1.1666666,0.954248366013072,0.7015576243795301,425.1201227360494,2,0.23303117,1,False,6,2
547.0,0.5957917,1.5899909,1.006644,1.025,0.9596491228070175,0.7293456968201012,571.9998853648826,3,0.24941033,1,False,7,1
325.0,0.5521689,1.4996154,0.9494261,1.05,0.7926829268292683,0.7059664972090669,609.873954042136,3,0.23523378,1,False,7,2
467.0,0.8796574,1.5794967,1.0,1.075,0.9708939708939709,0.6887916991350611,571.9998853648826,3,0.2477642,1,False,7,3
559.0,0.5723737,1.7999041,0.9127322,1.2439024,0.9738675958188153,0.5065904519401336,411.4589152975875,8,0.28939635,0,False,8,1
1168.0,0.9203297,2.8089082,1.4243987,1.1219512,0.9717138103161398,0.6254506172784183,306.84369552853445,8,0.4516284,1,False,8,2
404.0,0.7357601,1.8749698,0.9507981,1.1463414,0.9619047619047619,0.8820332937319612,214.3864262497629,8,0.30146575,1,False,8,3
326.0,0.6193071,1.9797994,1.0039572,1.1463414,0.9476744186046512,0.7664892522123115,187.2179428629746,8,0.3183207,0,False,8,4
690.0,0.8112134,1.9641923,0.9960428,1.1463414,0.9704641350210971,0.6918088199618082,214.3864262497629,8,0.3158113,0,False,8,5
1353.0,0.8926743,1.713374,0.86885273,0.80487806,0.9797248370745837,0.6764887946059944,665.4887993166192,8,0.27548367,1,False,8,6
1027.0,0.8355958,2.0623174,1.0458021,1.0487804,0.9790276453765491,0.6644744593318832,187.2179428629746,8,0.3315883,1,False,8,7
985.0,0.9281896,2.766745,1.4030178,1.097561,0.9714003944773175,0.7145788955194491,271.2053060494258,8,0.4448492,1,False,8,8
644.0,0.5915966,2.3940334,1.0225952,1.4848485,0.968421052631579,0.7106947962237767,277.9080909838279,23,0.3098161,0,False,9,1
849.0,0.82958955,2.366242,1.0107242,1.1212121,0.9702857142857143,0.5733050934214292,82.99195876627677,23,0.30621955,1,False,9,2
701.0,0.65396214,2.3453076,1.0017823,1.3636364,0.9749652294853964,0.6363387791911997,87.40935612884297,23,0.3035104,1,False,9,3
685.0,0.78894526,2.3505862,1.004037,1.2121212,0.9634317862165963,0.6003606571199371,82.99195876627677,23,0.3041935,1,False,9,4
361.0,0.59969586,2.1164274,0.9040177,1.2121212,0.9704301075268817,0.5144264640069515,44.65381519299696,23,0.27389058,0,False,9,5
730.0,0.87919956,2.7858448,1.1899548,1.2121212,0.9630606860158312,0.7160537370183754,44.65381519299696,23,0.36052108,1,False,9,6
555.0,0.7924324,2.1770134,0.92989653,1.1818181,0.9719789842381786,0.5459309924366665,130.25916252209902,23,0.28173113,1,False,9,7
731.0,0.8065288,2.1979854,0.93885463,1.1818181,0.9707835325365206,0.7972375568499072,59.65437125174484,23,0.28444517,1,False,9,8
922.0,0.82390803,2.2833433,0.9753147,1.1212121,0.9736008447729673,0.6201074637359659,130.25916252209902,23,0.2954915,1,False,9,9
808.0,0.7622355,2.1135614,0.90279347,1.2121212,0.9665071770334929,0.8120801369692874,59.65437125174484,23,0.27351972,1,False,9,10
743.0,0.8097484,2.5075655,1.0710896,1.2727273,0.9725130890052356,0.7633623399756462,101.34787729262332,23,0.3245085,1,False,9,11
637.0,0.81467664,2.341135,1.0,1.2424242,0.9725190839694656,0.8005113041306037,137.8013411210683,23,0.3029704,1,False,9,12
1039.0,0.8015361,2.9846299,1.2748644,1.2121212,0.974671669793621,0.6641473545317333,101.34787729262332,23,0.3862462,1,False,9,13
634.0,0.8964557,3.1666188,1.3525999,1.2424242,0.9679389312977099,0.7656949741967897,142.99505661643397,23,0.40979773,1,False,9,14
721.0,0.8417884,2.256546,0.9638684,1.0909091,0.9690860215053764,0.777436959246417,76.14608461950498,23,0.2920236,1,False,9,15
772.0,0.8951844,2.6018605,1.1113671,0.93939394,0.9722921914357683,0.5712910383026488,198.35602373128776,23,0.33671135,1,False,9,16
595.0,0.9040237,2.0368729,0.8700365,1.0,0.9627831715210357,0.8621859002797043,76.14608461950498,23,0.2635953,1,False,9,17
550.0,0.91709095,2.8282094,1.2080505,1.030303,0.9734513274336283,0.3450489780419999,202.47441333178472,23,0.36600357,1,False,9,18
638.0,0.8256439,1.7519711,0.74834263,0.8484849,0.9608433734939759,0.7502593890977454,235.55927928527055,23,0.22672568,1,False,9,19
381.0,0.8474191,2.2180068,0.94740665,0.969697,0.9694656488549618,0.5989214256305528,65.76293458118035,23,0.28703618,0,False,9,20
661.0,0.8844116,2.7762802,1.1858693,1.030303,0.964963503649635,0.555690261202515,65.76293458118035,23,0.35928333,1,False,9,21
606.0,0.82091504,2.0808582,0.8888245,1.0,0.9619047619047619,0.7110562153122524,202.47441333178472,23,0.26928753,1,False,9,22
690.0,0.7305769,1.637242,0.6993368,0.8787879,0.971830985915493,0.5894274691844841,193.68248617655607,23,0.21187837,1,False,9,23
606.0,0.86612314,1.8385378,1.0756916,1.2307693,0.9727126805778491,0.7584008945134663,920.807752532308,4,0.28118813,1,False,10,1
468.0,0.6130216,1.3769997,0.8056549,0.94871795,0.9629629629629629,0.7435044158912663,917.3542111660099,4,0.21059997,0,False,10,2
659.0,0.8336874,1.6841367,0.9853546,1.1025641,0.9634502923976608,0.7675596599297929,750.3175391018066,4,0.25757387,1,False,10,3
740.0,0.87076306,1.7341995,1.0146453,1.0769231,0.9775429326287979,0.4728785647264474,750.3175391018066,4,0.2652305,1,False,10,4
599.0,0.9129988,2.8626878,1.4176879,1.0416666,0.9708265802269044,0.4686854355476131,216.94715797311,9,0.26942945,1,False,11,1
707.0,0.7740578,1.9911009,0.9860522,1.0416666,0.9765193370165746,0.5721386707210412,78.03491614428872,9,0.18739773,1,False,11,2
474.0,0.578026,2.038502,1.0095266,1.125,0.9575757575757575,0.7239054613683287,78.03491614428872,9,0.19185902,0,False,11,3
744.0,0.6366751,2.0192652,1.0,1.0833334,0.970013037809648,0.675302964265071,111.22407813279025,9,0.19004849,0,False,11,4
423.0,0.82436377,1.6934594,0.8386513,0.7083333,0.9613636363636363,0.6308604089740472,28.000455282827325,9,0.15938441,1,False,11,5
701.0,0.7391906,2.0353663,1.0079738,1.0833334,0.9695712309820194,0.7351328310920349,111.22407813279025,9,0.19156387,0,False,11,6
458.0,0.8628222,1.9483261,0.96486884,0.7083333,0.960167714884696,0.7601923451507397,28.000455282827325,9,0.18337187,1,False,11,7
674.0,0.89879555,1.9561077,0.9687226,0.6666667,0.9725829725829725,0.3531665278652917,140.40735120758785,9,0.18410426,1,False,11,8
653.0,0.90759987,2.5607452,1.268157,0.9166667,0.9546783625730995,0.7293053371277171,256.6619027965132,9,0.24101132,1,False,11,9
226.0,0.562641,2.2896929,1.0527854,1.4411764,0.8793774319066148,0.732965991400153,75.82005832974211,29,0.30529237,0,True,12,1
655.0,0.82733124,2.537225,1.1665989,1.3529412,0.9632352941176471,0.7968620498409196,149.59831590267424,29,0.33829665,1,False,12,2
464.0,0.70458925,2.0218053,0.92961246,1.2058823,0.9646569646569647,0.8171967373219045,75.82005832974211,29,0.26957405,1,False,12,3
698.0,0.8862296,2.359051,1.0846758,1.1764706,0.9721448467966574,0.8019475413091142,108.50321131410303,29,0.31454012,1,False,12,4
735.0,0.57608646,2.042257,0.93901604,1.3529412,0.9671052631578947,0.4428217022893141,156.61534801936327,29,0.27230093,1,False,12,5
525.0,0.80518395,2.730364,1.255403,1.117647,0.9668508287292817,0.7204291769157147,91.97150883400451,29,0.36404857,1,True,12,6
579.0,0.65238243,2.4662704,1.1339746,1.382353,0.9601990049751243,0.7053832390064049,172.47650692918222,29,0.32883605,1,False,12,7
332.0,0.5472833,2.086729,0.95946395,1.382353,0.8556701030927835,0.7653368719179086,107.88092037746092,29,0.27823055,0,False,12,8
577.0,0.8834676,2.1748905,1.0,1.1470588,0.9648829431438127,0.8114854443567289,107.88092037746092,29,0.2899854,1,False,12,9
634.0,0.8218346,1.9932734,0.91649365,1.0882353,0.9679389312977099,0.8219680733703568,108.50321131410303,29,0.26576978,1,False,12,10
816.0,0.7716936,1.9104311,0.87840337,1.0882353,0.9634002361275088,0.8699923212717556,91.97150883400451,29,0.25472414,1,False,12,11
727.0,0.8180974,2.9227688,1.3438694,1.8235294,0.9641909814323607,0.8775760712961692,334.56763538635346,29,0.3897025,1,False,12,12
348.0,0.55024797,1.9093137,0.8778896,1.2058823,0.928,0.9103780504323749,145.1680281634245,29,0.25457516,1,False,12,13
418.0,0.6110423,2.0412328,0.9385451,1.3529412,0.9631336405529954,0.5142561675161462,145.1680281634245,29,0.27216437,1,False,12,14
905.0,0.87201387,1.8867078,0.86749554,1.0294118,0.9658484525080042,0.7281763354404088,222.2901797288364,29,0.25156105,1,False,12,15
777.0,0.8948293,2.3687637,1.0891416,1.1470588,0.9736842105263158,0.48103541514115405,285.85939427806824,29,0.31583515,1,False,12,16
400.0,0.54196084,2.1706617,0.99805564,1.2941177,0.8791208791208791,0.7492602299842099,116.76199159725826,29,0.28942156,1,False,12,17
544.0,0.8547866,2.2564878,1.0375179,1.1764706,0.9577464788732394,0.6821382563622758,48.732655030039126,29,0.30086505,1,False,12,18
656.0,0.90585256,2.474713,1.1378564,1.1764706,0.9661266568483063,0.6684277524347759,48.732655030039126,29,0.32996175,1,False,12,19
775.0,0.92538905,3.1647816,1.4551452,1.2058823,0.9699624530663329,0.6794487619549857,156.9915922323365,29,0.4219709,1,False,12,20
440.0,0.8481283,2.6012702,1.1960465,1.1764706,0.9649122807017544,0.7825705195319559,55.35084775519406,29,0.346836,1,False,12,21
491.0,0.81712395,2.0648136,0.9493874,1.0588236,0.9646365422396856,0.7600447346444889,81.45434901056733,29,0.2753085,1,False,12,22
721.0,0.91676056,3.3836582,1.5557833,1.2941177,0.965194109772423,0.6848895642047484,96.38287570072366,29,0.45115444,1,False,12,23
486.0,0.8696118,2.1258776,0.9774642,1.117647,0.9778672032193159,0.7254275840496364,102.22041763200174,29,0.28345034,1,False,12,24
588.0,0.7517674,2.0305622,0.9336388,1.117647,0.978369384359401,0.8113323969122673,280.33366224595943,29,0.27074164,1,False,12,25
639.0,0.7503207,2.1713617,0.99837744,1.2352941,0.9726027397260274,0.7865195883588637,96.78278932510707,29,0.28951487,1,False,12,26
716.0,0.9018622,2.2935836,1.0545743,1.0,0.9572192513368984,0.6746123363793449,248.3769555973364,29,0.30581114,1,False,12,27
742.0,0.9207336,2.6195893,1.2044696,1.0294118,0.9648894668400521,0.6405858113543274,96.78278932510707,29,0.3492786,1,False,12,28
831.0,0.7149808,1.958236,0.9003837,0.9411765,0.9685314685314685,0.8728192924983087,248.3769555973364,29,0.26109815,1,False,12,29
1169.0,0.85501266,2.3669462,1.0441343,0.96,0.9749791492910759,0.6785935143902817,340.05159913559294,4,0.23205353,1,False,14,1
870.0,0.885639,2.1668506,0.95586574,1.16,0.9775280898876404,0.7334528792587419,662.2922576065884,4,0.21243633,1,False,14,2
588.0,0.78365344,1.8772789,0.8281266,1.04,0.9686985172981878,0.6604748877214089,192.97594273745543,4,0.18404695,1,False,14,3
790.0,0.8961231,2.4158988,1.0657288,1.16,0.9634146341463414,0.7849653870049063,192.97594273745543,4,0.23685282,1,False,14,4
1405.0,0.687003,2.4179032,1.2027413,1.2692307,0.9784122562674095,0.5430780744257536,946.9611084830397,4,0.24653131,1,False,15,1
448.0,0.64578086,1.785371,0.88809985,1.1538461,0.9781659388646288,0.48276375646859226,490.8287236387106,4,0.18203782,1,False,15,2
566.0,0.9062565,2.2131014,1.1008664,1.1538461,0.9725085910652921,0.4818150354407259,490.8287236387106,4,0.22564955,1,False,15,3
825.0,0.9041141,1.8075525,0.8991336,0.7692308,0.9774881516587678,0.7646006855670314,946.9611084830397,4,0.18429947,1,False,15,4
667.0,0.71507776,1.7997751,1.014934,1.2,0.9723032069970845,0.5931360040372163,297.74634579403084,10,0.28231767,1,False,16,1
1355.0,0.92114025,2.0343356,1.147208,1.075,0.9755219582433405,0.39258974988143075,188.69457293530587,10,0.3191115,1,False,16,2
1006.0,0.89039105,1.9994533,1.127537,1.2,0.9776482021379981,0.7230467223544175,87.7973996305615,10,0.31363973,1,False,16,3
580.0,0.591332,1.7468103,0.98506594,1.225,0.9666666666666667,0.6083620296203013,87.7973996305615,10,0.27400947,1,False,16,4
692.0,0.8020288,2.0653179,1.1646795,1.15,0.9732770745428974,0.7782795720184886,103.22934879280139,10,0.32397145,1,False,16,5
765.0,0.6430604,1.6473856,0.9289981,1.125,0.9757653061224489,0.633446124926892,103.22934879280139,10,0.25841343,1,False,16,6
768.0,0.58060664,1.5863607,0.8945848,1.075,0.9624060150375939,0.6757877889614176,109.95501903011207,10,0.24884088,1,False,16,7
870.0,0.87480724,1.6549137,0.93324333,1.0,0.9753363228699552,0.6995424096530157,234.61363107147423,10,0.25959432,1,False,16,8
632.0,0.9073219,1.8159811,1.0240729,0.975,0.9693251533742331,0.4301535491213229,234.61363107147423,10,0.28485978,1,False,16,9
820.0,0.73083216,1.6603353,0.9363007,1.075,0.9750297265160524,0.6427613010019017,722.2667514647892,10,0.26044476,1,False,16,10
760.0,0.844613,2.7989473,1.1290897,1.3,0.9781209781209781,0.6397779914341615,170.11544312670895,21,0.21952528,0,True,17,1
747.0,0.71304834,2.6334672,1.0623354,1.5,0.9790301441677588,0.5792268721308308,170.11544312670895,21,0.20654646,0,False,17,2
572.0,0.75152886,2.0933566,0.84445584,1.2,0.959731543624161,0.771861575542258,56.348667262102126,21,0.16418484,1,False,17,3
638.0,0.8765812,2.3471787,0.9468472,1.25,0.9755351681957186,0.7789188792352154,56.348667262102126,21,0.18409245,1,False,17,4
821.0,0.8871105,2.4553592,0.990487,1.0,0.9727488151658767,0.8326767954971456,38.104581931716936,21,0.1925772,1,False,17,5
816.0,0.8664408,2.5575366,1.0317051,1.05,0.9656804733727811,0.8237972749951596,38.104581931716936,21,0.20059112,1,False,17,6
771.0,0.9033037,2.7254863,1.0994557,0.95,0.9747155499367889,0.8511548689814357,91.10141067526169,21,0.21376364,1,False,17,7
727.0,0.71428645,2.5449107,1.0266118,1.4,0.9745308310991957,0.5287351043088667,100.7314825856239,21,0.19960083,1,False,17,8
888.0,0.83742714,2.4789414,1.0,1.35,0.9747530186608123,0.6420732474045163,210.37597596514595,21,0.19442679,1,False,17,9
717.0,0.7693221,2.2352161,0.9016817,0.95,0.9496688741721855,0.702482037960649,68.99785327188238,21,0.17531107,1,False,17,10
581.0,0.56046706,2.5556798,1.0309561,1.5,0.9731993299832495,0.48765297811547953,150.71194553603328,21,0.20044549,1,False,17,11
467.0,0.568871,2.1770878,0.87823284,1.4,0.9648760330578512,0.7257082457796428,100.7314825856239,21,0.17075199,1,False,17,12
894.0,0.8812607,2.6855705,1.0833538,1.25,0.9706840390879479,0.6900881850317875,150.71194553603328,21,0.21063298,1,False,17,13
711.0,0.7770718,2.7305906,1.1015148,1.3,0.9673469387755103,0.6938470360724565,308.74647860487494,21,0.21416397,0,False,17,14
676.0,0.8255831,2.4147928,0.9741226,1.15,0.9754689754689755,0.6271384389326671,163.54483449108665,21,0.18939552,1,False,17,15
931.0,0.8253575,2.53797,1.023812,1.25,0.9789695057833859,0.4993229922056427,164.95777063679284,21,0.19905646,1,False,17,16
804.0,0.8358306,2.4656718,0.994647,1.3,0.9733656174334141,0.33843941451745274,194.95046080143706,21,0.19338602,1,False,17,17
1005.0,0.89610386,2.3716915,0.95673555,1.0,0.971953578336557,0.59900737535163,163.54483449108665,21,0.18601502,1,False,17,18
730.0,0.87859255,2.7824657,1.122441,1.2,0.9707446808510638,0.6582362814677423,215.53002178196465,21,0.2182326,1,False,17,19
575.0,0.75080645,1.8246956,0.73607856,1.0,0.9762308998302207,0.2616369140538625,177.24416218540972,21,0.14311337,1,False,17,20
685.0,0.79924434,1.8957665,0.7647484,0.7,0.9702549575070821,0.7315985581429137,545.5621474728399,21,0.14868757,0,False,17,21
639.0,0.895965,3.495305,1.2032866,1.1666666,0.9638009049773756,0.7967298131463416,373.63211960133214,16,0.24672742,1,False,18,1
456.0,0.876634,3.0548246,1.0516478,1.3333334,0.9702127659574468,0.557529320703756,167.10769864524045,16,0.21563467,1,False,18,2
691.0,0.9209954,4.700193,1.618079,1.3888888,0.9650837988826816,0.8266309529602205,105.23190136411893,16,0.33177832,1,False,18,3
634.0,0.6332715,2.8569927,0.98354256,1.5,0.9664634146341463,0.7862931677972547,79.99834789139722,16,0.20167008,1,False,18,4
779.0,0.7843289,3.2707174,1.1259706,1.5,0.9653035935563816,0.7567910892686833,89.41425822066083,16,0.23087417,1,False,18,5
618.0,0.9128941,4.278677,1.4729687,1.1666666,0.9626168224299065,0.5696297111839013,209.1146791439747,16,0.30202425,1,False,18,6
401.0,0.6368393,2.7515934,0.947258,1.3888888,0.9593301435406698,0.7456055141383121,79.99834789139722,16,0.19423011,1,False,18,7
463.0,0.60237163,2.9526038,1.0164574,1.5555556,0.9566115702479339,0.6834405302455974,95.05345642412156,16,0.2084191,1,False,18,8
561.0,0.7563175,2.6066546,0.8973617,1.2777778,0.9705882352941176,0.8368687002906012,105.23190136411893,16,0.18399915,1,False,18,9
490.0,0.83434176,2.7531748,0.9478024,1.1666666,0.9607843137254902,0.7872309521798073,196.17786572878572,16,0.19434175,1,False,18,10
435.0,0.77444226,2.4249043,0.8347927,1.1666666,0.9753363228699552,0.4616864887619335,113.05721164496262,16,0.17116971,1,False,18,11
608.0,0.90548885,3.4937866,1.2027639,1.1111112,0.9666136724960255,0.8041846493262381,159.28550252968634,16,0.24662022,1,False,18,12
362.0,0.58094466,2.4996932,0.8605393,1.2777778,0.9653333333333334,0.7557480246705283,159.28550252968634,16,0.17644893,0,False,18,13
585.0,0.8835462,3.256505,1.1210779,1.3888888,0.9701492537313433,0.5597247026114137,311.5528489813228,16,0.22987095,1,False,18,14
540.0,0.78928834,2.512037,0.86478883,1.2222222,0.9625668449197861,0.7489832278167642,311.5528489813228,16,0.17732026,1,False,18,15
778.0,0.7590453,2.8255498,0.9727181,1.1111112,0.9511002444987775,0.9031135108059154,495.13335086620486,16,0.19945058,0,False,18,16
638.0,0.62088025,2.5979354,1.0292009,1.4137931,0.9710806697108066,0.7228113885599997,272.97359550436045,39,0.29545146,0,False,19,1
720.0,0.86489105,2.0763412,0.82256556,1.0,0.9703504043126685,0.8230821721354494,163.61547611822502,39,0.2361329,1,False,19,2
800.0,0.84661275,3.105431,1.230251,1.2068965,0.9685230024213075,0.6144986166347138,23.109477828200415,39,0.35316667,0,False,19,3
575.0,0.79166585,2.7213793,1.0781046,1.3448275,0.9631490787269682,0.6832081034000723,23.109477828200415,39,0.30949017,0,False,19,4
590.0,0.9036623,2.908124,1.1520855,1.2413793,0.9703947368421053,0.6125802436701088,89.92249909380206,39,0.33072782,1,False,19,5
657.0,0.86086494,2.4756207,0.9807446,1.2068965,0.9619326500732065,0.8664132889022524,39.484993817958134,39,0.28154117,1,False,19,6
627.0,0.78211844,2.339713,0.9269033,1.2413793,0.9661016949152542,0.83432398729255,39.484993817958134,39,0.266085,1,False,19,7
862.0,0.8070561,2.3683496,0.9382479,1.137931,0.9740112994350283,0.7174928721658997,163.61547611822502,39,0.2693417,1,False,19,8
574.0,0.8378562,2.3808722,0.94320893,1.1724138,0.9679595278246206,0.7741668451410793,93.25886770817544,39,0.27076587,1,False,19,9
474.0,0.70596504,2.469373,0.97826946,1.2068965,0.9673469387755103,0.8544744581706346,93.25886770817544,39,0.28083065,0,False,19,10
448.0,0.7719626,2.581204,1.0225725,1.2413793,0.9572649572649573,0.8285101415453316,156.30869668841686,39,0.29354867,1,False,19,11
787.0,0.9275382,3.4683871,1.37404,1.2068965,0.974009900990099,0.5293649002377375,130.01533571697746,39,0.39444405,1,False,19,12
422.0,0.6291051,2.0680666,0.81928754,1.0689656,0.9612756264236902,0.8112478794982209,124.92952579233994,39,0.2351919,1,False,19,13
875.0,0.93124485,3.7744236,1.4952798,1.3448275,0.9711431742508324,0.6524699027748045,212.09540073331212,39,0.42924815,1,False,19,14
721.0,0.7917055,2.7342772,1.0832143,1.3448275,0.9703903095558546,0.8162595675929593,124.92952579233994,39,0.310957,1,False,19,15
623.0,0.8466686,2.3943655,0.94855446,1.1724138,0.9643962848297214,0.7017001668299122,130.01533571697746,39,0.2723004,1,False,19,16
579.0,0.56982625,2.3344054,0.9248006,1.5172414,0.9666110183639399,0.5772054912413398,242.33717848780196,39,0.26548138,0,False,19,17
508.0,0.7915856,1.9976243,0.791381,0.9655172,0.9731800766283525,0.6485967767149878,213.106013670052,39,0.2271808,0,False,19,18
744.0,0.71555454,2.466444,0.97710913,1.2413793,0.9802371541501976,0.5958527622391834,35.03567191642804,39,0.28049755,0,False,19,19
554.0,0.8808169,2.0956678,0.8302221,1.137931,0.9601386481802426,0.7042167181277462,35.03567191642804,39,0.23833086,1,False,19,20
785.0,0.7609042,2.5242257,1.0,1.2413793,0.9715346534653465,0.6111945742051496,187.9785588334267,39,0.2870688,0,False,19,21
702.0,0.90724546,3.128647,1.2394482,1.137931,0.970954356846473,0.6704519269482774,96.86373944657049,39,0.35580692,1,False,19,22
467.0,0.81047153,2.1408846,0.8481352,1.0344827,0.9648760330578512,0.6207625057663312,134.17549914513262,39,0.24347314,0,False,19,23
659.0,0.91343397,3.3913977,1.3435398,1.137931,0.9705449189985272,0.656534288388013,82.59326700903296,39,0.38568836,1,False,19,24
727.0,0.87268114,2.5909975,1.0264524,1.2068965,0.9732262382864793,0.5383858314326243,126.66970384955832,39,0.29466245,1,False,19,25
711.0,0.8660765,2.2512248,0.89184767,0.8965517,0.9726402188782489,0.7976492903018778,143.15909673991004,39,0.25602162,1,False,19,26
626.0,0.90519327,3.5669274,1.4130778,1.2413793,0.9571865443425076,0.7685736195418377,117.17253014819693,39,0.40565056,1,False,19,27
689.0,0.83886844,3.0266752,1.1990509,1.1034483,0.9690576652601969,0.6976361703617104,133.23445055067828,39,0.34421012,1,False,19,28
475.0,0.87724257,2.5965881,1.0286672,1.0344827,0.9654471544715447,0.38971328161997665,82.59326700903296,39,0.29529825,1,False,19,29
926.0,0.8540254,2.7898636,1.1052353,1.137931,0.9716684155299056,0.7344931383286459,116.31275022064457,39,0.3172786,1,False,19,30
584.0,0.8876376,2.6117146,1.0346597,1.0689656,0.9717138103161398,0.3661487163319579,126.66970384955832,39,0.29701853,1,False,19,31
824.0,0.86883694,2.5512638,1.0107114,1.2068965,0.9716981132075472,0.6593174832474054,111.1726132197939,39,0.29014373,1,False,19,32
757.0,0.9100474,2.031294,0.8047197,0.7586207,0.969270166453265,0.5427071079161415,143.15909673991004,39,0.23100992,1,False,19,33
585.0,0.74448806,2.3989978,0.95038956,1.0344827,0.9701492537313433,0.7829764765343896,100.01234882668561,39,0.2728272,1,False,19,34
497.0,0.6111256,2.0518975,0.81288195,1.0344827,0.9576107899807321,0.8316631070048692,49.45041223103393,39,0.23335306,1,False,19,35
616.0,0.8889483,2.3446038,0.92884076,0.9655172,0.9580093312597201,0.7963012989014001,186.5231086196264,39,0.2666412,1,False,19,36
561.0,0.7734997,2.1740735,0.8612833,1.137931,0.9672413793103448,0.5408041063688765,49.45041223103393,39,0.24724756,1,False,19,37
960.0,0.87764716,2.6811423,1.0621643,1.0,0.9687184661957619,0.8214244897539682,111.1726132197939,39,0.30491424,1,False,19,38
356.0,0.7671734,2.7746997,1.099228,0.9655172,0.9621621621621622,0.8621502239026125,142.86216270955217,39,0.31555408,0,True,19,39
1016.0,0.75433844,4.303888,1.0,1.375,0.9731800766283525,0.2186620943218455,96.52021876323255,15,0.27004787,0,False,20,1
409.0,0.72941184,2.6424205,0.6139613,1.125,0.9578454332552693,0.7379188394395153,126.9280562660493,15,0.16579893,0,False,20,2
1147.0,0.8645674,4.49041,1.0433381,1.3125,0.9703891708967851,0.7789967093233118,111.48605673032748,15,0.28175122,0,False,20,3
712.0,0.8987166,6.27651,1.4583349,1.375,0.9081632653061225,0.9305907733732985,96.52021876323255,15,0.39382023,1,False,20,4
585.0,0.9252824,6.9365387,1.6116914,1.25,0.9701492537313433,0.5708702894327693,77.87858337510716,15,0.4352338,1,False,20,5
383.0,0.57966524,2.951534,0.6857832,1.4375,0.9503722084367245,0.8900975729138026,111.48605673032748,15,0.1851943,0,False,20,6
508.0,0.6668211,4.9010825,1.138757,2.0625,0.9530956848030019,0.3126206025099457,26.989803752980933,15,0.3075189,0,False,20,7
616.0,0.83426917,5.116376,1.1887801,1.5,0.9655172413793104,0.5547150259022576,26.989803752980933,15,0.32102752,0,False,20,8
310.0,0.6037698,2.748992,0.63872296,1.5,0.9657320872274143,0.6803190258790454,194.58329818586782,15,0.17248577,0,False,20,9
741.0,0.8978858,4.3285255,1.0057245,1.3125,0.9598445595854922,0.6252015347011003,35.191531849439876,15,0.27159375,0,False,20,10
509.0,0.87028,2.6543467,0.6167323,1.25,0.9695238095238096,0.7733801462556728,203.63893328407016,15,0.16654724,1,False,20,11
245.0,0.68377745,3.7607143,0.8737947,1.625,0.9459459459459459,0.723904956130694,35.191531849439876,15,0.23596638,0,True,20,12
659.0,0.7729121,2.7569234,0.6405658,1.4375,0.9676945668135095,0.7565369826116934,291.399042556357,15,0.17298344,1,False,20,13
808.0,0.9079111,4.726176,1.0981178,1.25,0.9472450175849941,0.7856821518075923,307.9432676933285,15,0.29654437,1,False,20,14
416.0,0.5886312,2.3940806,0.55626,1.3125,0.9696969696969697,0.7672333411384138,291.399042556357,15,0.15021682,0,False,20,15
843.0,0.75375056,1.4828452,0.86558896,1.0384616,0.9689655172413794,0.6331475738576626,213.8552467266418,14,0.3023841,1,False,21,1
742.0,0.6721368,1.8251348,1.0653955,1.1923077,0.9686684073107049,0.4828053602615495,200.91137658499497,14,0.37218434,1,False,21,2
768.0,0.77842635,1.6603565,0.9692086,1.0961539,0.9709228824273072,0.7355167071648017,214.19274674717116,14,0.33858252,1,False,21,3
704.0,0.8821413,1.9418979,1.1335542,1.0192307,0.9630642954856361,0.8454208251700962,211.52966141644362,14,0.39599487,1,False,21,4
524.0,0.70605445,1.7658544,1.0307914,1.1346154,0.9650092081031307,0.789335236679922,183.24495103102663,14,0.36009577,1,False,21,5
714.0,0.861729,1.5880198,0.9269831,0.90384614,0.9622641509433962,0.75249384044664,200.91137658499497,14,0.3238315,1,False,21,6
866.0,0.92074,2.0680182,1.2071751,1.0576923,0.9763246899661782,0.7289600085228711,183.24495103102663,14,0.42171353,1,False,21,7
629.0,0.8373577,1.8567322,1.08384,1.1153846,0.9603053435114504,0.4294706549252077,155.9534484030741,14,0.37862775,1,False,21,8
772.0,0.8959667,1.8020875,1.051942,1.0384616,0.9735182849936949,0.4809698469994126,155.9534484030741,14,0.3674845,1,False,21,9
625.0,0.8864125,2.1074154,1.2301726,1.2115384,0.9600614439324117,0.8752592386996331,192.3735000825155,14,0.42974746,1,False,21,10
769.0,0.7525026,1.5242323,0.8897481,0.96153843,0.9721871049304678,0.6642725482311749,192.3735000825155,14,0.31082383,1,False,21,11
646.0,0.8102532,1.625,0.9485698,1.0576923,0.96996996996997,0.6545919513378184,43.17857367002125,14,0.33137256,1,False,21,12
609.0,0.8088348,1.6169635,0.9438786,1.0,0.9697452229299363,0.8355503739559371,43.17857367002125,14,0.32973373,1,False,21,13
610.0,0.81968504,1.6124212,0.941227,0.88461536,0.976,0.7085436445927412,462.42816188322087,14,0.32880744,1,False,21,14
649.0,0.8038853,1.4643238,1.0352504,1.0576923,0.9586410635155096,0.6903079777121763,559.8672402113308,2,0.2986072,1,False,22,1
689.0,0.7693332,1.364603,0.96474963,0.9230769,0.9704225352112676,0.8160081578470374,559.8672402113308,2,0.278272,1,False,22,2
475.0,0.863612,1.6395,1.0,1.1,0.9615384615384616,0.6835789562502341,695.3205209340624,9,0.514353,1,False,23,1
702.0,0.8047316,1.7447472,1.0641947,1.0875,0.9486486486486486,0.7600466456884859,449.19522455717527,9,0.5473717,1,False,23,2
802.0,0.72217983,1.3785692,0.8408474,1.0,0.9733009708737864,0.5636153990617765,343.52672590870867,9,0.43249232,1,False,23,3
881.0,0.88525075,1.4936435,0.911036,1.025,0.9810690423162584,0.56902603440021,86.69638805794986,9,0.46859407,1,False,23,4
704.0,0.916416,1.6504793,1.0066967,1.0625,0.9737206085753803,0.6235340330614033,107.53780650946344,9,0.5177974,1,False,23,5
1172.0,0.8845145,1.8989227,1.1582328,1.0875,0.9693961952026469,0.8027875479975886,86.69638805794986,9,0.59574044,1,False,23,6
555.0,0.8980674,1.624527,0.9908673,1.05,0.9652173913043478,0.7304035710836765,222.48479974891907,9,0.50965554,1,False,23,7
639.0,0.79197276,1.6399453,1.0002716,1.05,0.9770642201834863,0.604888733832,135.78992025883718,9,0.51449263,1,False,23,8
839.0,0.82996565,1.4341924,0.8747743,1.1125,0.9721900347624566,0.8275886900194658,320.0264375302811,9,0.44994274,1,False,23,9
810.0,0.890167,2.332628,1.2033978,1.1785715,0.9735576923076923,0.771248528154895,139.26381469763496,6,0.2561317,1,False,24,1
989.0,0.76213247,2.0314531,1.0480223,1.1071428,0.9715127701375246,0.6862916602297977,139.26381469763496,6,0.22306152,1,False,24,2
1045.0,0.86857677,1.8452836,0.9519778,1.1428572,0.9720930232558139,0.8338664767321833,71.66456422509684,6,0.20261937,1,False,24,3
670.0,0.627135,1.6802238,0.8668238,1.0357143,0.9612625538020086,0.7537333347988525,227.6369166195178,6,0.18449517,1,False,24,4
890.0,0.9260719,2.457544,1.2678417,1.1071428,0.9758771929824561,0.4930919406001538,687.0406894273839,6,0.269848,1,False,24,5
762.0,0.83263344,1.799447,0.9283308,1.1428572,0.9621212121212122,0.7353709105038595,71.66456422509684,6,0.19758633,1,False,24,6
429.0,0.69898075,2.0087287,1.1615487,1.3191489,0.9662162162162162,0.38765703578659755,140.99927294682294,24,0.3702363,1,False,25,1
703.0,0.874348,1.757695,1.0163882,1.1276596,0.9669876203576341,0.8071838440007588,135.60058177037203,24,0.3239673,1,True,25,2
542.0,0.87325084,1.8194238,1.052083,1.1489362,0.9442508710801394,0.8288817268162603,306.8603897341302,24,0.33534476,1,False,25,3
751.0,0.9075899,1.9662578,1.1369898,1.1914893,0.9778645833333334,0.6058177086717965,193.42786776389383,24,0.3624083,1,False,25,4
414.0,0.7494174,1.5551444,0.89926326,1.1276596,0.9787234042553191,0.6167890150717035,135.60058177037203,24,0.28663447,1,False,25,5
745.0,0.8887749,2.230644,1.2898713,1.1489362,0.9662775616083009,0.68145044135094,236.32402503976172,24,0.41113833,1,False,25,6
348.0,0.8817332,2.0636463,1.1933048,1.0851064,0.9456521739130435,0.6629781226488681,18.25780218202613,24,0.38035834,1,False,25,7
410.0,0.9046581,2.2619097,1.3079507,1.1276596,0.9557109557109557,0.49347337780735523,18.25780218202613,24,0.416901,1,False,25,8
568.0,0.548419,1.6615973,0.96081966,1.1489362,0.9482470784641068,0.7394301478742833,109.88443415833096,24,0.30625516,1,False,25,9
551.0,0.92423755,2.3149014,1.3385932,1.0638298,0.9599303135888502,0.5489778383685348,84.95535280264,24,0.42666808,1,False,25,10
546.0,0.9265316,2.138142,1.236382,1.0851064,0.9680851063829787,0.6551971005752429,80.54849196593584,24,0.39408892,1,False,25,11
674.0,0.91941583,1.93838,1.1208695,1.0212766,0.9711815561959655,0.6718562957882673,69.12039736378142,24,0.35727003,1,False,25,12
467.0,0.5837007,1.5499111,0.89623713,1.0425532,0.9377510040160643,0.6546589444357513,49.37217393949614,24,0.2856699,1,False,25,13
575.0,0.7336198,1.6224236,0.9381675,0.9787234,0.9551495016611296,0.7172849752763532,49.37217393949614,24,0.29903495,1,False,25,14
655.0,0.6886335,1.4375508,0.8312647,0.9148936,0.9675036927621861,0.7240528190184702,80.54849196593584,24,0.26496035,1,False,25,15
878.0,0.8529992,1.9204429,1.1104974,1.0425532,0.9733924611973392,0.6716177561372817,79.2865945890652,24,0.353964,1,False,25,16
763.0,0.8103462,1.5160203,0.8766397,0.9574468,0.9744572158365262,0.7865999405707591,101.22349581297641,24,0.27942336,1,False,25,17
649.0,0.8762863,1.701013,0.9836118,0.85106385,0.9715568862275449,0.5583133949581851,26.904317731285325,24,0.31352004,1,False,25,18
542.0,0.7718472,1.8946377,1.0955755,1.0,0.9748201438848921,0.5238079146874635,118.15675925832444,24,0.34920773,1,False,25,19
730.0,0.88870806,1.6704751,0.9659533,0.80851066,0.9668874172185431,0.7458380736170538,26.904317731285325,24,0.3078915,1,False,25,20
684.0,0.8729503,1.4638547,0.8464749,0.70212764,0.9674681753889675,0.6266896360830002,84.95653617566938,24,0.2698085,1,False,25,21
599.0,0.84812593,1.3961567,0.80732846,0.9148936,0.9724025974025974,0.6197494999393144,145.24565436261918,24,0.25733083,1,False,25,22
824.0,0.7810537,1.2170264,0.70374626,0.7234042,0.9739952718676123,0.6039270611762361,84.95653617566938,24,0.22431467,1,False,25,23
587.0,0.8778033,1.5413026,0.8912592,0.87234044,0.9799666110183639,0.4743122775901623,309.8025973627436,24,0.28408322,1,False,25,24
624.0,0.64861745,1.8946837,1.2123834,1.3043479,0.9734789391575663,0.6001139571457207,320.7308739574556,7,0.3417861,1,False,26,1
723.0,0.8818864,1.7611101,1.1269114,1.173913,0.9717741935483871,0.6495331416113771,320.7308739574556,7,0.31769043,1,False,26,2
650.0,0.60152036,1.562776,1.0,1.1956521,0.9658246656760773,0.831786801312238,134.627163912391,7,0.28191254,1,False,26,3
570.0,0.8763605,1.490389,0.9536805,1.1086956,0.979381443298969,0.5435191927913801,134.627163912391,7,0.26885447,1,False,26,4
689.0,0.89245003,1.6025746,1.0254666,1.0869565,0.9636363636363636,0.8206157589817102,252.73081758175329,7,0.28909189,1,False,26,5
645.0,0.9067943,1.5561846,0.9957823,0.9782609,0.9641255605381166,0.6414042914774282,832.0270525910488,7,0.2807235,1,False,26,6
1171.0,0.68270457,1.502599,0.96149355,0.9347826,0.9758333333333333,0.5861225933750548,509.6561126429847,7,0.27105707,1,False,26,7
886.0,0.91188425,1.9201467,1.0431778,1.0357143,0.9736263736263736,0.6461656483967726,118.32044370753304,7,0.21083963,1,False,27,1
744.0,0.8151381,1.6898042,0.91803735,1.1071428,0.96875,0.8149129711503141,118.32044370753304,7,0.18554713,1,False,27,2
758.0,0.8191526,2.0243123,1.099769,1.1785715,0.9717948717948718,0.5517242354289662,189.51894645500693,7,0.22227742,1,False,27,3
547.0,0.8580636,1.6366545,0.8891621,1.0714285,0.9715808170515098,0.5152094479004083,189.51894645500693,7,0.17971107,1,False,27,4
778.0,0.91339284,1.9405527,1.0542641,1.1785715,0.9688667496886675,0.8121142733860841,423.29202561898376,7,0.2130803,1,False,27,5
993.0,0.7926781,1.8406705,1.0,1.0357143,0.976401179941003,0.7717888149205253,303.70629074281146,7,0.20211284,1,False,27,6
534.0,0.7255196,1.3861021,0.7530419,0.85714287,0.9709090909090909,0.77634027575926,303.70629074281146,7,0.15219945,1,False,27,7
570.0,0.7000207,1.6842105,1.0309381,1.1224489,0.9743589743589743,0.7612724902430233,405.8624592964053,4,0.3236326,1,False,28,1
1287.0,0.9166903,1.8865261,1.1547794,1.0816326,0.9794520547945206,0.6735102973538282,405.8624592964053,4,0.36250895,1,False,28,2
663.0,0.8761541,1.5831255,0.969062,1.1020408,0.9692982456140351,0.6360406887902023,544.921440091425,4,0.30420843,1,False,28,3
496.0,0.60243523,1.4020326,0.8582115,1.0408163,0.9575289575289575,0.8122120025674375,544.921440091425,4,0.2694102,0,False,28,4
799.0,0.9295345,2.4844806,1.2856506,1.1666666,0.9755799755799756,0.7717806212311498,178.7618992094646,6,0.29229182,1,False,29,1
792.0,0.8976283,1.984133,1.0267345,1.2,0.9705882352941176,0.5708011677200393,178.7618992094646,6,0.23342742,1,False,29,2
667.0,0.85493726,2.014293,1.0423414,1.1333333,0.9751461988304093,0.6023982554573065,175.47900286437152,6,0.23697564,1,False,29,3
488.0,0.76581484,1.880806,0.9732655,1.1666666,0.976,0.5206002362727,175.47900286437152,6,0.22127129,1,False,29,4
422.0,0.84356475,1.5694313,0.81213766,1.0,0.9569160997732427,0.661727306768151,243.63653776278827,6,0.18463898,1,False,29,5
602.0,0.82194644,1.5822259,0.81875855,0.96666664,0.9647435897435898,0.8188258142899115,320.6682277553662,6,0.18614423,1,False,29,6
573.0,0.91000926,2.11681,1.09801,1.220339,0.9728353140916808,0.5642920445575874,316.7061823771536,7,0.48977175,1,False,30,1
890.0,0.9247896,1.9777566,1.0258815,1.0677966,0.9812568908489526,0.7138530929721135,316.7061823771536,7,0.45759857,1,False,30,2
585.0,0.8360248,1.5417935,0.79974324,1.0847458,0.9733777038269551,0.5094839978663214,193.40417585294207,7,0.35672867,1,False,30,3
180.0,0.6554684,1.7813559,0.9240066,1.1864407,0.9836065573770492,0.3417568081345678,560.7212516853483,7,0.41215685,0,False,30,4
997.0,0.88245916,1.8199854,0.94404405,1.220339,0.9707887049659202,0.6659692426213875,167.45037455968324,7,0.42109466,1,False,30,5
683.0,0.8404559,1.9278606,1.0,1.1694915,0.9813218390804598,0.7261376888392684,167.45037455968324,7,0.446054,0,True,30,6
570.0,0.90593743,2.7684507,1.4360223,1.1186441,0.9612141652613828,0.3903277071927802,560.7212516853483,7,0.6405435,1,False,30,7
757.0,0.91010964,2.08935,1.0845157,1.2586207,0.969270166453265,0.6652921337658237,531.046349710139,10,0.4752247,1,False,31,1
541.0,0.9110435,1.620881,0.8413482,0.9655172,0.9712746858168761,0.5938741602682436,483.74074632741434,10,0.36867094,1,False,31,2
815.0,0.89576805,1.9591284,1.0169218,1.25,0.9656398104265402,0.8359245554613943,272.3644388081774,10,0.44560567,1,False,31,3
529.0,0.60166794,1.6668731,0.8652212,1.2586207,0.9724264705882353,0.6560695595895015,222.59941007390537,10,0.37913194,1,False,31,4
644.0,0.85359883,1.893928,0.9830783,1.2931035,0.9698795180722891,0.6737485542349326,56.26778008826739,10,0.4307758,1,False,31,5
981.0,0.75669485,2.1254702,1.1032645,1.362069,0.9703264094955489,0.7709102694599314,56.26778008826739,10,0.48344025,1,False,31,6
805.0,0.8822749,1.634397,0.84836394,0.98275864,0.9745762711864406,0.43847618866617244,161.63930360079442,10,0.3717452,1,False,31,7
915.0,0.7260688,1.9990201,1.0376283,1.3103448,0.9723698193411264,0.6321799892757181,127.86914856761499,10,0.4546791,1,False,31,8
493.0,0.9135585,2.1851087,1.134221,1.2068965,0.9685658153241651,0.8000366144070228,127.86914856761499,10,0.4970051,1,False,31,9
935.0,0.9217196,1.8842338,0.9780463,0.9137931,0.9659090909090909,0.6589742533665776,161.63930360079442,10,0.42857084,1,False,31,10
183.0,0.63988,2.4880202,1.1221077,1.2820513,0.9384615384615385,0.6537177110363811,135.58558807032153,29,0.38052073,0,True,32,1
575.0,0.88771355,2.6026757,1.1738179,1.2820513,0.9615384615384616,0.6375414472840508,70.54848123997394,29,0.39805627,1,False,32,2
734.0,0.8719988,1.907322,0.86021036,1.2051282,0.976063829787234,0.6209443334719013,126.27720455684045,29,0.29170808,1,False,32,3
505.0,0.81331784,2.3181517,1.0454963,1.3589743,0.9692898272552783,0.6010264376490004,42.44188005301085,29,0.35454085,1,False,32,4
589.0,0.83364296,1.9532453,0.88092196,1.1538461,0.9735537190082645,0.5618522803291501,42.44188005301085,29,0.29873163,1,False,32,5
601.0,0.8947636,2.7776783,1.2527447,1.3333334,0.9740680713128039,0.5252840324930418,117.34660509152219,29,0.42482138,1,False,32,6
537.0,0.8198123,1.8999188,0.8568715,1.1794872,0.9710669077757685,0.5012085381653675,126.27720455684045,29,0.2905758,1,False,32,7
840.0,0.8711765,1.9869049,0.89610255,1.2564102,0.967741935483871,0.8486759709804714,97.04370986420685,29,0.30387956,1,False,32,8
728.0,0.878259,2.3908496,1.0782833,1.3076923,0.9706666666666667,0.5909159998743325,97.04370986420685,29,0.36565936,1,False,32,9
837.0,0.8760653,2.8917685,1.3041999,1.2564102,0.9609644087256027,0.731264318959021,161.9056995747171,29,0.44227046,1,False,32,10
637.0,0.83879703,1.9235196,0.86751556,1.1282052,0.9622356495468278,0.6714907708384865,161.9056995747171,29,0.29418534,1,False,32,11
958.0,0.9164805,2.9948878,1.3507072,1.2307693,0.9775510204081632,0.7176231588591042,76.21739538420957,29,0.45804167,1,False,32,12
380.0,0.5460062,2.097166,0.9458308,1.1794872,0.9571788413098237,0.7810144045316879,107.60837010681344,29,0.32074302,0,False,32,13
782.0,0.7000803,2.1873894,0.9865219,1.1794872,0.9618696186961869,0.5004083466278323,98.61112856186753,29,0.3345419,0,False,32,14
622.0,0.91573673,2.292316,1.0338442,1.1794872,0.9688473520249221,0.6770211995793893,144.9449268983586,29,0.35058948,1,False,32,15
919.0,0.6540016,2.1788456,0.9826687,1.3333334,0.9776595744680852,0.4846420684633996,76.21739538420957,29,0.3332352,0,False,32,16
831.0,0.90833634,2.2952266,1.035157,1.051282,0.9730679156908665,0.6638956490752267,144.9449268983586,29,0.35103467,1,False,32,17
520.0,0.89639527,2.1414201,0.9657896,1.1025641,0.9576427255985267,0.795759152641405,265.16184260574283,29,0.3275113,1,False,32,18
686.0,0.87078834,1.9190028,0.86547846,1.0256411,0.9675599435825106,0.7586316042826428,185.63721744090495,29,0.29349455,1,False,32,19
836.0,0.8221316,2.217274,1.0,1.0769231,0.9732246798603027,0.25529702505979385,178.541655076973,29,0.3391125,1,False,32,20
411.0,0.6318688,1.6463284,0.74250114,0.974359,0.9558139534883721,0.45182758374742704,250.68316163677082,29,0.25179142,1,False,32,21
550.0,0.5852549,1.8227506,0.8220683,1.1025641,0.9649122807017544,0.7078904919733062,350.0254521893628,29,0.2787736,0,True,32,22
682.0,0.8282043,1.7686667,0.79767627,0.94871795,0.9756795422031473,0.3118924743605355,164.82173895352793,29,0.27050197,1,False,32,23
793.0,0.917202,2.3091795,1.0414498,0.8974359,0.9778051787916153,0.6339834142113415,75.11546659072953,29,0.35316867,1,False,32,24
586.0,0.9130429,2.3786647,1.0727879,0.9230769,0.9750415973377704,0.6549518530742506,75.11546659072953,29,0.36379576,1,False,32,25
615.0,0.92164516,3.2078798,1.4467674,1.0,0.9731012658227848,0.7105640954631522,164.82173895352793,29,0.49061692,1,False,32,26
768.0,0.8773489,2.5853364,1.1659977,1.0,0.9624060150375939,0.6343416736271853,81.85273046195456,29,0.3954044,1,False,32,27
1305.0,0.82923895,2.154691,0.9717748,0.84615386,0.9666666666666667,0.5977188657142344,476.98938363446626,29,0.329541,1,False,32,28
409.0,0.8681048,2.2689488,1.0233055,0.8974359,0.9784688995215312,0.799830842267461,110.05207503401678,29,0.34701568,1,True,32,29
927.0,0.79765636,2.7451456,0.97083974,1.3333334,0.9768177028451,0.7821806581017141,281.63380651426223,24,0.25836664,0,False,33,1
675.0,0.82504,2.2327778,0.7896373,1.25,0.9670487106017192,0.5074566113648229,135.1155587220297,24,0.21014379,1,False,33,2
915.0,0.8068617,2.0803735,0.7357385,1.125,0.9744408945686901,0.7115305193985832,135.1155587220297,24,0.19579986,1,False,33,3
1335.0,0.8325534,3.1406367,1.1107079,1.375,0.9830633284241531,0.6672809943635061,151.0704301859653,24,0.29558933,1,False,33,4
718.0,0.908373,2.8447075,1.0060505,1.0,0.9663526244952894,0.6699170540677664,140.86742329621856,24,0.26773718,1,False,33,5
807.0,0.92983454,3.1210244,1.1037719,0.875,0.9734620024125452,0.5964403965972599,139.9984774459061,24,0.2937435,1,False,33,6
1222.0,0.900998,4.1169534,1.4559891,1.3333334,0.9713831478537361,0.5520602226482108,102.81736647768501,24,0.38747796,1,False,33,7
769.0,0.90440357,2.6918075,0.95197636,1.2083334,0.9746514575411914,0.683951646673509,84.37030270273017,24,0.2533466,1,False,33,8
1079.0,0.90579146,2.4905777,0.8808101,1.125,0.967713004484305,0.5793934998359146,181.81504592407754,24,0.2344073,1,False,33,9
726.0,0.6733647,2.3459597,0.8296649,1.3333334,0.9758064516129032,0.6730158252635022,84.37030270273017,24,0.2207962,1,False,33,10
1214.0,0.83709335,3.1403418,1.1106036,1.125,0.9751004016064257,0.46423701839579234,108.79613072558747,24,0.29556158,1,False,33,11
1080.0,0.58834785,2.8066359,0.9925862,1.5,0.9694793536804309,0.8357820999341887,102.81736647768501,24,0.26415396,0,False,33,12
605.0,0.899919,3.2983472,1.1664834,1.1666666,0.971107544141252,0.7034677030735045,169.0282158082559,24,0.31043267,1,False,33,13
896.0,0.91611964,3.0080917,1.0638325,1.4166666,0.9603429796355841,0.751110051368429,135.2436566661314,24,0.2831145,1,False,33,14
591.0,0.5700541,2.8104906,0.9939495,1.7083334,0.9736408566721582,0.5399558987614843,82.65160006525706,24,0.26451677,0,False,33,15
1073.0,0.8831241,2.3705733,0.83836967,1.1666666,0.9719202898550725,0.7345679122120636,94.93818171295925,24,0.22311278,1,False,33,16
1228.0,0.8938718,4.084148,1.4443872,1.0833334,0.9753772835583797,0.6329002408565626,217.47994509647478,24,0.38439038,1,False,33,17
1050.0,0.8945248,2.5924604,0.91684157,1.2083334,0.9813084112149533,0.7123722079101832,82.65160006525706,24,0.24399626,1,False,33,18
877.0,0.77543324,2.6448593,0.9353728,1.2083334,0.9701327433628318,0.5973654762719328,128.33400559483678,24,0.24892794,1,False,33,19
492.0,0.6283597,2.8766937,1.0173627,1.125,0.9534883720930233,0.5770234997598024,26.50296319576101,24,0.27074763,0,False,33,20
1121.0,0.90830314,3.5565345,1.2577931,1.25,0.9764808362369338,0.6414260759655539,26.50296319576101,24,0.33473265,1,False,33,21
923.0,0.913836,3.368996,1.1914687,1.3333334,0.9736286919831224,0.5296327599672284,226.1000744930431,24,0.317082,1,False,33,22
1240.0,0.911654,4.5019155,1.5921336,1.25,0.9794628751974723,0.5544898878384567,226.1000744930431,24,0.42370966,1,False,33,23
734.0,0.7926271,2.474285,0.875048,1.3333334,0.9594771241830066,0.7474891302797065,180.03330772034366,24,0.23287386,1,False,33,24
579.0,0.8753225,2.050806,1.0517998,1.2291666,0.9682274247491639,0.6930565104971272,322.6120159764336,4,0.38603407,1,False,34,1
464.0,0.73760146,1.7208153,0.882557,1.25,0.9586776859504132,0.7926992452595677,95.74973390362429,4,0.3239182,1,False,34,2
769.0,0.9192687,2.058653,1.0558244,1.1875,0.9721871049304678,0.6291171612727078,95.74973390362429,4,0.38751116,1,False,34,3
482.0,0.8236433,1.848807,0.9482003,1.1875,0.9620758483033932,0.8597955519524535,197.4192537038462,4,0.34801072,1,False,34,4
476.0,0.5799308,1.8011204,0.9604537,1.2380953,0.952,0.8099021386869422,489.1438583473869,4,0.29665512,0,False,35,1
543.0,0.78893584,1.5719548,0.83825034,1.0,0.9493006993006993,0.801743262779432,775.3077875606562,4,0.2589102,1,False,35,2
980.0,0.91098046,1.9494413,1.0395464,1.0952381,0.9664694280078896,0.7654940327369812,199.5221704887526,4,0.32108444,1,False,35,3
790.0,0.908419,2.2796564,1.2156347,1.1428572,0.9657701711491442,0.591291285566864,199.5221704887526,4,0.3754728,1,False,35,4
544.0,0.7989259,1.6575869,0.90461814,1.1136364,0.9611307420494699,0.8427841292958734,121.72962151723293,21,0.286015,1,False,36,1
956.0,0.9006892,2.5121005,1.3709638,1.1818181,0.9785056294779939,0.6897719905713502,121.72962151723293,21,0.4334605,1,False,36,2
832.0,0.71763766,1.8616424,1.0159802,1.0681819,0.9696969696969697,0.6928410817969961,111.55839662295497,21,0.32122457,1,False,36,3
1325.0,0.8151536,2.4703257,1.3481655,1.1363636,0.976418570375829,0.7602576763269168,111.55839662295497,21,0.4262523,1,False,36,4
707.0,0.9149126,2.409991,1.3152382,1.2045455,0.9805825242718447,0.7781412669121728,124.90598133215053,21,0.41584158,1,False,36,5
474.0,0.5924961,1.5907173,0.8681245,1.0454545,0.9614604462474645,0.8670619826196608,78.345759412792,21,0.2744767,1,False,36,6
609.0,0.90188354,1.7922825,0.9781275,1.0227273,0.9636075949367089,0.7443236719032829,310.1233464824638,21,0.30925658,1,False,36,7
743.0,0.7460323,1.7182797,0.9377409,1.1818181,0.9636835278858625,0.6505758837203632,89.8047098865853,21,0.29648748,1,False,36,8
655.0,0.88556194,1.6799098,0.91680074,0.97727275,0.9732540861812778,0.8850538187237159,78.345759412792,21,0.28986678,1,False,36,9
539.0,0.5916767,1.7295074,0.94386834,1.1818181,0.9590747330960854,0.7615796523787999,89.8047098865853,21,0.2984248,1,False,36,10
504.0,0.56780267,2.0498285,1.1186817,1.3863636,0.9048473967684022,0.8045235289848024,124.90598133215053,21,0.35369593,1,False,36,11
702.0,0.8534662,1.799631,0.98213786,1.0454545,0.975,0.4387505422120664,191.5347319154863,21,0.31052455,1,False,36,12
670.0,0.894703,1.8323609,1.0,1.0909091,0.9682080924855492,0.7208772234780445,84.37720482898942,21,0.31617206,1,False,36,13
737.0,0.8894032,1.6771617,0.91530097,1.0454545,0.9710144927536232,0.7367264701604458,308.9225409646003,21,0.2893926,1,False,36,14
725.0,0.8929872,1.8010345,0.9829038,1.0681819,0.9692513368983957,0.7560470964479691,84.37720482898942,21,0.31076673,1,False,36,15
531.0,0.8079392,1.8432202,1.0059265,1.1590909,0.9707495429616088,0.6825092648082193,81.14565476422143,21,0.31804585,1,False,36,16
601.0,0.8699357,1.8170094,0.99162203,1.1363636,0.9693548387096774,0.820756035714699,81.14565476422143,21,0.3135232,1,False,36,17
766.0,0.8956126,2.6584976,1.4508592,1.1818181,0.9635220125786164,0.7537409875955685,175.57924503312876,21,0.45872113,1,False,36,18
658.0,0.80640095,1.843914,1.0063051,1.0909091,0.9676470588235294,0.8234947547642876,138.93685874440422,21,0.31816557,1,False,36,19
614.0,0.8997573,1.8804783,1.0262598,1.0,0.9669291338582677,0.8068196825096643,175.57924503312876,21,0.3244747,1,False,36,20
619.0,0.9137255,1.9057498,1.0400516,1.0454545,0.9671875,0.7457307433761458,138.93685874440422,21,0.32883525,1,False,36,21
538.0,0.8941978,3.5547955,1.3491229,1.2,0.9658886894075404,0.7619947979717842,333.6252021281876,32,0.34850937,1,False,37,1
426.0,0.8656449,3.3568075,1.273982,1.48,0.9594594594594594,0.6996365883393241,333.6252021281876,32,0.3290988,1,False,37,2
616.0,0.6517189,2.2733116,0.8627716,1.16,0.9746835443037974,0.7221739610770211,242.0484096766808,32,0.22287369,1,False,37,3
423.0,0.63545173,2.0863357,0.7918101,1.12,0.9657534246575342,0.5587931552911547,304.44286450925654,32,0.20454273,1,False,37,4
709.0,0.85936004,2.6647673,1.0113376,1.2,0.9659400544959128,0.39621910488011325,457.14633068781313,32,0.2612517,1,False,37,5
647.0,0.92006546,3.712025,1.4087949,1.08,0.9671150971599403,0.6996583400228634,242.0484096766808,32,0.363924,1,False,37,6
438.0,0.8026412,2.1437445,0.81359804,0.96,0.954248366013072,0.7213860490815015,19.996816734957545,32,0.21017101,1,False,37,7
733.0,0.6249044,2.6050205,0.9886624,1.32,0.9606815203145478,0.8311623725141655,103.42146093606638,32,0.25539416,1,False,37,8
374.0,0.7500367,2.0503743,0.778162,1.0,0.935,0.7258011277433978,19.996816734957545,32,0.20101708,1,False,37,9
509.0,0.9029394,3.2931237,1.2498126,0.96,0.975095785440613,0.5097888951831835,211.98501260190923,32,0.32285526,1,False,37,10
909.0,0.88787943,3.4758196,1.3191497,1.2,0.9701173959445037,0.826002852910041,103.42146093606638,32,0.34076664,1,False,37,11
609.0,0.8978524,3.182069,1.207665,1.16,0.9441860465116279,0.5720478778757827,128.28016207901507,32,0.31196755,1,False,37,12
432.0,0.8722313,2.145,0.8140745,0.88,0.9557522123893806,0.5351077901491625,43.3516668497421,32,0.21029411,1,False,37,13
780.0,0.9045752,2.8314872,1.0746114,1.04,0.968944099378882,0.7023915199872136,88.2540244928883,32,0.27759677,1,False,37,14
409.0,0.8269908,1.9864058,0.75388455,0.84,0.964622641509434,0.5717522780372198,43.3516668497421,32,0.19474566,1,False,37,15
865.0,0.93251276,4.1144047,1.5615067,1.04,0.9762979683972912,0.349606201815384,71.3051523378331,32,0.403373,1,False,37,16
456.0,0.8449433,1.826579,0.69322675,0.76,0.9743589743589743,0.6864464649612191,71.2755215140176,32,0.17907637,1,False,37,17
468.0,0.8621837,1.6986325,0.6446683,0.76,0.9649484536082474,0.8308272961187625,103.49375673095722,32,0.1665326,1,False,37,18
846.0,0.93599874,4.8442554,1.8385011,1.0,0.9724137931034482,0.46238929398262946,56.78691345684014,32,0.474927,1,False,37,19
656.0,0.64834416,2.4045122,0.9125651,1.24,0.9618768328445748,0.6611957184361926,173.33583060269441,32,0.23573649,1,False,37,20
145.0,0.545666,2.5542068,0.9693775,0.96,0.9602649006622517,0.52597113535776,71.2755215140176,32,0.25041243,0,False,37,21
332.0,0.73137254,2.8481927,1.0809516,1.0,0.9595375722543352,0.8541471808224591,126.86574406492703,32,0.2792346,0,False,37,22
715.0,0.6601015,2.7123916,1.029412,1.12,0.9688346883468835,0.32211563902197077,54.77207201751636,32,0.26592076,1,False,37,23
733.0,0.7765455,1.86603,0.70819926,0.76,0.9657444005270093,0.8093650152580227,202.853732052719,32,0.18294412,1,False,37,24
497.0,0.9231784,2.4705834,0.9376406,0.6,0.9650485436893204,0.8166792674130423,120.0431514504653,32,0.24221407,1,False,37,25
513.0,0.8121087,2.2957504,0.8712876,0.88,0.9642857142857143,0.6692698720302224,54.77207201751636,32,0.22507358,1,False,37,26
615.0,0.8954695,3.3294308,1.263592,1.12,0.9654631083202512,0.7272546835937409,38.622898269244175,32,0.3264148,1,False,37,27
386.0,0.90258056,2.7526426,1.0446882,0.72,0.9601990049751243,0.23682356011548367,104.64220935355057,32,0.2698669,1,False,37,28
643.0,0.9007166,2.8600934,1.0854682,1.04,0.9582712369597616,0.8263674884299835,38.622898269244175,32,0.28040132,1,False,37,29
620.0,0.8282416,2.4421291,0.92684156,1.04,0.9657320872274143,0.7992940615476297,173.33583060269441,32,0.23942442,1,False,37,30
690.0,0.9074453,2.9460871,1.1181047,1.12,0.967741935483871,0.6430954732045894,238.54817831520631,32,0.28883207,1,False,37,31
540.0,0.8711764,2.0442224,0.7758272,0.64,0.9712230215827338,0.5813726065794043,104.64220935355057,32,0.20041394,1,False,37,32
345.0,0.5945667,1.7421627,1.0,1.2153846,0.9478021978021978,0.6155226947009328,372.89268571063343,3,0.4440807,1,False,39,1
480.0,0.5916503,1.5847116,0.90962315,1.1384616,0.9580838323353293,0.7172359738122859,82.05804300939916,3,0.40394607,1,False,39,2
939.0,0.89514506,1.8452528,1.0591736,1.0923077,0.978125,0.7487370453508742,82.05804300939916,3,0.47035855,1,False,39,3
501.0,0.8814763,1.9743694,1.3103533,1.1363636,0.9561068702290076,0.8114201850788629,697.8901136583428,4,0.3406755,1,False,40,1
515.0,0.6738322,1.5643865,1.0382551,1.0681819,0.9626168224299065,0.460770164585091,157.2853991545424,4,0.26993337,1,False,40,2
358.0,0.592836,1.4412137,0.95650756,1.0681819,0.8423529411764706,0.7614926815973613,38.44076089209683,4,0.24868003,1,False,40,3
447.0,0.63641703,1.4491051,0.9617449,0.97727275,0.9470338983050848,0.7163366552445529,38.44076089209683,4,0.25004166,1,False,40,4
537.0,0.71485746,1.6398913,0.8902146,1.054054,0.9675675675675676,0.4495641669013675,1329.5615658098461,2,0.237945,1,False,41,1
653.0,0.85211545,2.044369,1.1097853,1.1621622,0.9659763313609467,0.6454798131830878,1329.5615658098461,2,0.29663393,1,False,41,2
435.0,0.86681986,2.2485633,1.2823361,1.15625,0.9775280898876404,0.7970683120245448,437.04586799279184,6,0.28217265,1,False,42,1
359.0,0.8088918,1.8077124,1.0309227,1.09375,0.9650537634408602,0.8317240296071784,235.13704444973413,6,0.22685018,1,False,42,2
507.0,0.63592845,1.6637081,0.94879824,1.1875,0.9694072657743786,0.3878715783052779,235.13704444973413,6,0.20877905,1,False,42,3
602.0,0.88030094,1.8992422,1.0831213,1.0625,0.960127591706539,0.6693831514092319,193.84171559109416,6,0.23833627,1,False,42,4
563.0,0.89584506,1.6992673,0.96907735,0.96875,0.9740484429065744,0.8256942175905077,193.84171559109416,6,0.21324138,1,False,42,5
378.0,0.8250544,1.4823081,0.84534746,0.84375,0.9717223650385605,0.5125698936510992,233.78788783900916,6,0.18601514,1,False,42,6
566.0,0.7750849,1.6295209,0.98590475,1.0588236,0.9658703071672355,0.6071068672782558,468.1036891981247,4,0.4345389,1,False,43,1
496.0,0.8322502,1.4717445,0.89044577,1.0294118,0.9631067961165048,0.49610589919912845,227.0834673849548,4,0.3924652,1,False,43,2
909.0,0.88242626,1.6761147,1.0140953,1.0147059,0.9680511182108626,0.7671486145592681,227.0834673849548,4,0.4469639,1,False,43,3
672.0,0.89359826,1.7015276,1.0294708,1.0,0.9710982658959537,0.6765195594143492,525.0103001665191,4,0.4537407,1,False,43,4
473.0,0.7616466,1.8263046,0.9222885,1.2368422,0.9692622950819673,0.7443381904861243,114.73110330649111,6,0.2721552,1,False,44,1
684.0,0.8815789,2.0959911,1.0584809,1.0789474,0.9757489300998573,0.6564369664747811,114.73110330649111,6,0.31234378,1,False,44,2
853.0,0.83560675,2.2939472,1.1584492,1.2631578,0.9671201814058957,0.7846984833322507,234.2234608264218,6,0.3418431,1,False,44,3
839.0,0.8819464,2.1517158,1.086622,1.1578947,0.9688221709006929,0.7058950241693183,234.2234608264218,6,0.32064784,1,False,44,4
652.0,0.8767413,1.8643849,0.94151914,1.1315789,0.9687964338781575,0.7862773868485622,129.9529645986887,6,0.27782992,1,False,44,5
593.0,0.86553586,1.7767375,0.897257,1.1315789,0.9705400981996727,0.7345926876639526,129.9529645986887,6,0.26476872,1,False,44,6
634.0,0.6690852,2.0785723,1.154417,1.3333334,0.9664634146341463,0.6981773454829079,51.03054099158071,33,0.44016826,0,False,45,1
587.0,0.8763336,2.070162,1.1497461,1.2592592,0.9591503267973857,0.7357784137731951,25.074911759448085,33,0.43838727,1,False,45,2
490.0,0.7564706,2.170068,1.2052327,1.2962962,0.9514563106796117,0.7616554150562195,25.074911759448085,33,0.4595438,0,False,45,3
507.0,0.8964768,2.0705311,1.149951,1.2037038,0.9638783269961977,0.5727699213559806,53.079812263038235,33,0.43846542,1,False,45,4
929.0,0.9032145,2.0161862,1.1197685,1.2222222,0.9778947368421053,0.7676376656340781,53.079812263038235,33,0.4269571,1,False,45,5
355.0,0.91616684,2.6191447,1.4546452,1.2592592,0.9673024523160763,0.7279463898657067,110.58565725082177,33,0.5546424,1,True,45,6
518.0,0.81928235,1.7550408,0.974731,1.1666666,0.961038961038961,0.8472918389934397,110.58565725082177,33,0.3716557,1,False,45,7
880.0,0.7720054,1.6479797,0.91527045,0.9814815,0.9596510359869138,0.7464122196410576,455.40184661804494,33,0.34898394,1,False,45,8
482.0,0.5719226,1.9162056,1.0642403,1.3148148,0.9377431906614786,0.9072644133500258,66.57166011175069,33,0.40578473,0,False,45,9
515.0,0.9113269,2.2935276,1.2738008,1.1851852,0.9626168224299065,0.8503181837976752,64.72973213376214,33,0.48568818,1,False,45,10
552.0,0.69364876,1.581723,0.87847215,1.1481482,0.9633507853403142,0.6290182374338423,92.16590581282121,33,0.3349531,1,False,45,11
760.0,0.87090296,2.1509016,1.194588,1.2407408,0.9743589743589743,0.6689192347282162,251.97315849553857,33,0.45548502,1,False,45,12
580.0,0.82343477,1.9204023,1.066571,1.1666666,0.9461663947797716,0.889556947551035,64.72973213376214,33,0.4066734,1,False,45,13
466.0,0.84110075,1.6978223,0.9429525,1.074074,0.9748953974895398,0.8497232899119685,210.94452992839283,33,0.35953882,1,False,45,14
577.0,0.8413362,2.012934,1.1179621,1.2222222,0.966499162479062,0.8369019886204568,148.57310112605117,33,0.4262684,1,False,45,15
939.0,0.8146547,1.8338659,1.0185096,1.1666666,0.9740663900414938,0.7678320199244729,149.66000683147388,33,0.38834807,1,False,45,16
502.0,0.8466526,1.8005385,1.0,1.074074,0.963531669865643,0.44268035636613257,210.98572750410463,33,0.38129053,1,False,45,17
575.0,0.660133,1.8581321,1.0319868,1.2037038,0.9663865546218487,0.5003942147699388,24.7833985560502,33,0.3934868,1,False,45,18
424.0,0.6548835,1.7108229,0.9501729,1.0925926,0.9614512471655329,0.7761183428236892,24.7833985560502,33,0.3622919,1,False,45,19
456.0,0.68168217,1.8183479,1.0098912,1.0925926,0.9661016949152542,0.6002798838024557,171.58788928940587,33,0.38506192,1,False,45,20
557.0,0.6657936,1.5987433,0.8879251,1.0555556,0.9636678200692042,0.7552642482491544,185.28932414517615,33,0.3385574,1,False,45,21
571.0,0.856667,1.750827,0.9723907,1.074074,0.9661590524534687,0.5127380883018274,59.06570210013631,33,0.37076336,1,False,45,22
458.0,0.89692616,1.7018843,0.9452085,0.9814815,0.9744680851063829,0.8198978253500436,171.58788928940587,33,0.360399,1,False,45,23
592.0,0.89522386,2.0394144,1.1326691,1.1296296,0.9673202614379085,0.7444857318203946,52.225629315922376,33,0.431876,1,False,45,24
487.0,0.5599952,1.7300175,0.9608334,1.1666666,0.9662698412698413,0.3716617699564033,59.06570210013631,33,0.36635664,0,False,45,25
579.0,0.7804667,1.814623,1.0078224,1.1111112,0.9586092715231788,0.77910951257474,40.99402196566552,33,0.38427308,1,False,45,26
568.0,0.73663354,1.6386607,0.91009474,1.1481482,0.9627118644067797,0.6154279116051355,52.225629315922376,33,0.3470105,1,False,45,27
374.0,0.55309844,1.7374232,0.9649464,1.1296296,0.9516539440203562,0.8192406314735244,40.99402196566552,33,0.36792493,0,False,45,28
1049.0,0.8852801,1.7870283,0.99249655,0.9814815,0.9776328052190121,0.4647019887925633,111.16898383044877,33,0.37842953,1,False,45,29
462.0,0.8058993,1.4117765,0.7840857,0.8518519,0.9705882352941176,0.6171647484328388,99.77569136047923,33,0.29896444,1,False,45,30
450.0,0.8788497,1.5096709,0.8384552,0.8148148,0.9574468085106383,0.4829450249528355,99.77569136047923,33,0.319695,1,False,45,31
593.0,0.66250706,1.6569234,0.92023766,1.037037,0.9368088467614534,0.7874998291041846,197.44499834818984,33,0.35087788,1,False,45,32
485.0,0.8138751,1.220733,0.67798215,0.7407407,0.9566074950690335,0.5633891949453848,120.26796397210292,33,0.25850818,1,False,45,33
1084.0,0.91601914,7.8289957,1.9508781,1.7894737,0.9748201438848921,0.7346927857360486,185.7293765360431,46,0.58333695,1,True,46,1
694.0,0.9021869,4.645154,1.1575085,1.3684211,0.9692737430167597,0.5369850773738787,184.8083620056462,46,0.3461095,1,False,46,2
566.0,0.69330007,3.188302,0.79448104,1.4210526,0.9741824440619621,0.771869123279645,77.20764664322141,46,0.23755977,1,False,46,3
451.0,0.8628755,4.0828567,1.0173918,1.4210526,0.9783080260303688,0.5214130089856743,63.89309984008399,46,0.30421287,1,False,46,4
738.0,0.9073702,4.746256,1.1827017,1.2105263,0.9749009247027741,0.7295682695342701,95.05283892200457,46,0.3536426,1,False,46,5
779.0,0.9021118,4.485102,1.1176258,1.4736842,0.9725343320848939,0.7309300611331762,63.89309984008399,46,0.33418408,1,False,46,6
947.0,0.91610247,6.4078255,1.596742,1.5789474,0.9673135852911133,0.6243359886773326,153.46832160358287,46,0.4774458,0,False,46,7
717.0,0.8888287,3.3765688,0.84139454,1.3157895,0.9715447154471545,0.4928009818839686,110.88405842982739,46,0.25158748,1,False,46,8
617.0,0.775924,3.8067048,0.9485785,1.2105263,0.9640625,0.7228056528791572,95.05283892200457,46,0.28363684,1,False,46,9
938.0,0.9266734,4.5119514,1.1243162,1.2105263,0.9730290456431535,0.6463024955555629,195.04460503652368,46,0.33618462,1,False,46,10
662.0,0.7103726,3.676976,0.91625184,1.5263158,0.9552669552669553,0.7214747000516615,111.0464847770941,46,0.27397075,1,False,46,11
694.0,0.8885857,4.225846,1.0530226,1.4210526,0.9679218967921897,0.6293174639890928,111.0464847770941,46,0.31486693,1,False,46,12
752.0,0.9072017,4.227184,1.053356,1.3157895,0.9728331177231565,0.6927877274969617,58.687436777003995,46,0.31496662,1,False,46,13
710.0,0.79242754,3.335656,0.8311996,1.2631578,0.9739368998628258,0.5680981025650099,49.65367308992549,46,0.24853908,1,False,46,14
880.0,0.8804055,4.9797845,1.2408938,1.4210526,0.9691629955947136,0.672225693150387,49.65367308992549,46,0.37104276,1,False,46,15
574.0,0.781253,3.198423,0.79700303,1.3157895,0.9582637729549248,0.6718415328007575,42.59528652652879,46,0.23831387,1,False,46,16
748.0,0.91914123,3.8824937,0.9674641,1.2631578,0.9726918075422627,0.4335038276409275,108.42284478739812,46,0.28928384,1,False,46,17
701.0,0.9064754,4.890457,1.2186347,1.4736842,0.9682320441988951,0.7261756400522799,88.97920181020764,46,0.364387,1,False,46,18
580.0,0.86731577,5.605354,1.3967772,1.2631578,0.9634551495016611,0.5529970191913174,21.912867575663515,46,0.41765383,0,False,46,19
705.0,0.8219163,4.001344,0.99707997,1.2631578,0.9644322845417237,0.17665330614481514,42.59528652652879,46,0.29813936,1,False,46,20
615.0,0.73731226,5.0066752,1.2475946,1.5789474,0.9461538461538461,0.8362422150644415,21.912867575663515,46,0.3730464,0,False,46,21
709.0,0.8944274,3.6392992,0.90686333,1.2105263,0.9779310344827586,0.5186781892929947,87.01369168797764,46,0.27116346,1,False,46,22
842.0,0.88806295,3.6630204,0.9127743,1.2631578,0.9756662804171495,0.47955436390333483,88.97920181020764,46,0.27293095,1,False,46,23
522.0,0.8509428,3.4950593,0.8709207,1.2105263,0.9666666666666667,0.27458093305009657,86.9840947421246,46,0.26041618,1,False,46,24
756.0,0.9241934,5.8842244,1.4662678,1.4736842,0.9667519181585678,0.5545814764014353,68.25857015262746,46,0.4384324,1,False,46,25
884.0,0.9336883,6.2686353,1.5620577,1.3684211,0.9757174392935982,0.520902859549916,123.0733752872122,46,0.46707478,1,False,46,26
806.0,0.90925896,4.1933527,1.0449258,1.2631578,0.96875,0.7557919235191145,87.01369168797764,46,0.31244588,1,False,46,27
567.0,0.8204931,3.6985056,0.92161673,1.4210526,0.9742268041237113,0.7445778859723335,56.58982192359854,46,0.27557492,1,False,46,28
754.0,0.9114163,4.0247803,1.0029199,1.2368422,0.9654289372599232,0.46216946481083016,123.0733752872122,46,0.2998856,1,False,46,29
786.0,0.91495794,4.534954,1.1300482,1.3684211,0.9715698393077874,0.7557523584019356,93.75521470410044,46,0.33789852,1,False,46,30
909.0,0.87855214,3.9821086,0.99228674,1.2631578,0.9742765273311897,0.6884368943909036,56.58982192359854,46,0.29670614,1,False,46,31
618.0,0.7480171,3.3483222,0.83435583,1.3157895,0.9732283464566929,0.7631473827675115,62.39165306356495,46,0.24948283,1,False,46,32
766.0,0.90864176,4.7560806,1.1851499,1.2105263,0.9720812182741116,0.5862490979549208,131.06599804275643,46,0.35437465,1,False,46,33
545.0,0.84970677,3.7416706,0.93237287,1.3157895,0.9646017699115044,0.8097037111701044,62.39165306356495,46,0.27879116,1,False,46,34
754.0,0.8368961,3.8509703,0.95960885,1.5263158,0.9792207792207792,0.6953444268837007,108.09109344964854,46,0.28693503,1,False,46,35
1037.0,0.92278636,4.269096,1.0638,1.4210526,0.9700654817586529,0.6671503228033377,150.87883423028927,46,0.31808951,1,False,46,36
940.0,0.7753818,3.5973125,0.8964008,1.3684211,0.9740932642487047,0.5638548095674502,139.64815879119607,46,0.26803505,1,False,46,37
791.0,0.7339134,2.9854946,0.7439442,1.3157895,0.9717444717444718,0.7174835752675177,103.86460607213823,46,0.22244863,1,False,46,38
594.0,0.8620849,2.8184478,0.70231843,1.1578947,0.9769736842105263,0.5147672126239331,190.97382672704578,46,0.21000199,1,False,46,39
817.0,0.9004537,5.501707,1.3709497,1.2631578,0.9657210401891253,0.7735021296552677,71.84772424410056,46,0.4099311,1,False,46,40
697.0,0.71881735,3.6721287,0.915044,1.5263158,0.9667128987517337,0.6532939126720606,103.86460607213823,46,0.2736096,0,False,46,41
785.0,0.87939054,3.785384,0.9432656,1.3684211,0.9763681592039801,0.4914511946772625,120.73750204180476,46,0.28204823,1,False,46,42
759.0,0.8604872,3.10138,0.7728213,1.2105263,0.971830985915493,0.759896234494664,71.84772424410056,46,0.23108321,1,False,46,43
960.0,0.894898,4.2045503,1.0477161,1.2105263,0.9766022380467956,0.666352692715439,174.36536459659462,46,0.31328022,1,False,46,44
973.0,0.87908024,4.383783,1.0923784,1.1052631,0.9778894472361809,0.597236628472931,174.36536459659462,46,0.32663482,1,False,46,45
528.0,0.6968286,2.7099283,0.6752769,1.0,0.9759704251386322,0.7285648064903668,456.4767070918779,46,0.20191622,1,False,46,46
565.0,0.9187368,3.873662,1.3643523,1.1904762,0.9691252144082333,0.7695585327946316,63.1926095833863,39,0.31900746,1,False,47,1
467.0,0.7644624,2.6342409,0.92781264,1.2380953,0.9729166666666667,0.691987430997615,63.1926095833863,39,0.21693748,1,False,47,2
592.0,0.8139507,2.2845078,0.80463225,1.1904762,0.961038961038961,0.8046607599354085,100.44519083263573,39,0.18813594,1,False,47,3
466.0,0.85402673,2.6637032,0.9381897,1.1428572,0.9628099173553719,0.6385228717565504,52.31918815273888,39,0.2193638,1,False,47,4
564.0,0.8968642,3.1870146,1.1225065,1.2380953,0.967409948542024,0.605099161153141,94.23823591714225,39,0.26246002,1,False,47,5
494.0,0.6019132,2.2867746,0.8054307,1.1904762,0.9573643410852714,0.7373695342050143,92.51577854948893,39,0.18832262,1,False,47,6
476.0,0.7533284,2.35004,0.82771355,1.1904762,0.967479674796748,0.4819420325653733,52.31918815273888,39,0.1935327,1,False,47,7
461.0,0.87538606,2.9512448,1.0394654,1.1428572,0.9604166666666667,0.7846917133088445,44.968131273048044,39,0.24304368,1,False,47,8
668.0,0.9002876,3.0032792,1.0577925,1.1428572,0.969521044992743,0.8356950528226855,93.46678006201526,39,0.24732888,1,False,47,9
440.0,0.84647954,2.758117,0.97144336,1.4285715,0.9649122807017544,0.6832958864245133,100.44519083263573,39,0.22713904,1,False,47,10
579.0,0.6714484,2.8462045,1.002469,1.4285715,0.9523026315789473,0.835951199693702,21.232571706071138,39,0.23439331,1,False,47,11
518.0,0.84469676,2.3539255,0.8290821,1.2857143,0.9682242990654205,0.3898192167300299,62.41413611194101,39,0.19385268,1,False,47,12
616.0,0.8668512,2.8441558,1.0017474,1.2857143,0.967032967032967,0.8221833724872797,21.232571706071138,39,0.2342246,1,False,47,13
440.0,0.8698663,2.945779,1.0375403,1.1904762,0.9691629955947136,0.5445661137434104,131.2666348324514,39,0.24259357,1,False,47,14
487.0,0.79735875,2.478635,0.87300634,1.1904762,0.9662698412698413,0.6077209011494583,58.150644649568825,39,0.20412289,1,False,47,15
360.0,0.59208065,2.4078043,0.8480588,1.2380953,0.9549071618037135,0.5502800442335045,62.41413611194101,39,0.19828975,1,False,47,16
459.0,0.8557905,2.8391948,1.0,1.1428572,0.972457627118644,0.8531634625304109,62.59626958361712,39,0.23381604,1,False,47,17
550.0,0.8110446,2.4451947,0.8612282,1.2380953,0.9565217391304348,0.839677849432631,60.81427181468302,39,0.20136899,1,False,47,18
560.0,0.8606583,2.7247448,0.95968926,1.0952381,0.9572649572649573,0.6248324904916883,62.59626958361712,39,0.22439076,1,False,47,19
537.0,0.875043,4.052674,1.4274025,1.3333334,0.9710669077757685,0.5972558795040058,81.83202570477762,39,0.3337496,1,False,47,20
496.0,0.8592821,2.6927803,0.94843096,1.1904762,0.9649805447470817,0.43746605622370216,38.41115164846984,39,0.22175838,1,False,47,21
489.0,0.71224195,3.1048787,1.0935771,1.5714285,0.9721669980119284,0.5121397384964632,40.53150757518227,39,0.2556959,1,False,47,22
408.0,0.7029892,2.9806256,1.0498137,1.4285715,0.9714285714285714,0.6253563773423194,40.53150757518227,39,0.24546328,1,False,47,23
512.0,0.752451,3.1276972,1.1016142,1.2380953,0.9696969696969697,0.7583028975623748,53.989292537608755,39,0.25757506,1,False,47,24
370.0,0.59138316,2.691506,0.94798213,1.4285715,0.9585492227979274,0.6325678819670084,32.42101917933876,39,0.22165342,1,False,47,25
626.0,0.8712836,2.5623004,0.90247434,1.1428572,0.9645608628659477,0.788794958932169,32.42101917933876,39,0.21101297,1,False,47,26
357.0,0.8475641,2.9203682,1.0285903,1.1428572,0.9622641509433962,0.6852944655059154,32.12799825876299,39,0.24050091,1,False,47,27
725.0,0.77419335,3.6143184,1.2730082,1.4761904,0.939119170984456,0.8867703637093025,44.7303342752847,39,0.29764977,1,False,47,28
685.0,0.6654415,3.358429,1.1828808,1.5714285,0.9743954480796586,0.6327471824575153,32.12799825876299,39,0.2765765,1,False,47,29
446.0,0.9130309,4.172112,1.4694701,1.1904762,0.9550321199143469,0.6925199282808623,48.93290865713028,39,0.34358567,1,False,47,30
592.0,0.7947205,1.9135295,0.6739691,0.9047619,0.9641693811074918,0.7767864526564295,243.47763807260014,39,0.15758479,0,False,47,31
529.0,0.6601283,3.0592313,1.0774996,1.3333334,0.9653284671532847,0.3781682985562284,45.536670308068565,39,0.2519367,1,False,47,32
488.0,0.90060276,3.1474435,1.108569,1.0952381,0.9549902152641878,0.792738689201034,69.9038793080743,39,0.25920123,1,False,47,33
558.0,0.88451755,2.4652672,0.868298,0.9047619,0.9721254355400697,0.7144223194162093,185.13040475830402,39,0.203022,1,False,47,34
565.0,0.9032726,3.5524652,1.2512227,1.0476191,0.9691252144082333,0.3265091229574682,69.9038793080743,39,0.29255596,1,False,47,35
573.0,0.884543,3.0267596,1.0660627,1.0,0.9662731871838112,0.5379472887515818,95.97934211753096,39,0.24926257,1,False,47,36
389.0,0.6488633,2.6776838,0.9431138,1.2380953,0.9676616915422885,0.5798155268129345,76.18755283294325,39,0.22051515,1,False,47,37
467.0,0.84744513,2.5396144,0.89448404,1.0476191,0.9729166666666667,0.5522259351051315,76.18755283294325,39,0.20914473,1,False,47,38
464.0,0.7253972,2.605193,0.9175816,1.0476191,0.9686847599164927,0.28801857122433766,178.45448679749242,39,0.21454531,0,False,47,39
149.0,0.80231607,1.9002633,1.0,1.164557,0.9141104294478528,0.966929703223794,2000.0,1,0.58870906,0,False,48,1
556.0,0.89497113,1.8940157,0.9999474,1.1090909,0.9703315881326352,0.7228394159456497,385.04756510952325,10,0.4085132,1,False,49,1
657.0,0.8819411,2.1530373,1.1366981,1.1818181,0.9647577092511013,0.6497321378534507,62.3081787475522,10,0.46438056,1,False,49,2
647.0,0.8693276,1.6341716,0.8627625,1.0545454,0.9671150971599403,0.7154007936089991,67.24078108903147,10,0.3524684,1,False,49,3
586.0,0.86918956,1.7276762,0.9121283,1.0909091,0.9718076285240465,0.5725146798468932,62.3081787475522,10,0.37263602,1,False,49,4
682.0,0.7758611,1.9183952,1.0128186,1.2363636,0.96875,0.5355798305266527,220.42173690083754,10,0.4137715,1,False,49,5
890.0,0.8895616,1.8316445,0.96701854,1.1272727,0.9705561613958561,0.5417019419874534,220.42173690083754,10,0.39506057,1,False,49,6
616.0,0.6752992,1.8942149,1.0000526,1.2727273,0.9762282091917591,0.6792355250216136,196.22511437102386,10,0.40855613,1,False,49,7
626.0,0.9038903,2.0638106,1.0895908,1.0181818,0.963076923076923,0.7850141423467498,196.22511437102386,10,0.44513562,1,False,49,8
797.0,0.91469485,2.156496,1.1385242,1.0363636,0.9755201958384333,0.39553860146815256,262.2870503716305,10,0.46512657,1,False,49,9
631.0,0.8873684,1.6367382,0.86411756,0.96363634,0.9707692307692307,0.4720194631675631,262.2870503716305,10,0.35302195,1,False,49,10
644.0,0.78509927,1.5067391,0.93124926,1.0,0.9569093610698366,0.7630078568298165,553.1302790097452,14,0.29543906,1,False,50,1
711.0,0.80750114,1.674346,1.0348396,1.12,0.9726402188782489,0.8825138046853394,365.4609627071559,14,0.32830313,1,False,50,2
726.0,0.830276,1.5793664,0.97613704,1.08,0.9692923898531375,0.7717627837869644,182.60084723251356,14,0.3096797,1,False,50,3
599.0,0.88145596,1.6871452,1.0427504,1.1,0.9661290322580646,0.6805569400888591,237.46970221477787,14,0.33081278,1,False,50,4
866.0,0.8358738,1.5424019,0.9532909,1.06,0.9741282339707537,0.782301450478244,182.60084723251356,14,0.30243173,1,False,50,5
676.0,0.7087772,1.5671005,0.968556,1.12,0.9629629629629629,0.8537561548092575,176.81864747218182,14,0.3072746,1,False,50,6
702.0,0.8815821,1.7088889,1.0561892,1.14,0.9669421487603306,0.7425935700682601,176.81864747218182,14,0.33507624,1,False,50,7
856.0,0.89621127,1.6750233,1.0352583,1.08,0.9705215419501134,0.4735133310922922,373.2955735524751,14,0.32843596,1,False,50,8
714.0,0.8594716,1.6147339,0.9979961,1.04,0.9596774193548387,0.7617664419342511,373.2955735524751,14,0.31661448,1,False,50,9
558.0,0.8139645,1.6212186,1.002004,1.1,0.9554794520547946,0.8713373422542466,171.14086271434394,14,0.317886,1,False,50,10
944.0,0.87612164,1.7404449,1.0756925,1.1,0.9711934156378601,0.7404012576738966,217.14859435841052,14,0.3412637,1,False,50,11
472.0,0.7790296,1.8543645,1.1461012,1.1,0.9691991786447639,0.6701933510611325,171.14086271434394,14,0.36360088,1,False,50,12
715.0,0.8728589,1.4516923,0.8972273,0.82,0.9701492537313433,0.7365241589727247,380.2604036466071,14,0.28464556,1,False,50,13
653.0,0.5576615,1.5954977,0.98610705,1.12,0.9731743666169895,0.4646395364729481,485.01006075539885,14,0.3128427,1,False,50,14
639.0,0.7428887,2.1602876,1.3285879,1.3728814,0.9711246200607903,0.7563671898210075,276.9594526625139,10,0.49983123,1,False,51,1
839.0,0.72473305,1.5145755,0.93147165,0.9830508,0.9677047289504037,0.7453867060011256,401.27449180668935,10,0.3504312,1,False,51,2
578.0,0.80739534,2.025805,1.2458804,1.5254238,0.9747048903878583,0.6528926149011642,165.28137857851465,10,0.46871564,1,False,51,3
631.0,0.91380626,2.8284132,1.7394886,1.4915254,0.9446107784431138,0.8990960009282764,165.28137857851465,10,0.6544172,1,False,51,4
462.0,0.7502419,1.674004,1.029521,1.1186441,0.9665271966527197,0.8009232088502263,501.47308935668235,10,0.38731858,1,False,51,5
513.0,0.8965944,1.8649024,1.1469245,0.9830508,0.9642857142857143,0.7302049458081601,208.43317304420822,10,0.43148723,1,False,51,6
534.0,0.7762796,1.5417063,0.94815725,0.9322034,0.9656419529837251,0.7342145151108864,178.50778081421484,10,0.3567085,1,False,51,7
697.0,0.82190907,1.504219,0.9251024,0.8305085,0.9694019471488178,0.730283926418091,85.10467814042117,10,0.348035,1,False,51,8
836.0,0.8893611,1.4710689,0.9047148,0.8305085,0.9709639953542393,0.7374918004431823,85.10467814042117,10,0.34036493,1,False,51,9
617.0,0.5889027,1.5780017,0.97047913,0.9661017,0.9655712050078247,0.5188560066157882,189.3087454005798,10,0.36510628,1,False,51,10
659.0,0.9137433,3.6049836,1.1392288,1.1578947,0.9748520710059172,0.7548243849310385,82.66351056551628,41,0.26860663,1,False,52,1
647.0,0.82029885,2.7556334,0.8708215,1.1578947,0.9556868537666174,0.8758817032108038,89.03668462105931,41,0.2053217,1,False,52,2
770.0,0.9275121,4.9757347,1.5724068,1.3157895,0.9673366834170855,0.813910492934011,270.1285058989401,41,0.37074104,1,False,52,3
589.0,0.91246045,3.3188276,1.0487993,1.1052631,0.96875,0.7203387599215868,83.56709136453729,41,0.24728519,1,False,52,4
526.0,0.89697313,4.839204,1.529261,1.0526316,0.9598540145985401,0.8710366179182182,60.91049235089591,41,0.3605681,1,False,52,5
636.0,0.9098409,3.462016,1.094049,1.1578947,0.9754601226993865,0.6959085890564669,89.03668462105931,41,0.25795415,1,False,52,6
813.0,0.88420045,3.4768565,1.0987388,1.3157895,0.9667063020214031,0.7589697424925801,60.89872924597818,41,0.25905988,1,False,52,7
426.0,0.6958575,2.6782804,0.8463768,1.1578947,0.9748283752860412,0.4465933258091212,37.06794247715832,41,0.19955814,1,False,52,8
573.0,0.8848099,3.354827,1.0601757,1.0,0.9581939799331104,0.7822147295607956,60.89872924597818,41,0.24996749,1,False,52,9
578.0,0.6429948,2.6250226,0.8295465,1.0526316,0.9490968801313628,0.5532779938775204,37.06794247715832,41,0.19558993,1,False,52,10
675.0,0.92,5.698714,1.800879,1.3157895,0.9712230215827338,0.7999326492855727,104.3135840664808,41,0.42461002,1,False,52,11
575.0,0.9037409,2.698032,0.8526185,1.0,0.9631490787269682,0.8228115144695398,93.59368562735726,41,0.20102984,1,False,52,12
783.0,0.6701625,2.6784968,0.84644514,1.3157895,0.9763092269326683,0.6317988823103138,85.91302033889694,41,0.19957428,1,False,52,13
739.0,0.88161,3.975785,1.2564077,1.2631578,0.9736495388669302,0.7205111412457713,132.94799941236843,41,0.29623497,1,False,52,14
586.0,0.73796433,2.2199569,0.7015397,1.0,0.9654036243822076,0.8527831744766108,93.59368562735726,41,0.16540855,1,False,52,15
700.0,0.911367,3.4197745,1.0807,0.94736844,0.9655172413793104,0.7849556053308558,85.91302033889694,41,0.25480673,1,False,52,16
702.0,0.839914,3.1466486,0.99438816,1.3157895,0.9682758620689655,0.7689301006299558,74.65246420181685,41,0.23445617,1,False,52,17
731.0,0.9057643,5.022896,1.5873104,1.4736842,0.9682119205298013,0.7220561442658139,38.58962605235398,41,0.37425497,1,False,52,18
828.0,0.8631477,2.3154716,0.7317238,0.94736844,0.9661610268378062,0.7922312260257548,74.65246420181685,41,0.17252533,1,False,52,19
801.0,0.7704292,2.9878442,0.9442036,1.2631578,0.9650602409638555,0.8580881593342974,38.58962605235398,41,0.22262368,1,False,52,20
747.0,0.84204006,2.6096668,0.82469386,1.1578947,0.9854881266490765,0.7007488846175438,187.94497645458014,41,0.19444576,1,False,52,21
677.0,0.9084543,3.6368654,1.149304,1.1578947,0.9783236994219653,0.7734900014718344,97.23999683819503,41,0.27098212,1,False,52,22
364.0,0.62209654,2.9748409,0.94009435,1.3421053,0.9503916449086162,0.865699319228667,21.770784851914886,41,0.2216548,1,False,52,23
522.0,0.66656154,2.5973988,0.82081693,1.2105263,0.9630996309963099,0.7867180427463387,21.770784851914886,41,0.19353166,1,False,52,24
793.0,0.87326854,3.3117409,1.0465598,1.2105263,0.9706242350061199,0.7248923466336356,79.7829590781804,41,0.24675716,1,False,52,25
703.0,0.91683817,4.4042826,1.3918194,1.4210526,0.9616963064295485,0.8473863548115247,108.73498295217519,41,0.32816222,1,False,52,26
619.0,0.8577212,2.3991158,0.7581566,1.0,0.9687010954616588,0.7288463322050269,256.16986061802106,41,0.17875764,1,False,52,27
636.0,0.9070601,4.0210195,1.2707025,1.2105263,0.9592760180995475,0.8074279646447722,70.13351287948527,41,0.29960537,1,False,52,28
693.0,0.8704694,3.6910458,1.1664258,1.3157895,0.973314606741573,0.7846111445264431,202.09853133979558,41,0.27501908,1,False,52,29
792.0,0.8920925,3.6954415,1.167815,1.2105263,0.9658536585365853,0.8924603877973697,105.77128208872878,41,0.2753466,1,False,52,30
623.0,0.8423756,2.3412182,0.73986006,0.94736844,0.974960876369327,0.7854005326710326,171.56459868470964,41,0.1744437,1,False,52,31
597.0,0.90475255,4.05316,1.2808594,1.3157895,0.9644588045234249,0.779129999823526,70.13351287948527,41,0.3020002,1,False,52,32
590.0,0.7124028,3.1644068,1.0,1.4736842,0.9688013136288999,0.7984963366526837,94.64866447734218,41,0.23577933,1,False,52,33
457.0,0.6661519,2.6383739,0.8337657,1.1578947,0.9661733615221987,0.7035572386452906,202.09853133979558,41,0.19658473,1,False,52,34
544.0,0.8310914,2.5824304,0.8160867,0.8947368,0.9527145359019265,0.8675375878039324,114.37002362138384,41,0.19241638,1,False,52,35
549.0,0.9249473,3.9940562,1.2621816,1.1578947,0.9597902097902098,0.7231582514408141,157.98908660496573,41,0.29759637,1,False,52,36
726.0,0.84753954,2.946426,0.9311148,1.1052631,0.968,0.7497901185401331,114.37002362138384,41,0.21953762,1,False,52,37
922.0,0.7376759,3.1679416,1.001117,1.3684211,0.9715489989462592,0.719047386294415,162.49462521908737,41,0.23604271,1,False,52,38
570.0,0.78172,2.2202218,0.7016234,1.1052631,0.9595959595959596,0.7673618021749552,130.8815514030669,41,0.16542828,1,False,52,39
624.0,0.7500314,2.490469,0.7870256,1.0526316,0.9734789391575663,0.5530106835862235,130.8815514030669,41,0.18556435,1,False,52,40
590.0,0.8474975,2.9234612,0.92385757,1.0526316,0.9656301145662848,0.7434387643957765,232.52887290189557,41,0.21782652,1,False,52,41
365.0,0.60031164,2.7641096,1.1893021,1.6,0.9554973821989529,0.8824104846785109,110.75783434442218,30,0.32518935,0,False,53,1
896.0,0.7532651,2.3502233,1.0112209,1.2,0.9634408602150538,0.7734485836908898,34.96508931145937,30,0.27649686,1,False,53,2
553.0,0.8165443,2.244786,0.9658548,1.2,0.9804964539007093,0.6246098933305169,61.58275122146965,30,0.26409248,1,False,53,3
558.0,0.81025374,2.4253883,1.0435618,1.3,0.9457627118644067,0.7741175681428102,34.96508931145937,30,0.2853398,1,False,53,4
965.0,0.8727624,2.2980657,0.98877925,1.1333333,0.9314671814671814,0.816196793325357,178.6329527321425,30,0.27036068,1,False,53,5
875.0,0.89273286,2.3881524,1.0275404,1.1333333,0.9689922480620154,0.6875433133419667,55.6674476697699,30,0.2809591,1,False,53,6
680.0,0.7192676,2.152255,0.9260419,1.2333333,0.9686609686609686,0.7693700141789008,31.84581796762619,30,0.25320646,1,False,53,7
874.0,0.7026742,2.1438978,0.9224461,1.2333333,0.9732739420935412,0.7920358572017914,31.84581796762619,30,0.25222325,1,False,53,8
844.0,0.88854665,2.389613,1.0281689,1.1333333,0.9678899082568807,0.7823520783759488,55.6674476697699,30,0.2811309,1,False,53,9
852.0,0.9260104,2.6972613,1.1605395,1.15,0.9692832764505119,0.43332468973149213,93.75533345555651,30,0.31732485,1,False,53,10
617.0,0.64679825,2.263317,0.97382814,1.2,0.9655712050078247,0.6752237508874909,197.33139123680115,30,0.2662726,1,False,53,11
551.0,0.854539,2.2185721,0.9545759,1.2666667,0.9769503546099291,0.5531147244860202,234.91217769712992,30,0.2610085,1,False,53,12
779.0,0.8980895,2.4690628,1.0623535,1.0666667,0.9749687108886108,0.3695751396301252,134.1991997289188,30,0.290478,1,False,53,13
575.0,0.73592496,2.4332173,1.0469303,1.2666667,0.9762308998302207,0.5105156320014387,116.36552741932742,30,0.28626087,1,False,53,14
803.0,0.79485756,2.2663345,0.9751264,1.2,0.9674698795180723,0.8077210201131337,133.63378611054043,30,0.26662758,1,False,53,15
567.0,0.8603451,2.1065843,0.9063913,1.0666667,0.9742268041237113,0.6181670382646257,134.1991997289188,30,0.24783346,1,False,53,16
720.0,0.8793791,2.759537,1.1873345,1.2333333,0.975609756097561,0.4213786981219014,116.36552741932742,30,0.32465142,1,False,53,17
641.0,0.90246856,3.045554,1.3103979,1.3666667,0.9595808383233533,0.6456112822668197,338.0758933010701,30,0.35830045,1,False,53,18
777.0,0.72767055,2.1488202,0.924564,1.2666667,0.9724655819774718,0.6449090843855722,133.63378611054043,30,0.25280237,1,False,53,19
547.0,0.8396673,1.9056064,0.8199174,1.0333333,0.9630281690140845,0.6787203380292731,71.1894342318074,30,0.22418898,1,False,53,20
849.0,0.9208019,3.219317,1.3851622,1.1,0.9725085910652921,0.777751890369815,124.28458385218325,30,0.37874317,1,False,53,21
812.0,0.8341302,1.964491,0.8452534,0.98333335,0.9724550898203593,0.7960175687075097,71.1894342318074,30,0.2311166,1,False,53,22
826.0,0.8959835,2.810129,1.2091026,1.2666667,0.9694835680751174,0.6226889797430778,146.7025289267721,30,0.33060342,1,False,53,23
783.0,0.90273714,2.9952745,1.2887644,1.1333333,0.969059405940594,0.8512898499044717,57.92309055520733,30,0.35238525,1,False,53,24
693.0,0.71652097,2.2896585,0.9851619,1.2666667,0.9665271966527197,0.7350815730770556,83.95022349823942,30,0.2693716,1,False,53,25
754.0,0.8596037,2.0700266,0.89066184,1.0333333,0.9592875318066157,0.8768884422735479,57.92309055520733,30,0.24353254,1,False,53,26
750.0,0.88544834,2.583111,1.1114246,1.2666667,0.9727626459143969,0.8774898858425827,83.95022349823942,30,0.3038954,1,False,53,27
1097.0,0.85359,2.5060163,1.0782533,1.0333333,0.9742451154529307,0.654346497804601,96.647198233641,30,0.29482543,1,False,53,28
738.0,0.8486317,1.7030714,0.7327735,0.8333333,0.9659685863874345,0.7275473029243696,248.64629447796676,30,0.20036134,1,False,53,29
513.0,0.66740817,2.0193632,0.86886305,1.0666667,0.9734345351043643,0.6601004368481359,96.647198233641,30,0.23757215,1,False,53,30
719.0,0.8510676,3.0971122,1.0136313,1.2941177,0.9612299465240641,0.8946542629390557,147.43147211531075,37,0.20647414,1,False,54,1
546.0,0.831624,2.350679,0.76933664,1.0588236,0.975,0.7519695134672478,64.51067985761877,37,0.15671192,1,False,54,2
631.0,0.8548772,2.940617,0.9624132,1.2352941,0.9692780337941628,0.7229679858778021,111.04558278110538,37,0.19604114,1,False,54,3
435.0,0.67977464,2.4881678,0.81433433,1.0588236,0.9666666666666667,0.6525213795960768,179.20443906960134,37,0.16587785,1,False,54,4
571.0,0.82664746,3.5555782,1.1636794,1.5294118,0.9677966101694915,0.5536054501929933,207.8441390660323,37,0.23703855,1,False,54,5
616.0,0.6772027,3.1671124,1.0365412,1.4117647,0.9640062597809077,0.8434784296978158,56.721942760781765,37,0.21114081,1,False,54,6
587.0,0.6895013,2.5809197,0.8446905,1.0,0.9670510708401977,0.4875604243920197,67.73690007682346,37,0.17206132,1,False,54,7
597.0,0.91769964,4.311459,1.411066,1.2352941,0.961352657004831,0.8246333967666893,56.721942760781765,37,0.2874306,1,False,54,8
630.0,0.86346084,3.8721752,1.2672961,1.3529412,0.9459459459459459,0.8612089222791721,144.11882750875859,37,0.25814503,1,False,54,9
564.0,0.87635934,2.5186691,0.8243169,0.7647059,0.967409948542024,0.7891473573266314,67.73690007682346,37,0.16791128,1,False,54,10
433.0,0.57254,2.9031382,0.950147,1.4117647,0.9643652561247216,0.8247507484620847,66.38393657469358,37,0.19354254,1,False,54,11
766.0,0.90044034,3.7217784,1.2180738,1.4117647,0.9611041405269761,0.7478955966166795,144.11882750875859,37,0.24811856,1,False,54,12
487.0,0.8837219,3.2183838,1.0533215,0.9411765,0.9624505928853755,0.4860328944143095,112.45117912949445,37,0.21455891,1,False,54,13
576.0,0.8664488,2.5641341,0.8391968,1.0588236,0.976271186440678,0.660535281123432,106.65378826940741,37,0.17094226,1,False,54,14
544.0,0.7990989,3.1962585,1.0460802,1.3529412,0.9645390070921985,0.6990412404877494,137.79799553878922,37,0.21308391,1,False,54,15
665.0,0.8836621,3.0554621,1.0,1.117647,0.9637681159420289,0.7916263701837504,106.65378826940741,37,0.20369747,1,False,54,16
543.0,0.8501281,3.0939226,1.0125874,1.117647,0.9644760213143873,0.7072166635353255,111.4207847124459,37,0.2062615,1,False,54,17
557.0,0.8963565,5.547048,1.815453,1.3529412,0.9686956521739131,0.847224126281264,132.66919693773335,37,0.36980322,1,False,54,18
682.0,0.86052555,3.6340349,1.1893569,1.5294118,0.9673758865248226,0.6355615526435345,137.79799553878922,37,0.24226898,1,False,54,19
578.0,0.7936563,2.4721148,0.8090805,1.117647,0.9553719008264463,0.8787187106050096,118.66358796440319,37,0.16480765,1,False,54,20
486.0,0.68222386,2.0576131,0.67342126,0.9411765,0.9681274900398407,0.6305553133698882,126.04621509205052,37,0.1371742,1,False,54,21
508.0,0.81509185,2.4879575,0.81426555,1.2352941,0.9676190476190476,0.7363577060245582,100.8655777030456,37,0.16586383,1,False,54,22
665.0,0.8352824,3.0199027,0.988362,1.3529412,0.9693877551020408,0.7936380528644216,70.337756575795,37,0.20132685,1,False,54,23
457.0,0.5963273,2.4541125,0.8031887,1.1764706,0.9641350210970464,0.42627642306406627,100.8655777030456,37,0.16360751,1,False,54,24
478.0,0.88391995,3.3480186,1.0957487,1.2941177,0.9676113360323887,0.7883312051025768,70.337756575795,37,0.22320125,1,False,54,25
684.0,0.84844625,2.503354,0.8193046,1.0588236,0.9785407725321889,0.5313421267540818,126.04621509205052,37,0.16689026,1,False,54,26
593.0,0.89937514,3.6961613,1.2096897,1.4705882,0.9737274220032841,0.6223282831707695,83.45791524299531,37,0.24641074,1,False,54,27
497.0,0.6970529,2.63546,0.86254054,1.3529412,0.9631782945736435,0.37199315998296223,146.7716590590085,37,0.17569733,1,False,54,28
593.0,0.7112125,3.4091854,1.1157675,1.5294118,0.9626623376623377,0.773029911867646,176.4900999775113,37,0.22727904,1,False,54,29
705.0,0.89322215,4.812182,1.574944,1.2941177,0.9670781893004116,0.7964927021510135,164.78565630912368,37,0.3208121,1,False,54,30
715.0,0.88440967,3.9216785,1.2834977,1.0,0.9649122807017544,0.7628273443920304,134.56236000687662,37,0.26144522,1,False,54,31
589.0,0.9038117,3.4162588,1.1180825,1.1764706,0.9655737704918033,0.7608500016249652,179.57916447357735,37,0.22775058,1,False,54,32
474.0,0.85670555,2.6984363,0.8831516,1.117647,0.9693251533742331,0.8216102445068214,99.95658845522516,37,0.17989576,1,False,54,33
698.0,0.74635094,1.7744818,0.58075726,0.7647059,0.9667590027700831,0.7991303191871184,134.56236000687662,37,0.118298784,1,False,54,34
763.0,0.904505,3.3490863,1.0960981,1.117647,0.9633838383838383,0.7488433367484976,99.95658845522516,37,0.22327243,1,False,54,35
662.0,0.7683846,2.9740539,0.9733565,1.3529412,0.976401179941003,0.6428087923646434,48.16435398301628,37,0.19827025,1,False,54,36
605.0,0.6371933,2.6124454,0.85500824,1.2352941,0.968,0.7149252156452988,48.16435398301628,37,0.17416303,1,False,54,37
572.0,0.87350196,2.272533,1.0,1.2962962,0.9645868465430016,0.684760987685936,189.88395580164342,11,0.24062113,1,False,55,1
530.0,0.73419166,2.126974,0.9359486,1.074074,0.9742647058823529,0.6695055272162256,75.80228394550862,11,0.22520903,1,False,55,2
616.0,0.89036167,2.108225,0.9276984,1.1111112,0.9625,0.6054635342623143,251.50006062801327,11,0.22322384,1,False,55,3
472.0,0.62973577,2.376334,1.0456764,1.4444444,0.9535353535353536,0.7209237906545914,75.80228394550862,11,0.25161183,1,False,55,4
701.0,0.873335,2.7196598,1.1967527,1.4074074,0.9682320441988951,0.5283527766665251,182.20730668166823,11,0.287964,1,False,55,5
546.0,0.8372549,2.162054,0.95138514,1.2962962,0.9663716814159292,0.7014511997959263,149.8993693743011,11,0.22892337,1,False,55,6
576.0,0.87496597,2.3367412,1.028254,1.2962962,0.9616026711185309,0.42371697460252933,144.69050702515474,11,0.24741967,1,False,55,7
473.0,0.9038014,2.9408817,1.2940986,1.1481482,0.967280163599182,0.7729525228619055,85.28836483978974,11,0.31138748,1,False,55,8
589.0,0.83055365,2.2871785,1.0064446,1.1481482,0.96875,0.8649157299884586,85.28836483978974,11,0.24217184,1,False,55,9
653.0,0.7530613,1.4778514,0.6503102,0.7777778,0.9717261904761905,0.694085451425415,477.44088121086554,11,0.15647839,1,False,55,10
390.0,0.5681549,1.9861349,0.8739741,1.1111112,0.9582309582309583,0.49328885449505977,583.7498642144602,11,0.21029663,0,False,55,11
919.0,0.87454826,1.6818552,1.0,1.175,0.9714587737843552,0.6658538160326518,195.86543876643506,9,0.2638204,1,False,56,1
627.0,0.87116987,1.8279903,1.0868893,1.125,0.9705882352941176,0.6318909607261127,195.86543876643506,9,0.28674358,1,False,56,2
686.0,0.88934433,1.7198616,1.0225979,1.1,0.9716713881019831,0.6934297167407057,222.24398919463823,9,0.26978222,1,False,56,3
941.0,0.72120607,1.3342454,0.7933177,0.9,0.9731127197518097,0.6262322019025742,312.9992815056642,9,0.20929341,1,False,56,4
531.0,0.8552047,1.7764124,1.056222,1.025,0.9602169981916817,0.696640720983781,239.85733875514956,9,0.27865294,1,False,56,5
691.0,0.82422173,1.898806,1.128995,1.15,0.9746121297602257,0.7014493641216674,222.24398919463823,9,0.29785192,1,False,56,6
576.0,0.6912173,1.5671008,0.93176913,1.125,0.9616026711185309,0.8947877317393165,462.2769064506459,9,0.24581972,1,False,56,7
513.0,0.8232848,1.1453216,0.68098706,0.625,0.9624765478424016,0.8499398228952555,820.3789265667987,9,0.1796583,1,False,56,8
484.0,0.5629639,1.4875,0.88443995,1.025,0.9546351084812623,0.7813453799726692,534.2975621055165,9,0.23333333,1,False,56,9
827.0,0.92055863,3.0282347,1.3940635,1.15,0.9672514619883041,0.6575956134116401,60.90059802362705,16,0.2375086,1,False,57,1
770.0,0.9011714,2.957208,1.3613659,1.15,0.9649122807017544,0.48925881219268996,60.90059802362705,16,0.23193787,1,False,57,2
662.0,0.9048516,2.444864,1.1255057,1.15,0.976401179941003,0.49840967795002106,89.99881734141289,16,0.19175404,1,False,57,3
701.0,0.77855164,1.9318117,0.8893194,0.95,0.9655647382920111,0.3781109875508867,660.414959429781,16,0.15151465,0,True,57,4
553.0,0.711513,2.1099458,0.9713244,1.2,0.968476357267951,0.42093593106180666,322.6950665714974,16,0.16548593,1,False,57,5
601.0,0.6619621,2.234526,1.0286756,1.25,0.9631410256410257,0.6900254421065727,258.5875701471316,16,0.17525694,0,False,57,6
755.0,0.89712507,2.7963576,1.2873176,1.1,0.9484924623115578,0.8899412962337405,233.82274716732567,16,0.21932216,1,False,57,7
954.0,0.9375756,3.5851676,1.6504503,1.15,0.9665653495440729,0.7178325741628656,192.67579374136776,16,0.28118962,1,False,57,8
779.0,0.7919002,1.8741977,0.86279655,1.0,0.9677018633540373,0.6497551698988943,148.55354191269026,16,0.1469959,1,False,57,9
1011.0,0.92250735,2.3618693,1.0872988,1.05,0.9683908045977011,0.7719452916329005,272.0925610312923,16,0.18524466,1,False,57,10
578.0,0.6307144,1.957526,0.90115714,0.85,0.9665551839464883,0.6672099251300381,492.9182437205252,16,0.15353145,1,False,57,11
707.0,0.86556846,1.9679632,0.905962,0.9,0.9738292011019284,0.5040628643755435,149.16982663227265,16,0.15435006,1,False,57,12
669.0,0.86914617,1.8722721,0.8619101,0.9,0.9752186588921283,0.6394386311229817,149.16982663227265,16,0.14684488,1,False,57,13
577.0,0.910572,2.5089254,1.1549968,0.95,0.9681208053691275,0.8333700008462915,77.10538224529672,16,0.19677846,1,False,57,14
587.0,0.7479106,2.1017888,0.9675693,1.1,0.9654605263157895,0.6869440219179651,77.10538224529672,16,0.16484617,1,False,57,15
583.0,0.8358255,1.8051459,0.8310082,0.85,0.9620462046204621,0.7025475140903924,224.22427982507347,16,0.14158006,1,False,57,16
792.0,0.9206774,2.0484138,1.0462332,1.21875,0.972972972972973,0.7412752880346395,225.37672483523767,16,0.25705585,1,False,58,1
431.0,0.6457486,1.9728103,1.0076184,1.3125,0.9472527472527472,0.8501111222441339,180.1459067251453,16,0.24756835,1,False,58,2
585.0,0.9050981,1.8986645,0.9697483,1.109375,0.9685430463576159,0.7925293776387651,217.2199208862002,16,0.23826377,1,False,58,3
850.0,0.9123322,1.9429779,0.9923815,1.0625,0.9770114942528736,0.5934306486223692,143.432212123775,16,0.24382468,1,False,58,4
949.0,0.8459224,2.271437,1.1601429,1.1875,0.9733333333333334,0.5244260246567509,246.89274001283144,16,0.28504306,1,False,58,5
695.0,0.777317,1.9131294,0.9771363,1.125,0.9666203059805285,0.6947165471846076,143.432212123775,16,0.24007899,1,False,58,6
971.0,0.91425055,2.3713312,1.2111642,1.1875,0.969061876247505,0.51892988029265,143.4194574829395,16,0.2975788,1,False,58,7
731.0,0.71431553,2.0952463,1.070153,1.3125,0.966931216931217,0.7317793802800504,143.4194574829395,16,0.26293287,1,False,58,8
632.0,0.7838856,1.6729628,0.85447055,1.125,0.9678407350689127,0.7497935480917255,190.82639919317498,16,0.20994043,1,False,58,9
728.0,0.7171946,1.9779791,1.0102584,1.25,0.9655172413793104,0.7311297908030409,228.64874220368458,16,0.24821699,1,False,58,10
732.0,0.8546716,1.7516223,0.8946461,1.125,0.973404255319149,0.319048693401447,190.82639919317498,16,0.21981142,1,False,58,11
258.0,0.62202466,1.4605136,0.7459615,0.90625,0.9735849056603774,0.5374754016816929,375.2232541936198,16,0.18328014,0,False,58,12
651.0,0.8264751,1.6811635,0.8586591,0.9375,0.9673105497771174,0.7774939330946413,375.2232541936198,16,0.21096954,1,False,58,13
1031.0,0.9256652,2.3482358,1.1993681,1.03125,0.9717247879359096,0.578576328591263,204.34731141641387,16,0.29468057,1,False,58,14
847.0,0.8939741,2.0495498,1.0468134,1.0625,0.9769319492502884,0.5342871372421816,165.411118310613,16,0.25719842,1,False,58,15
1050.0,0.9203324,1.8058035,0.9223193,0.90625,0.9776536312849162,0.5290327191950167,165.411118310613,16,0.22661065,1,False,58,16
757.0,0.89244443,2.280053,1.0,1.1428572,0.9767741935483871,0.699051661962541,186.98977324692484,5,0.25035876,1,True,59,1
750.0,0.7987451,1.9742382,0.8658738,1.1785715,0.9615384615384616,0.661639363134308,186.98977324692484,5,0.21677908,1,False,59,2
931.0,0.8855964,2.190847,0.96087545,1.1071428,0.974869109947644,0.4710325493056126,594.620152462409,5,0.24056359,0,False,59,3
966.0,0.8924329,3.3121116,1.4526469,1.1785715,0.9797160243407708,0.5188900092455414,234.26616936406566,5,0.36368287,1,False,59,4
726.0,0.9209529,3.1641085,1.3877347,1.0714285,0.9718875502008032,0.3002744477782092,234.26616936406566,5,0.34743154,1,False,59,5
729.0,0.9020845,1.967257,1.1760643,1.1884058,0.9630118890356671,0.8877149463724576,517.0579359205991,12,0.5323166,1,False,60,1
886.0,0.90131015,2.3110545,1.381593,1.1304348,0.9746974697469747,0.69743751493088,337.6784931342868,12,0.62534416,1,False,60,2
554.0,0.9252708,2.0965312,1.2533468,1.0434783,0.9618055555555556,0.43628414642677155,294.64827398486506,12,0.5672966,1,False,60,3
361.0,0.57631856,1.525834,0.91217303,1.0289855,0.955026455026455,0.5424289598740074,50.27549879108709,12,0.41287273,1,False,60,4
653.0,0.88901305,1.9028785,1.1375775,1.231884,0.9775449101796407,0.8399395879069442,299.69759541333343,12,0.5148965,1,False,60,5
380.0,0.59454083,1.5417238,0.92167234,1.0869565,0.9595959595959596,0.6117252644898141,50.27549879108709,12,0.41717234,1,False,60,6
507.0,0.85921025,1.6313066,0.97522664,1.173913,0.9638783269961977,0.8393817121421138,97.67648023743553,12,0.4414124,1,False,60,7
496.0,0.7935247,1.3120034,0.784341,0.942029,0.9612403100775194,0.8424977443303816,237.4736923674938,12,0.35501266,1,False,60,8
537.0,0.886793,1.6444823,0.9831033,0.9710145,0.9693140794223827,0.3218206328697049,243.2917359938139,12,0.44497755,1,False,60,9
495.0,0.8413944,1.7010101,1.0168967,1.1449275,0.9630350194552529,0.6452543501538535,97.67648023743553,12,0.46027333,1,False,60,10
1027.0,0.84781486,1.9343381,1.1563847,1.0434783,0.9743833017077799,0.6790686813297164,243.2917359938139,12,0.5234091,1,False,60,11
469.0,0.83411515,1.4537252,0.86906505,0.98550725,0.9730290456431535,0.8448090700981589,277.8472371449603,12,0.39336094,1,False,60,12
405.0,0.77604455,1.6568207,1.0251,1.1728395,0.9551886792452831,0.6178872478150355,32.308966056473935,16,0.5262842,1,False,61,1
472.0,0.66300267,1.6194286,1.001965,1.1481482,0.9516129032258065,0.726773934923771,32.308966056473935,16,0.51440674,1,False,61,2
586.0,0.898066,1.8861922,1.1670157,1.2098765,0.979933110367893,0.6054073113152758,180.20905761414502,16,0.5991434,0,True,61,3
511.0,0.8831511,1.8727018,1.158669,1.1358025,0.9623352165725048,0.7349110437271624,180.20905761414502,16,0.5948582,1,False,61,4
667.0,0.84515977,1.8448554,1.14144,1.1851852,0.9666666666666667,0.6285166529524395,133.4294901396671,16,0.5860129,1,False,61,5
531.0,0.6902995,1.5361186,0.95041984,1.0987654,0.9654545454545455,0.478040194115508,187.77958557613806,16,0.4879436,1,False,61,6
773.0,0.8837937,1.7918324,1.1086339,1.0864197,0.968671679197995,0.5019698338593062,211.43096577659742,16,0.5691703,1,False,61,7
395.0,0.69816834,1.6120956,0.99742794,1.1604939,0.9587378640776699,0.6326324228387661,133.4294901396671,16,0.51207745,1,False,61,8
420.0,0.6542577,1.5616108,0.96619225,1.1234568,0.958904109589041,0.4815802529368185,89.182674758831,16,0.4960411,1,False,61,9
569.0,0.923905,2.1141703,1.3080692,1.0987654,0.9709897610921502,0.706596402678488,89.182674758831,16,0.67156,1,False,61,10
382.0,0.8495226,1.6087196,0.99533916,1.0617284,0.9720101781170484,0.7214949445539818,134.76744697981079,16,0.51100504,1,False,61,11
401.0,0.6261699,1.4959208,0.92554885,1.0617284,0.9639423076923077,0.7701735752403851,120.54154306919838,16,0.4751748,1,False,61,12
634.0,0.88939816,1.6578649,1.0257461,1.074074,0.9753846153846154,0.8129601669905916,120.54154306919838,16,0.5266159,1,False,61,13
480.0,0.8860294,1.5513889,0.9598678,1.0246913,0.9775967413441955,0.6608250711408397,113.57495642864369,16,0.49279413,1,False,61,14
612.0,0.7587018,1.480836,0.91621566,1.0864197,0.9683544303797469,0.5230284052972581,113.57495642864369,16,0.4703832,1,False,61,15
402.0,0.8446103,1.6130767,0.99803495,0.75308645,0.9686746987951808,0.22430153025320135,548.271222480583,16,0.51238906,0,False,61,16
537.0,0.85888195,1.5651243,0.9964295,1.0943396,0.9589285714285715,0.7605661100000345,497.9720550172159,5,0.32530034,1,False,62,1
385.0,0.70161444,1.4758638,0.9396022,1.1132076,0.9625,0.7480133417838634,94.3119081329083,5,0.30674815,1,False,62,2
426.0,0.75844616,1.5707326,1.0,1.1132076,0.9703872437357631,0.7588184901665346,63.504556638253135,5,0.326466,1,False,62,3
414.0,0.6016861,1.6292043,1.0372257,1.1698114,0.965034965034965,0.49641648710249925,63.504556638253135,5,0.3386189,1,False,62,4
446.0,0.822105,1.5720028,1.0008086,0.8679245,0.9509594882729211,0.5549159853241628,591.6410521995125,5,0.32672998,1,False,62,5
675.0,0.8196311,1.812211,0.98782307,1.1818181,0.9698275862068966,0.5365576105099601,178.4112899836084,19,0.23452142,1,False,63,1
620.0,0.8289121,1.7256598,0.9406446,1.030303,0.96875,0.7483266676370015,286.7995046144742,19,0.22332068,1,False,63,2
708.0,0.86763597,1.8169405,0.9904011,1.1515151,0.9779005524861878,0.522594683004682,46.953768965475135,19,0.23513348,1,False,63,3
801.0,0.90833527,2.0228124,1.1026204,1.1818181,0.9709090909090909,0.7203026276425778,123.10721979384498,19,0.2617757,1,False,63,4
651.0,0.84882987,1.9515432,1.063772,1.2121212,0.9559471365638766,0.8106212232709864,123.10721979384498,19,0.25255266,1,False,63,5
1078.0,0.90808326,2.0645978,1.1253972,1.0909091,0.9764492753623188,0.5456067428873532,46.953768965475135,19,0.26718324,1,False,63,6
635.0,0.58735216,1.8345503,1.0,1.1818181,0.9577677224736049,0.7129811393005988,162.14487463222125,19,0.23741238,0,False,63,7
391.0,0.6494058,1.6884445,0.92035884,1.1515151,0.9606879606879607,0.7814731116266073,63.85557047065312,19,0.2185046,1,False,63,8
416.0,0.5804205,1.9959208,1.0879619,1.2727273,0.9607390300230947,0.5909632989569902,119.5082060035922,19,0.25829563,0,False,63,9
942.0,0.9091587,2.2055266,1.2022165,1.060606,0.9741468459152016,0.5633163344500194,65.85939463859614,19,0.2854211,1,False,63,10
529.0,0.779258,1.698459,0.92581767,1.0909091,0.9688644688644689,0.7794750099567166,63.85557047065312,19,0.21980058,1,False,63,11
763.0,0.92156863,2.23742,1.2196014,1.0909091,0.9670468948035488,0.6587673246009877,148.3003429454104,19,0.2895485,1,False,63,12
819.0,0.8235869,1.8561438,1.0117705,1.1212121,0.9796650717703349,0.7421223778013903,132.47954560067288,19,0.24020685,1,False,63,13
1118.0,0.9059981,1.8791403,1.0243057,0.969697,0.9798422436459246,0.42078373554830667,172.73363912329327,19,0.24318285,1,False,63,14
551.0,0.633828,1.6839906,0.917931,1.0909091,0.9700704225352113,0.4921898708939436,174.47561841384015,19,0.2179282,1,False,63,15
958.0,0.8817266,1.6484469,0.8985564,1.0,0.9775510204081632,0.5247620796233317,129.51876758034487,19,0.21332842,1,False,63,16
684.0,0.91429305,2.1997166,1.1990495,0.90909094,0.9647390691114246,0.9003087317347453,174.47561841384015,19,0.2846692,1,False,63,17
782.0,0.8195426,1.6385725,0.89317393,0.969697,0.9775,0.31630455152143017,129.51876758034487,19,0.21205056,0,False,63,18
851.0,0.82998085,1.451483,0.7911928,0.8484849,0.9804147465437788,0.49625128373542393,426.7888340362392,19,0.18783899,1,False,63,19
436.0,0.8908887,2.7855504,1.0708953,1.0833334,0.956140350877193,0.4114344769184555,116.3332870789065,17,0.26216945,1,False,64,1
550.0,0.88002133,2.3629546,0.9084298,1.25,0.9717314487632509,0.595657884152473,101.32145492271607,17,0.22239573,1,False,64,2
785.0,0.69636065,2.9588642,1.1375252,1.4166666,0.9703337453646477,0.6663944320341899,101.32145492271607,17,0.27848133,1,False,64,3
553.0,0.87916183,2.4617994,0.9464303,1.125,0.9600694444444444,0.7210426497155517,209.04571059331354,17,0.23169875,1,False,64,4
633.0,0.8590775,2.7407188,1.0536599,1.1666666,0.9678899082568807,0.7628133553003691,226.00892539813432,17,0.25795,1,False,64,5
1128.0,0.84022737,2.114768,0.81301534,1.0,0.9724137931034482,0.7931186707781867,202.927864702243,17,0.19903699,1,False,64,6
458.0,0.87933046,2.4875364,0.9563249,1.2083334,0.9682875264270613,0.7779156216591723,121.74747925801879,17,0.23412107,1,False,64,7
489.0,0.8870044,2.6011417,1.0,1.1666666,0.9644970414201184,0.31513201285140074,121.74747925801879,17,0.24481334,1,False,64,8
475.0,0.7050815,2.7386844,1.0528778,1.3333334,0.9693877551020408,0.7713476714434757,171.41329412611609,17,0.25775853,1,False,64,9
621.0,0.923823,3.916197,1.5055685,1.2083334,0.971830985915493,0.5525215733986996,90.60151683199885,17,0.36858326,1,False,64,10
740.0,0.77503973,1.9714527,0.75791824,1.0,0.9775429326287979,0.30376321128629163,202.927864702243,17,0.18554848,1,False,64,11
540.0,0.88803196,3.0770833,1.1829741,1.1666666,0.9642857142857143,0.8328951392518033,66.61043965729067,17,0.28960782,1,False,64,12
430.0,0.9070223,2.9197674,1.1224946,1.0833334,0.9728506787330317,0.727843623631647,66.61043965729067,17,0.27480164,1,False,64,13
521.0,0.9102255,3.6568298,1.4058557,1.125,0.9648148148148148,0.5789603507227388,101.12040654264977,17,0.3441722,1,False,64,14
501.0,0.7464679,2.4899368,0.9572477,1.25,0.9671814671814671,0.6699156551892885,163.95929519544356,17,0.234347,1,False,64,15
743.0,0.80910456,2.1666667,0.8329676,0.9166667,0.9712418300653595,0.44369987455709387,360.9101529695113,17,0.20392157,1,False,64,16
483.0,0.6687209,1.3653382,0.5248996,0.625,0.966,0.251200565402568,636.7264980042929,17,0.12850241,0,False,64,17
716.0,0.77566546,2.1113408,0.77494353,1.2,0.9636608344549125,0.7387324951244886,103.87635874576837,16,0.20699419,0,False,65,1
648.0,0.91895425,4.5229015,1.6600794,1.12,0.9642857142857143,0.8829296498576277,191.08807192295308,16,0.4434217,1,False,65,2
416.0,0.7926188,2.5232692,0.92613715,1.38,0.9651972157772621,0.7001180776969638,103.87635874576837,16,0.24737933,1,False,65,3
801.0,0.9203349,3.2125342,1.179124,1.2,0.9756394640682094,0.6559378357930932,222.25675765698307,16,0.31495434,1,False,65,4
624.0,0.8194004,2.174872,0.7982619,1.16,0.9719626168224299,0.41462387016767915,171.00711353649072,16,0.21322273,1,False,65,5
970.0,0.8843178,4.0498557,1.4864533,1.48,0.9768378650553877,0.7079482703583135,203.8264713443956,16,0.39704466,1,False,65,6
725.0,0.8137552,3.7851036,1.389279,1.12,0.9514435695538058,0.8361089444953735,171.00711353649072,16,0.37108856,1,False,65,7
470.0,0.71966624,2.1030638,0.77190554,1.16,0.975103734439834,0.6206144403418636,175.61512169944928,16,0.20618273,0,False,65,8
1064.0,0.8261721,3.5406015,1.2995373,1.48,0.9752520623281393,0.7461286505185561,203.8264713443956,16,0.34711778,1,False,65,9
517.0,0.7039784,2.4036362,0.88222724,1.48,0.9736346516007532,0.5708869047944346,159.16407408114497,16,0.23565061,1,False,65,10
972.0,0.9293392,3.060247,1.1232287,1.24,0.9759036144578314,0.6973173201733931,159.16407408114497,16,0.3000242,1,False,65,11
531.0,0.8993021,2.4830132,0.91136163,1.0,0.9619565217391305,0.7589347435748097,170.29774544803342,16,0.24343266,1,False,65,12
559.0,0.880543,2.5569947,0.9385157,1.12,0.9721739130434782,0.6894644709660795,126.60347857171836,16,0.25068575,1,False,65,13
509.0,0.8991025,2.8920236,1.0614842,1.24,0.975095785440613,0.3975257162237161,170.29774544803342,16,0.28353173,1,True,65,14
539.0,0.72097206,2.0129871,0.7388439,1.0,0.9764492753623188,0.5333478805026372,126.60347857171836,16,0.19735168,1,False,65,15
733.0,0.8882006,3.0624282,1.1240293,1.12,0.9670184696569921,0.862552463093742,217.04396610005884,16,0.30023807,1,False,65,16
642.0,0.87011176,2.4035935,1.0865726,1.1428572,0.9683257918552036,0.8838085486609486,318.84051851654556,20,0.263924,1,False,66,1
646.0,0.69750506,2.155462,0.97440183,1.0714285,0.96274217585693,0.8737376883933902,218.6998097871589,20,0.2366782,1,False,66,2
903.0,0.8635962,2.4071746,1.0881915,1.25,0.9678456591639871,0.8400339872182492,177.4338940615873,20,0.2643172,1,False,66,3
375.0,0.6270745,2.389524,1.0802122,1.3571428,0.9715025906735751,0.2721610832446391,177.4338940615873,20,0.2623791,0,True,66,4
723.0,0.8391723,2.0223277,0.9142169,1.1428572,0.964,0.7592969991772962,79.23130731593488,20,0.2220595,1,False,66,5
395.0,0.679861,2.1239603,0.9601611,1.1428572,0.9634146341463414,0.419809262697982,218.6998097871589,20,0.23321916,1,False,66,6
972.0,0.6993787,2.210685,0.99936604,1.3214285,0.9739478957915831,0.5529823437128072,79.23130731593488,20,0.24274187,1,False,66,7
642.0,0.7169324,2.129951,0.9628693,1.25,0.9683257918552036,0.7944746625322577,84.40951479597399,20,0.23387697,1,False,66,8
916.0,0.8852128,2.2953837,1.0376551,1.2142857,0.9672650475184794,0.8037433954348348,84.29066135207016,20,0.25204214,1,False,66,9
717.0,0.8753849,2.3362222,1.0561166,1.3928572,0.9676113360323887,0.7097529131385857,130.50760601099142,20,0.25652635,1,False,66,10
841.0,0.82526875,2.043613,0.92383915,1.1785715,0.9756380510440835,0.6687945439386502,95.47325321465819,20,0.22439672,1,False,66,11
566.0,0.75251853,2.3488138,1.0618087,1.3035715,0.9725085910652921,0.6757015314704805,276.9900436667003,20,0.25790897,0,False,66,12
648.0,0.8714598,2.4576168,1.1109945,1.4642857,0.9614243323442137,0.8071309253436437,33.8736949678599,20,0.26985598,1,False,66,13
1030.0,0.71959263,2.6041608,1.1772413,1.5,0.9726156751652503,0.6692172520582099,33.8736949678599,20,0.28594708,1,False,66,14
718.0,0.9063739,2.2134898,1.000634,1.2142857,0.9663526244952894,0.6834707301274523,95.47325321465819,20,0.24304986,1,False,66,15
938.0,0.7937707,2.0632806,0.93273014,1.25,0.9740394600207685,0.7733531621610097,172.36500600836538,20,0.22655629,1,False,66,16
923.0,0.8616107,1.9085667,0.8627899,1.0714285,0.9664921465968587,0.6225584952994101,178.37597739439207,20,0.20956811,1,False,66,17
734.0,0.9040124,2.9060433,1.3137109,1.1785715,0.9708994708994709,0.418047327211202,404.139041687447,20,0.31909493,1,False,66,18
482.0,0.7212839,1.6516005,0.7466253,0.89285713,0.9659318637274549,0.7998366084484149,128.86032465049647,20,0.1813522,1,False,66,19
533.0,0.61597323,1.54342,0.69772106,0.85714287,0.9586330935251799,0.7402917570826192,128.86032465049647,20,0.16947356,1,False,66,20
578.0,0.768044,3.8119955,1.0271091,1.2666667,0.961730449251248,0.5732579249427163,167.4170442566086,40,0.22423503,0,True,67,1
567.0,0.92399627,4.339212,1.1691631,1.2666667,0.9708904109589042,0.6278632927710607,125.27397399352746,40,0.25524777,1,False,67,2
973.0,0.9065756,5.766084,1.5536215,1.4,0.9749498997995992,0.5013921042142014,187.23153435250086,40,0.33918142,1,False,67,3
608.0,0.9229618,8.508553,2.2925558,1.2666667,0.9529780564263323,0.7922324033514829,19.977681469544297,40,0.50050306,1,False,67,4
648.0,0.90109533,4.553498,1.2269006,1.2666667,0.9744360902255639,0.6902191607011819,91.31517106663077,40,0.2678528,1,False,67,5
494.0,0.92112416,5.8823214,1.5849406,1.2666667,0.9629629629629629,0.711584147752874,19.977681469544297,40,0.34601888,1,False,67,6
375.0,0.59262747,3.3536,0.9035985,1.4666667,0.959079283887468,0.7324914121781351,32.44568746470358,40,0.19727059,1,False,67,7
528.0,0.81088835,3.5940657,0.96838987,1.3333334,0.9688073394495413,0.5937150413054851,91.31517106663077,40,0.21141562,1,False,67,8
497.0,0.67145616,3.2603621,0.8784764,1.3333334,0.9613152804642167,0.7604594415231722,98.81993399650632,40,0.19178602,1,False,67,9
730.0,0.8128821,3.0589952,0.8242198,1.2,0.9720372836218375,0.7100272463631343,234.70796737785412,40,0.1799409,1,False,67,10
564.0,0.9091364,5.197518,1.4004263,1.2,0.9478991596638655,0.6117867914451527,75.37685105316898,40,0.30573633,1,False,67,11
575.0,0.8712703,4.5321736,1.2211549,1.3333334,0.96964586846543,0.6104047116128626,51.51839844671728,40,0.26659846,1,False,67,12
366.0,0.55671275,2.925683,0.7883,1.3333334,0.9506493506493506,0.7505431538111252,78.1719953118625,40,0.17209901,0,False,67,13
739.0,0.9000611,4.8496165,1.3066872,1.2666667,0.9634941329856584,0.7105462723550072,51.51839844671728,40,0.28527156,1,False,67,14
501.0,0.9010607,6.0801067,1.6382321,1.4666667,0.9634615384615385,0.6612197988446543,34.05131424314183,40,0.35765332,1,False,67,15
563.0,0.89962035,7.0431027,1.897703,1.4666667,0.9673539518900344,0.5898889230740552,33.22898738542984,40,0.41430014,1,False,67,16
501.0,0.8515909,3.53666,0.9529224,1.1333333,0.9579349904397706,0.777945355672819,86.28764507134647,40,0.20803882,1,False,67,17
313.0,0.63713586,3.2370608,0.87219805,1.4666667,0.9571865443425076,0.7484424191096245,46.414366269204656,40,0.19041534,1,False,67,18
476.0,0.89648217,4.9938374,1.3455462,1.3333334,0.967479674796748,0.6598866798946249,34.05131424314183,40,0.29375514,1,False,67,19
735.0,0.80793923,5.5541043,1.4965054,1.6,0.9595300261096605,0.7760927901213791,33.22898738542984,40,0.326712,1,False,67,20
365.0,0.76423305,2.9147031,0.78534156,1.2,0.958005249343832,0.6620464925326219,46.414366269204656,40,0.17145312,1,False,67,21
359.0,0.74728274,4.0501394,1.091275,1.4,0.9755434782608695,0.5995479994378251,36.05615484039501,40,0.23824349,1,False,67,22
728.0,0.9221181,4.6278386,1.2469311,1.0666667,0.9719626168224299,0.7032841428022846,116.03047418096116,40,0.2722258,1,False,67,23
491.0,0.8993411,4.8540397,1.307879,1.0,0.9665354330708661,0.6203564209534397,60.18731571615606,40,0.28553173,1,False,67,24
423.0,0.8468734,3.2901497,0.8865024,1.0,0.9657534246575342,0.821199121024003,36.05615484039501,40,0.19353822,1,False,67,25
313.0,0.74876904,3.2651756,0.8797733,1.1333333,0.9690402476780186,0.6486258744656628,38.74963861361373,40,0.19206916,1,False,67,26
760.0,0.89430344,4.78079,1.2881424,1.1333333,0.9731113956466069,0.5879904146704276,43.1195709291978,40,0.2812229,1,False,67,27
405.0,0.6890923,3.5270782,0.9503407,1.5333333,0.9597156398104265,0.5678909426151836,38.74963861361373,40,0.20747519,1,False,67,28
513.0,0.9178229,6.774399,1.8253032,1.2666667,0.9624765478424016,0.5376043224929843,56.7299084085295,40,0.39849404,1,False,67,29
519.0,0.83902675,3.3956327,0.91492385,1.1333333,0.9646840148698885,0.7934698247594032,22.814606948445167,40,0.19974309,1,False,67,30
526.0,0.7796094,3.0248415,0.8150174,1.0,0.9651376146788991,0.7606837305553524,42.60816744485457,40,0.17793186,1,False,67,31
378.0,0.6175641,3.254321,0.87684864,1.2666667,0.9569620253164557,0.8395222981306657,22.814606948445167,40,0.19143064,1,False,67,32
381.0,0.6758891,3.5727034,0.962634,1.3333334,0.9645569620253165,0.5770679767084772,76.71138588403099,40,0.21015902,0,False,67,33
537.0,0.78689885,2.9926753,0.80635047,1.0666667,0.9675675675675676,0.5922657116326151,63.34560897100292,40,0.17603973,1,False,67,34
356.0,0.704935,3.0048687,0.8096359,1.0666667,0.964769647696477,0.763490502361405,83.83605634737658,40,0.176757,1,False,67,35
489.0,0.5964794,3.6107702,0.9728908,1.6,0.9702380952380952,0.5902901979766683,63.34560897100292,40,0.21239825,1,False,67,36
736.0,0.9052058,4.461413,1.2020891,1.0,0.9761273209549072,0.60176793461742,99.48433946105959,40,0.26243606,1,False,67,37
602.0,0.8686405,4.049723,1.0911629,1.0666667,0.9662921348314607,0.6213346629781481,99.48433946105959,40,0.23821901,1,False,67,38
539.0,0.853505,3.5586889,0.95885795,0.8666667,0.9573712255772646,0.8219852257828818,147.29217476354754,40,0.20933464,1,False,67,39
380.0,0.63095975,2.9078946,0.78350705,0.8666667,0.9476309226932669,0.8649577136152838,147.29217476354754,40,0.17105262,0,True,67,40
619.0,0.6582407,1.476106,1.0,1.0,0.9702194357366771,0.46126895507508703,2000.0,1,0.17944819,1,False,69,1
569.0,0.85435057,2.5995674,1.0,1.1923077,0.964406779661017,0.8590845614999704,353.23675540531156,9,0.26505393,1,False,70,1
815.0,0.89119214,2.759651,1.0615808,1.3076923,0.9690844233055886,0.4405220703682461,64.43892701896284,9,0.28137618,1,False,70,2
576.0,0.75393516,2.2605503,0.86958706,1.2692307,0.964824120603015,0.82812711600908,64.43892701896284,9,0.23048748,1,False,70,3
373.0,0.5329443,2.0638278,0.793912,1.3076923,0.8535469107551488,0.7642529650810069,220.89147499377185,9,0.21042949,1,False,70,4
555.0,0.7989967,2.1399863,0.82320863,1.2307693,0.9635416666666666,0.7820278511806054,302.9660877990534,9,0.21819466,1,False,70,5
754.0,0.9130338,2.9112425,1.119895,1.1538461,0.9691516709511568,0.6892433711120071,239.78329467327399,9,0.29683256,1,False,70,6
426.0,0.8200129,2.3182557,0.89178514,1.0769231,0.9703872437357631,0.5342999803242092,462.02280840978244,9,0.23637116,0,True,70,7
1002.0,0.9365622,4.106825,1.5798109,1.6538461,0.9756572541382668,0.5680139652486906,371.7751223553768,9,0.41873506,1,False,70,8
873.0,0.9302069,2.6730108,1.0282521,1.1923077,0.9754189944134078,0.6205489123357536,239.78329467327399,9,0.2725423,1,False,70,9
576.0,0.58628136,1.4361792,0.97930306,1.1304348,0.9536423841059603,0.7530562504101919,480.9449957528361,3,0.25907546,1,False,71,1
338.0,0.6633717,1.4861718,1.0133921,0.9347826,0.9467787114845938,0.8678754636571789,487.5756549155574,3,0.26809376,0,False,71,2
645.0,0.90208846,1.4665319,1.0,0.95652175,0.9699248120300752,0.8447151031731465,480.9449957528361,3,0.26455083,1,False,71,3
618.0,0.8415318,1.7850153,1.0104353,1.1395348,0.9716981132075472,0.5966009858887061,62.9686904613983,13,0.3010026,1,False,72,1
472.0,0.8681705,1.8130174,1.0262864,1.1395348,0.9731958762886598,0.4628395307180462,62.9686904613983,13,0.3057245,1,False,72,2
727.0,0.8809289,1.9094398,1.0808678,1.0930233,0.9719251336898396,0.8209426353424346,157.2664552165041,13,0.32198396,1,False,72,3
723.0,0.6637974,1.4487118,0.82006556,1.0,0.9743935309973046,0.6898086087048287,337.6929724447026,13,0.24429257,0,False,72,4
572.0,0.9148361,1.974996,1.1179768,1.1162791,0.9694915254237289,0.4978292579196141,157.2664552165041,13,0.33303854,1,False,72,5
374.0,0.53871244,1.5787838,0.89369476,1.1627907,0.85,0.7627822060327916,143.1724641901859,13,0.2662263,0,False,72,6
541.0,0.7435613,1.5822551,0.8956598,1.1395348,0.9712746858168761,0.628148608927739,223.53017168347753,13,0.26681167,0,False,72,7
926.0,0.79157245,1.6810237,0.9515693,1.0930233,0.9819724284199364,0.5509458211310991,107.10702546084782,13,0.28346676,0,False,72,8
666.0,0.86024266,1.7889867,1.0126834,1.1860465,0.9694323144104804,0.5315831691828248,301.5463804063433,13,0.30167228,1,False,72,9
545.0,0.76868504,1.6555153,0.93712986,1.1162791,0.9663120567375887,0.7091338051384288,107.10702546084782,13,0.27916533,1,False,72,10
838.0,0.81083345,1.7768496,1.005813,1.1162791,0.9732868757259001,0.42022083665829224,223.53017168347753,13,0.29962564,0,True,72,11
594.0,0.7609494,1.7665805,1.0,1.1627907,0.9705882352941176,0.6666382030486033,171.46351321436924,13,0.29789397,0,False,72,12
838.0,0.7196313,1.6870732,0.9549937,1.0697675,0.9721577726218097,0.6316009191634792,171.46351321436924,13,0.28448686,0,False,72,13
682.0,0.62485194,1.7700169,0.9520477,1.3333334,0.9673758865248226,0.5977728217209819,545.5352229318423,7,0.22906101,0,False,73,1
866.0,0.8218041,1.9610889,1.0548205,1.1212121,0.9697648376259799,0.6629675257224437,343.6053678474613,7,0.25378796,1,False,73,2
776.0,0.8913635,2.0665417,1.1115409,1.1212121,0.97,0.790535050288786,343.6053678474613,7,0.2674348,1,False,73,3
574.0,0.7368723,1.6264914,0.87484896,0.93939394,0.9728813559322034,0.7072390201482811,160.69115370516758,7,0.21048713,1,False,73,4
877.0,0.9047377,2.407899,1.2951485,1.2121212,0.9722838137472284,0.6087019842129555,473.7003530601432,7,0.31161043,1,False,73,5
763.0,0.91473293,1.8591683,1.0,1.030303,0.9707379134860051,0.7555193035200811,160.69115370516758,7,0.24059825,1,False,73,6
663.0,0.68803126,1.5772659,0.84837174,1.030303,0.9707174231332357,0.7194471657785111,473.7003530601432,7,0.20411676,1,False,73,7
835.0,0.8931267,2.5122755,1.2698928,1.15,0.9698025551684089,0.48915178915415025,427.02428908653724,7,0.39408243,1,False,74,1
549.0,0.89954644,2.3734517,1.1997209,1.025,0.9665492957746479,0.4828020902517881,240.95163081863907,7,0.37230617,1,False,74,2
517.0,0.9056093,1.9783366,1.0,1.125,0.9574074074074074,0.7880231455426006,240.95163081863907,7,0.3103273,1,False,74,3
962.0,0.9294322,3.068971,1.5512886,1.15,0.9736842105263158,0.3853844075070807,205.5900150828987,7,0.4814072,1,False,74,4
592.0,0.8941574,1.7043073,0.861485,1.0,0.9736842105263158,0.7747701767059141,205.5900150828987,7,0.26734233,1,False,74,5
631.0,0.8744974,1.4949683,0.75566936,0.9,0.9677914110429447,0.570767685976688,412.64676776674276,7,0.23450483,1,False,74,6
767.0,0.8447529,1.3532921,0.68405557,0.75,0.9684343434343434,0.7964412675066715,232.33050166138233,7,0.21228111,1,False,74,7
451.0,0.80707794,1.9376941,1.0534687,1.3,0.9698924731182795,0.822809650986198,227.84772758387408,7,0.227964,1,False,75,1
456.0,0.7273564,1.839766,1.000228,1.2333333,0.9620253164556962,0.7311664436783244,227.84772758387408,7,0.21644306,1,False,75,2
449.0,0.75909865,1.8393466,1.0,1.1666666,0.961456102783726,0.7647049361846653,252.0521709747388,7,0.21639372,1,False,75,3
543.0,0.8154191,1.6307551,0.8865947,0.93333334,0.9644760213143873,0.7692001743939948,405.0497455597714,7,0.19185354,1,False,75,4
487.0,0.8271611,1.4808351,0.80508757,0.9,0.9549019607843138,0.69390060053424,126.2676997166565,7,0.1742159,1,False,75,5
413.0,0.84934723,1.5453591,0.8401674,0.8666667,0.9694835680751174,0.6262835793704595,126.2676997166565,7,0.18180697,1,False,75,6
610.0,0.83621347,2.149235,1.1684774,0.93333334,0.976,0.8130140922440255,498.4278448275191,7,0.2528512,1,True,75,7
893.0,0.81077665,2.1840813,1.0222307,1.2692307,0.9706521739130435,0.7422599580312746,200.37866201806145,11,0.22269064,0,False,76,1
1192.0,0.79927623,2.1365836,1.0,1.2692307,0.9794576828266228,0.6146759335271005,200.37866201806145,11,0.21784773,1,False,76,2
860.0,0.78982216,2.154025,1.0081632,1.3846154,0.9772727272727273,0.7775008227325192,275.96529307035865,11,0.21962608,1,False,76,3
1356.0,0.8374053,2.5232584,1.1809782,1.2307693,0.9748382458662832,0.4948919427256952,264.3956928340054,11,0.2572734,1,False,76,4
853.0,0.8797279,1.9911624,0.9319375,1.0769231,0.9759725400457666,0.6627346344375402,56.502140074183,11,0.20302048,1,False,76,5
978.0,0.86862344,1.9043574,0.8913096,1.0769231,0.9760479041916168,0.6940637426194382,56.502140074183,11,0.19416977,1,False,76,6
943.0,0.9072755,2.3421977,1.096235,1.1538461,0.9751809720785936,0.6389505527409223,112.58221319946537,11,0.2388123,1,False,76,7
995.0,0.90510595,2.2080402,1.0334444,1.2307693,0.9783677482792527,0.6054567144886749,112.58221319946537,11,0.22513351,1,False,76,8
721.0,0.6422181,1.6416836,0.76836854,1.0,0.9703903095558546,0.38535251828471195,455.51533384255015,11,0.16738735,1,False,76,9
800.0,0.9094167,1.8622115,0.8715837,1.0384616,0.9685230024213075,0.6746971043884509,410.42106810481425,11,0.18987255,1,False,76,10
643.0,0.71796423,1.7724608,0.8295771,0.96153843,0.9540059347181009,0.8859783410833286,562.3321637625405,11,0.18072149,0,False,76,11
732.0,0.8932872,1.9705464,1.0,1.08,0.9747003994673769,0.28967692364852116,413.365912482586,7,0.19319083,1,False,77,1
937.0,0.9044343,1.906681,0.96759,1.12,0.9709844559585492,0.42443703224910134,404.38234171825366,7,0.1869295,1,False,77,2
1110.0,0.9282,2.2893693,1.1617942,1.04,0.9788359788359788,0.7180116388900082,173.43968879319956,7,0.22444798,1,False,77,3
1140.0,0.6700069,2.2513332,1.1424919,1.32,0.9777015437392796,0.7352202769911163,173.43968879319956,7,0.22071895,1,False,77,4
481.0,0.73803765,1.4401664,0.7308462,0.68,0.9658634538152611,0.6145820868300405,612.4549525898354,7,0.14119278,0,False,77,5
712.0,0.8505453,1.5844944,0.80408883,0.84,0.9608636977058029,0.8405910638363556,272.6763499359075,7,0.15534258,1,False,77,6
654.0,0.60759735,1.9841591,1.006908,1.2,0.9688888888888889,0.7705813927187013,249.38966930377515,7,0.1945254,0,False,77,7
782.0,0.64934564,1.7813008,1.0,1.1818181,0.9714285714285714,0.6532904439323006,109.3778144683346,5,0.30736172,1,False,78,1
708.0,0.7670046,1.6698768,0.93744797,1.1590909,0.9725274725274725,0.6627443093757756,109.3778144683346,5,0.28813562,1,False,78,2
793.0,0.8845338,2.2702913,1.2745131,1.1590909,0.9647201946472019,0.5629219343338091,478.74831849351557,5,0.39173654,1,False,78,3
827.0,0.91409063,1.9153018,1.0752265,1.0,0.9605110336817654,0.8335765278417414,705.7322487763223,5,0.33048344,1,False,78,4
842.0,0.88276285,1.5639981,0.87800896,0.8636364,0.9734104046242774,0.8211076097190024,485.2628425647261,5,0.26986635,1,False,78,5
710.0,0.8523723,1.9515961,0.8614817,1.1333333,0.9739368998628258,0.45557865830680583,250.1529830215867,18,0.22959955,1,False,79,1
600.0,0.8890915,2.022389,0.89273137,1.2333333,0.9693053311793215,0.5636363206111424,130.1524149445161,18,0.23792809,1,False,79,2
726.0,0.8306325,2.2670338,1.0007236,1.2333333,0.9771197846567967,0.49987557988058184,207.71254406250668,18,0.26670986,1,False,79,3
760.0,0.9193344,1.9173245,0.8463534,1.0666667,0.9768637532133676,0.7586763505883407,130.1524149445161,18,0.2255676,1,False,79,4
615.0,0.66751474,1.756206,0.77523184,1.0,0.9731012658227848,0.6855277870913333,449.5890762153295,18,0.20661247,1,False,79,5
790.0,0.86874163,2.2637553,0.99927634,1.2,0.9705159705159705,0.776062576641058,177.5644378893535,18,0.26632416,1,False,79,6
809.0,0.9201193,2.1332922,0.94168675,1.1333333,0.9723557692307693,0.55312088064902,161.4847120563587,18,0.25097555,1,False,79,7
788.0,0.9313129,2.3529189,1.0386353,1.2333333,0.9716399506781751,0.6733136371612313,170.73960997510397,18,0.27681398,1,False,79,8
948.0,0.8249483,2.4501407,1.0815513,1.3333334,0.973305954825462,0.4752565966300408,33.38936333115745,18,0.28825185,1,False,79,9
676.0,0.9238601,3.3426034,1.475506,1.0666667,0.9712643678160919,0.38928295623251974,283.28752538497145,18,0.3932475,1,False,79,10
567.0,0.543196,2.1840682,0.96410054,1.4166666,0.9692307692307692,0.7234936526991268,33.38936333115745,18,0.25694922,1,False,79,11
808.0,0.9234566,2.807962,1.2395023,1.2333333,0.9676646706586827,0.6961324996044396,161.4847120563587,18,0.33034846,1,False,79,12
757.0,0.8957288,2.9633641,1.3081006,1.3,0.9742599742599742,0.7027067278229908,184.88699626423684,18,0.34863108,1,False,79,13
986.0,0.77271205,2.42096,1.0686703,1.3,0.9714285714285714,0.6480890471434965,190.67994382289868,18,0.28481883,1,False,79,14
716.0,0.8850751,2.259311,0.9973145,1.1666666,0.9754768392370572,0.6224460485001774,167.5666058922542,18,0.26580128,1,False,79,15
576.0,0.90915036,2.3041666,1.0171149,1.1,0.9795918367346939,0.7966203386150995,155.43830209499532,18,0.27107844,1,False,79,16
642.0,0.8727323,2.1147456,0.9334999,1.1333333,0.9553571428571429,0.7517117979362241,155.43830209499532,18,0.2487936,1,False,79,17
606.0,0.9147479,2.719692,1.2005378,1.0333333,0.9758454106280193,0.8588758792838912,239.9849989154736,18,0.31996375,0,True,79,18
732.0,0.67757964,1.6328027,1.0153577,1.1730769,0.9606299212598425,0.7493323281980011,384.65856455767835,6,0.33296368,0,False,80,1
611.0,0.73815346,1.4006042,0.8709652,1.0,0.9683042789223455,0.5440045036888744,326.2901562442864,6,0.28561342,1,False,80,2
967.0,0.9083683,2.142968,1.3326037,1.1153846,0.9650698602794411,0.40976503425981875,230.1642348273597,6,0.43699738,1,False,80,3
931.0,0.8882248,1.5834091,0.98464227,0.96153843,0.9728317659352143,0.6666604964720624,326.2901562442864,6,0.32289127,1,False,80,4
1106.0,0.92722046,2.3814683,1.4809151,1.0192307,0.9787610619469026,0.7905977375183585,110.48447967260341,6,0.48563275,1,False,80,5
751.0,0.63145614,1.5541841,0.96646875,0.96153843,0.9740596627756161,0.5030287503090493,110.48447967260341,6,0.31693166,1,False,80,6
753.0,0.7394839,1.6736465,0.8244618,1.1860465,0.9641485275288092,0.7706927380426589,114.84080002990974,14,0.28222272,1,False,81,1
288.0,0.54106754,1.6229005,0.7994636,1.1162791,0.7912087912087912,0.8412841586777076,241.39895003605466,14,0.27366558,0,False,81,2
730.0,0.92167073,2.58302,1.272432,1.2093023,0.9694555112881806,0.6679643628479758,281.67314677506545,14,0.4355681,1,False,81,3
649.0,0.86456394,1.7640377,0.8689898,1.1627907,0.9657738095238095,0.7682478944225007,93.21781217059468,14,0.29746518,1,False,81,4
716.0,0.9237649,2.7814407,1.3701769,1.1627907,0.9715061058344641,0.7557344994779932,93.21781217059468,14,0.46902725,1,False,81,5
666.0,0.881452,2.1571686,1.0626516,1.1627907,0.9694323144104804,0.3582635010398233,241.39895003605466,14,0.36375785,1,False,81,6
570.0,0.60081875,1.6928601,0.83392674,1.1860465,0.9595959595959596,0.7897626041167118,154.82209990701884,14,0.28546268,1,False,81,7
477.0,0.65021586,2.1217396,1.0451988,1.3023256,0.9774590163934426,0.7220159407918475,37.54442695845014,14,0.35778353,1,False,81,8
646.0,0.8903114,1.99802,0.9842528,1.0930233,0.9728915662650602,0.7754756677803007,154.82209990701884,14,0.33692104,1,False,81,9
551.0,0.88176936,2.2591484,1.1128883,1.1860465,0.9666666666666667,0.675578937549397,37.54442695845014,14,0.3809544,1,False,81,10
622.0,0.77670383,2.061953,1.0157471,1.2093023,0.9749216300940439,0.7039732342140429,49.45810838387678,14,0.3477019,1,False,81,11
797.0,0.86709964,2.1575384,1.0628338,1.1162791,0.9791154791154791,0.4136828221230537,148.82411669635437,14,0.36382023,1,False,81,12
679.0,0.8121458,1.8634791,0.9179761,1.0232558,0.9672364672364673,0.6255272671226697,294.91193771391943,14,0.31423372,1,False,81,13
339.0,0.6641911,1.4081773,0.693688,0.81395346,0.9603399433427762,0.7682715769573945,294.91193771391943,14,0.23745735,1,False,81,14
370.0,0.8567674,2.0291195,1.0,1.0967742,0.9685863874345549,0.7185952874828901,481.1078323894152,13,0.24667726,1,False,82,1
759.0,0.8328037,2.3625739,1.1643345,1.1935484,0.9559193954659949,0.9321286764101805,208.2167866620611,13,0.28721488,1,False,82,2
537.0,0.8119619,2.0078692,0.98952734,1.1612903,0.9710669077757685,0.763031069170212,82.12141742365004,13,0.24409391,1,False,82,3
502.0,0.8202563,1.8369747,0.90530634,1.0645162,0.9598470363288719,0.8266215376989351,82.12141742365004,13,0.2233185,1,False,82,4
403.0,0.55701846,1.4720243,0.7254498,0.83870965,0.9415887850467289,0.9067776335520854,208.2167866620611,13,0.17895198,1,False,82,5
688.0,0.8685477,2.080692,1.0254163,1.1290323,0.9635854341736695,0.8334515674426398,47.062822636540155,13,0.25294688,1,False,82,6
571.0,0.73972046,2.0789785,1.0245718,1.2258065,0.9727427597955707,0.7323823875959492,47.062822636540155,13,0.25273857,1,False,82,7
578.0,0.788527,1.9531198,0.96254545,1.2580645,0.961730449251248,0.8867613453102549,36.38309977893644,13,0.23743808,1,False,82,8
686.0,0.9144343,3.8470798,1.8959355,1.2419355,0.9607843137254902,0.8876060440131309,36.38309977893644,13,0.4676842,1,False,82,9
612.0,0.68034095,1.8514127,0.9124217,1.1612903,0.9637795275590552,0.7796488492914209,138.13239256001805,13,0.2250737,1,False,82,10
522.0,0.90139735,2.9850452,1.4711037,1.3225807,0.9666666666666667,0.7009302332503797,31.18592266544699,13,0.36288783,1,False,82,11
621.0,0.8352436,3.4077191,1.6794078,1.516129,0.9703125,0.7567160781922935,31.18592266544699,13,0.4142717,1,False,82,12
275.0,0.6773333,1.393783,0.68689054,0.6451613,0.9581881533101045,0.7968316932981808,428.26200882111704,13,0.16944028,1,False,82,13
731.0,0.859816,2.3047736,0.83929485,1.1052631,0.9618421052631579,0.7844705177611189,76.6766475760226,24,0.17172824,1,False,83,1
694.0,0.6641917,2.3267102,0.8472832,1.1052631,0.9733520336605891,0.36513113054481006,76.6766475760226,24,0.17336272,0,False,83,2
622.0,0.7979698,2.9350145,1.0688002,1.1578947,0.9795275590551181,0.8344834384898925,177.42921630446344,24,0.21868736,1,False,83,3
695.0,0.7648583,2.7699356,1.008686,1.4210526,0.9612724757952974,0.7770482585114709,273.29814937422185,24,0.20638736,0,False,83,4
653.0,0.8770681,2.2740388,0.82810265,1.2105263,0.9790104947526237,0.6810331114027698,277.2126594999491,24,0.16943818,1,False,83,5
593.0,0.87853056,3.3753438,1.2291484,1.2105263,0.967373572593801,0.7513971173492644,48.96979173083972,24,0.2514962,1,False,83,6
546.0,0.7751059,2.6006362,0.9470347,1.2105263,0.9578947368421052,0.812645554158024,126.81575861981842,24,0.19377288,1,False,83,7
648.0,0.8837509,3.22807,1.1755179,1.1578947,0.9614243323442137,0.8280881681153568,48.96979173083972,24,0.24052288,1,False,83,8
714.0,0.9097875,3.729471,1.3581055,1.1578947,0.9661705006765899,0.8307389074568767,159.01364173356265,24,0.27788216,1,False,83,9
449.0,0.7970043,3.4816554,1.2678623,1.3157895,0.9697624190064795,0.8240975184122974,105.71883951885626,24,0.25941744,0,False,83,10
728.0,0.7374004,2.8201272,1.0269635,1.3157895,0.9758713136729222,0.627748062336535,99.02946768876647,24,0.21012713,1,False,83,11
652.0,0.9041381,2.7222311,0.9913141,1.1578947,0.9616519174041298,0.8057715360285916,105.71883951885626,24,0.2028329,1,False,83,12
600.0,0.874268,2.6955264,0.98158944,1.0526316,0.975609756097561,0.8043360413964581,99.02946768876647,24,0.20084314,1,False,83,13
588.0,0.86591965,2.352757,0.85676825,1.1052631,0.971900826446281,0.5759553972560842,159.5109183832904,24,0.17530346,1,False,83,14
749.0,0.9122699,2.858267,1.0408523,1.0526316,0.9652061855670103,0.7773580085614863,27.728690158401157,24,0.21296893,1,False,83,15
738.0,0.9123333,3.5449295,1.2909039,1.1052631,0.9736147757255936,0.5829003780390757,45.45060416661844,24,0.264132,1,False,83,16
505.0,0.74100566,2.103283,0.76592106,1.1578947,0.9692898272552783,0.6072515151658341,35.605358128496164,24,0.1567152,0,False,83,17
428.0,0.7632032,2.3368175,0.85096383,1.1578947,0.963963963963964,0.6105876186666201,27.728690158401157,24,0.1741158,0,False,83,18
654.0,0.90739346,2.8198936,1.0268784,1.0,0.96602658788774,0.5661210958194922,45.45060416661844,24,0.21010973,1,False,83,19
613.0,0.7535873,2.0097878,0.7318743,0.8947368,0.9593114241001565,0.8599735993102167,144.97389578867327,24,0.1497489,0,False,83,20
1020.0,0.8134295,2.9271412,1.0659331,1.1578947,0.9659090909090909,0.7932960005570456,122.1416814353498,24,0.21810073,1,False,83,21
539.0,0.8917531,2.5083487,0.91342777,0.8947368,0.9676840215439856,0.4759982448926649,172.00378331482048,24,0.18689658,1,False,83,22
657.0,0.88885915,2.2782984,0.8296538,0.8947368,0.9733333333333334,0.8207014475317206,172.00378331482048,24,0.16975556,1,False,83,23
213.0,0.85961515,3.079318,1.1213491,0.8947368,0.9508928571428571,0.5396072530219387,382.56354330068694,24,0.22943938,0,False,83,24
615.0,0.9022605,1.9649955,1.1829247,1.1944444,0.9609375,0.8264299754634711,1080.0735765189754,3,0.27741113,1,False,84,1
1009.0,0.7949241,1.6611332,1.0,1.0,0.9777131782945736,0.5533717714556812,462.8282058736825,3,0.23451291,1,False,84,2
644.0,0.6840154,1.5952811,0.9603571,1.0833334,0.9772382397572079,0.5851999269629623,462.8282058736825,3,0.22521617,1,False,84,3
513.0,0.59847873,2.6383367,1.0956869,1.4666667,0.9661016949152542,0.6002829362732983,157.2460777434008,7,0.15519628,1,False,86,1
454.0,0.8099076,2.4079294,1.0,1.0666667,0.9700854700854701,0.47707855848638736,316.91392657105183,7,0.14164291,1,False,86,2
352.0,0.8434715,3.361553,1.3960347,1.3333334,0.9513513513513514,0.6638579984522722,876.1488137416283,7,0.19773841,1,False,86,3
547.0,0.83359504,2.2553322,0.9366272,1.1333333,0.9698581560283688,0.5130733945606201,277.86008148614786,7,0.1326666,1,False,86,4
570.0,0.7769178,2.2568421,0.93725425,1.2,0.9726962457337884,0.5640119603357027,157.2460777434008,7,0.13275541,1,False,86,5
460.0,0.86128724,2.6892753,1.1168414,1.1333333,0.9663865546218487,0.6369932532853566,378.57759618650664,7,0.15819266,1,False,86,6
451.0,0.6081649,2.1445677,0.8906273,1.1333333,0.9761904761904762,0.5622371315550573,378.57759618650664,7,0.12615104,1,False,86,7
579.0,0.89645433,1.9882555,1.0334661,1.1142857,0.9617940199335548,0.8417366625363384,98.37897945856076,5,0.2728978,1,False,87,1
620.0,0.8917205,1.923871,1.0,1.1714286,0.96875,0.7257642919836635,98.37897945856076,5,0.26406074,1,False,87,2
642.0,0.8566672,1.9102358,0.9929126,1.1142857,0.963963963963964,0.8026060698675059,253.3086634123694,5,0.26218924,1,False,87,3
673.0,0.8938846,2.3018892,1.1964883,1.0571429,0.9655667144906743,0.760093969682514,542.8711798879805,5,0.3159456,1,False,87,4
517.0,0.620154,1.6055816,0.83455783,0.9714286,0.9609665427509294,0.6271428832696909,253.3086634123694,5,0.22037396,1,False,87,5
742.0,0.9142751,1.9748316,0.99307257,1.025,0.9699346405228758,0.7369158588607745,175.27625834892476,8,0.3097775,1,False,88,1
587.0,0.90159345,2.1758518,1.0941585,1.075,0.9622950819672131,0.3252508580433205,170.10595432639198,8,0.34131008,1,False,88,2
944.0,0.91057664,2.0023835,1.0069275,1.125,0.9701952723535457,0.8295289613769902,680.6666255983613,8,0.31409937,1,False,88,3
645.0,0.92058975,2.0691085,1.0404811,1.0,0.9728506787330317,0.7193643123811672,238.64856548827464,8,0.32456607,1,False,88,4
637.0,0.64339584,1.5411695,0.7749993,1.075,0.9666160849772383,0.8112451109179833,170.10595432639198,8,0.24175209,0,False,88,5
642.0,0.7883941,1.6200155,0.81464815,0.975,0.9625187406296851,0.6921079929104412,264.13846889381085,8,0.25412008,1,False,88,6
440.0,0.5668806,1.5253977,0.7670682,1.075,0.9606986899563319,0.7397524610920365,446.75626696203295,8,0.23927806,1,False,88,7
587.0,0.91749334,2.108518,1.0602987,1.025,0.9686468646864687,0.768612282572928,446.75626696203295,8,0.3307479,1,False,88,8
763.0,0.81607693,2.0407448,1.0,1.2058823,0.9732142857142857,0.5520865097496843,2000.0,1,0.27209932,1,False,89,1
418.0,0.8092973,2.199043,1.1239622,1.1,0.9720930232558139,0.8352729872424237,781.7912489824804,6,0.25871095,0,True,90,1
437.0,0.5666712,2.0443175,1.0448798,1.3666667,0.9583333333333334,0.8772516429370845,282.2967376240672,6,0.24050793,1,False,90,2
936.0,0.68749374,2.382621,1.2177916,1.3666667,0.9719626168224299,0.6368415341947026,282.2967376240672,6,0.28030837,0,False,90,3
650.0,0.8304615,1.7753333,0.9073981,1.1666666,0.9687034277198212,0.7899322450484042,575.0545368753252,6,0.20886274,1,False,90,4
655.0,0.82011074,1.8687023,0.9551203,1.0666667,0.9675036927621861,0.7068830846706826,172.20348132895666,6,0.21984734,1,False,90,5
381.0,0.5690701,1.7686789,0.90399694,1.1333333,0.9407407407407408,0.8615759771088236,172.20348132895666,6,0.20807987,1,False,90,6
562.0,0.6888354,2.9705484,1.3113147,2.2068965,0.9689655172413794,0.6506712612948208,1050.1602474806482,6,0.3378271,0,False,91,1
661.0,0.7081309,1.9568574,0.86383235,1.3103448,0.9593613933236574,0.3257806433018704,162.01389038970717,6,0.22254458,1,False,91,2
553.0,0.8850548,2.5384424,1.1205664,1.3793104,0.9735915492957746,0.7810150366393537,162.01389038970717,6,0.28868562,1,False,91,3
340.0,0.5909227,1.8911765,0.8348383,1.1724138,0.8900523560209425,0.7049993381553935,216.00411746297698,6,0.21507497,1,False,91,4
819.0,0.9126051,3.079239,1.3592949,1.2068965,0.9635294117647059,0.7828832505216783,235.2637684162389,6,0.35018796,1,False,91,5
610.0,0.82823527,1.992199,0.8794335,1.1034483,0.9728867623604466,0.8122737693406058,307.3290223989417,6,0.2265638,1,False,91,6
570.0,0.7878157,1.6746979,0.9884744,1.1333333,0.9743589743589743,0.6745256739311529,232.30254776894043,6,0.2955349,1,False,92,1
651.0,0.79353637,1.9757638,1.1661757,1.1333333,0.9745508982035929,0.7127047486472825,232.30254776894043,6,0.3486642,1,False,92,2
545.0,0.69899625,1.68,0.9916039,1.1666666,0.9628975265017667,0.8133232870531428,370.89259733927446,6,0.29647058,1,False,92,3
674.0,0.7253913,1.4036927,0.8285162,0.95555556,0.9697841726618706,0.5196722516135216,791.609421467608,6,0.24771048,1,False,92,4
539.0,0.7905053,1.7671409,1.043038,1.0444444,0.964221824686941,0.6006354458911478,410.30248947793416,6,0.3118484,1,False,92,5
1194.0,0.7883076,1.7084496,1.008396,0.93333334,0.9794913863822805,0.31946416460528493,637.0741220826384,6,0.3014911,1,False,92,6
746.0,0.8011407,2.1588688,1.0562445,1.0645162,0.9713541666666666,0.7380843166623855,566.927090279382,9,0.26245072,1,False,93,1
263.0,0.8643853,2.360726,1.1550049,1.1612903,0.9704797047970479,0.20143047714904827,317.79942846148623,9,0.28699023,0,False,93,2
631.0,0.9072682,2.170697,1.0620316,1.0645162,0.9752704791344667,0.7561679899086873,317.79942846148623,9,0.26388863,1,False,93,3
719.0,0.8818948,2.032931,0.9946285,1.1290323,0.972936400541272,0.5392335167364359,198.87916530073323,9,0.24714063,1,False,93,4
890.0,0.694457,1.8652773,0.9126024,1.0967742,0.973741794310722,0.6351508655020692,198.87916530073323,9,0.22675921,0,False,93,5
824.0,0.9310346,3.0275996,1.4812783,1.1290323,0.9728453364817001,0.7001631450968901,154.7845795341442,9,0.36806113,1,False,93,6
562.0,0.68074805,2.04391,1.0,1.1612903,0.9656357388316151,0.4708540726854851,215.98537550872925,9,0.24847533,0,False,93,7
686.0,0.60027444,2.0166461,0.9866609,1.2903225,0.9689265536723164,0.6098057474785334,154.7845795341442,9,0.24516091,0,False,93,8
618.0,0.86308134,1.5210878,0.7442049,0.8064516,0.9809523809523809,0.3081875634530375,320.85378883105244,9,0.18491656,1,False,93,9
942.0,0.89550805,1.9624392,1.0,1.117647,0.9731404958677686,0.7394082967891059,344.23822603487474,9,0.26165855,1,False,94,1
1010.0,0.867152,2.095457,1.0677819,1.117647,0.974903474903475,0.738596894426982,47.036747532960504,9,0.2793943,1,False,94,2
1058.0,0.79589313,1.7982875,0.9163532,1.1470588,0.9670932358318098,0.7546988372856321,47.036747532960504,9,0.23977168,1,False,94,3
1065.0,0.9125141,2.1775477,1.1096128,0.88235295,0.9797608095676172,0.4213428527422123,281.44317565446727,9,0.29033968,1,False,94,4
691.0,0.89977586,2.1156893,1.0780916,1.1470588,0.9650837988826816,0.47499850180267744,377.75043054297544,9,0.2820919,1,False,94,5
510.0,0.57787776,1.7316031,0.8823729,1.1470588,0.9751434034416826,0.6319679178067833,361.32714432247207,9,0.23088042,1,False,94,6
1013.0,0.729226,1.4732013,0.7506991,0.7941176,0.9825412221144519,0.42622303036843295,281.44317565446727,9,0.19642684,1,False,94,7
692.0,0.8666893,2.0734444,1.0565649,1.0882353,0.969187675070028,0.7138213765708338,361.32714432247207,9,0.27645925,1,False,94,8
792.0,0.8441622,1.5816251,0.8059486,0.85294116,0.9717791411042945,0.7515706167581044,360.76792557091085,9,0.21088335,1,False,94,9
574.0,0.8945276,2.8754935,1.4512792,1.2666667,0.9679595278246206,0.6142525026532765,574.3617097422332,9,0.33829337,1,False,95,1
681.0,0.648222,1.981351,1.0,1.1666666,0.9756446991404012,0.5976398845422102,280.595902072389,9,0.23310012,1,False,95,2
724.0,0.8844763,2.0402396,1.0297214,1.1333333,0.9692101740294511,0.5526585494842224,280.595902072389,9,0.24002817,1,False,95,3
649.0,0.8564972,1.6900872,0.85299736,0.9,0.9730134932533733,0.7768230814821542,96.46716748288087,9,0.1988338,1,False,95,4
607.0,0.8121911,1.7843493,0.90057206,0.93333334,0.9712,0.5499380437754129,88.3310477318225,9,0.20992345,1,False,95,5
833.0,0.6937081,1.7206882,0.8684419,0.9,0.969732246798603,0.6212483241236524,88.3310477318225,9,0.20243391,1,False,95,6
564.0,0.90513146,2.6822696,1.3537579,1.1,0.967409948542024,0.6687617886428234,281.63774699205794,9,0.31556112,1,False,95,7
779.0,0.8982607,1.4918698,0.75295585,0.76666665,0.9701120797011208,0.6155819326500552,152.64006673123893,9,0.1755141,1,False,95,8
715.0,0.8691732,2.6420512,1.3334595,1.0333333,0.9662162162162162,0.6586852605092461,281.63774699205794,9,0.31082955,1,False,95,9
652.0,0.8811741,2.5796692,0.9915436,1.1666666,0.9616519174041298,0.7093188564413936,209.69450441730277,26,0.1820943,1,False,96,1
529.0,0.71725416,2.3158998,0.89015895,1.3333334,0.9796296296296296,0.6308985994197014,127.32240418412626,26,0.16347529,1,False,96,2
740.0,0.8268893,3.1053305,1.1935912,1.3888888,0.9775429326287979,0.7119583688338655,45.73356321013974,26,0.21919979,1,False,96,3
545.0,0.842281,2.7545362,1.058757,1.2222222,0.9714795008912656,0.7077650339042773,127.32240418412626,26,0.19443785,1,False,96,4
957.0,0.81639105,2.9794495,1.1452066,1.3888888,0.9725609756097561,0.7207965419760546,128.7846863369188,26,0.2103141,1,False,96,5
519.0,0.86895615,3.1522157,1.2116125,1.3333334,0.9664804469273743,0.8429580668378034,45.73356321013974,26,0.22250934,1,False,96,6
654.0,0.7208011,2.4470778,0.9405796,1.2777778,0.9688888888888889,0.860564796006346,174.74326485665668,26,0.1727349,1,False,96,7
668.0,0.8738758,2.8857286,1.1091832,1.2222222,0.9737609329446064,0.7591385148760471,110.13979148409531,26,0.20369849,1,False,96,8
814.0,0.91836977,3.620939,1.3917749,1.2777778,0.9702026221692491,0.7372486138519987,110.13979148409531,26,0.25559568,1,False,96,9
608.0,0.9248065,4.78792,1.8403256,1.3888888,0.9666136724960255,0.7450147541265397,69.48974881158561,26,0.33797085,1,False,96,10
602.0,0.8653313,2.4840345,0.95478463,1.1111112,0.9694041867954911,0.49968137576751914,145.33140352691336,26,0.17534362,1,False,96,11
606.0,0.7541643,2.6236708,1.0084565,1.3888888,0.9603803486529319,0.6142669286341351,31.63261155785203,26,0.18520029,1,False,96,12
636.0,0.8339191,3.0211391,1.1612307,1.3888888,0.9607250755287009,0.7761163643557373,31.63261155785203,26,0.21325688,1,False,96,13
527.0,0.8180601,2.5448027,0.97814196,1.2777778,0.9547101449275363,0.7878203766597829,43.47915140344523,26,0.17963314,1,False,96,14
353.0,0.62778425,2.0972617,0.8061213,1.1666666,0.9724517906336089,0.43537729919334506,145.33140352691336,26,0.148042,1,False,96,15
675.0,0.9003922,3.316214,1.2746482,1.2222222,0.9588068181818182,0.7658348888036437,168.1795399946469,26,0.2340857,1,False,96,16
969.0,0.90377796,3.7135649,1.4273773,1.4444444,0.969,0.8062143954657398,84.13054322175684,26,0.262134,1,False,96,17
592.0,0.73562527,2.1268768,0.81750447,1.1666666,0.9563812600969306,0.8178771207892747,160.5241284499472,26,0.15013248,1,False,96,18
556.0,0.6029201,2.172362,0.8349876,1.0,0.9619377162629758,0.7327729005878655,162.5542370708116,26,0.1533432,1,False,96,19
459.0,0.6803794,1.9782134,0.7603629,0.8888889,0.9683544303797469,0.6812332245516219,77.58158839374164,26,0.13963859,1,False,96,20
684.0,0.90475297,3.1638238,1.2160742,1.1111112,0.9757489300998573,0.8152807098307773,114.5212230501513,26,0.22332874,1,False,96,21
755.0,0.6649422,2.8145695,1.0818318,1.4444444,0.9691912708600771,0.6416391819938095,73.3636847302639,26,0.1986755,1,False,96,22
624.0,0.8916289,2.1544695,0.8281102,0.8888889,0.96,0.5991548914209601,114.5212230501513,26,0.1520802,1,False,96,23
479.0,0.6118466,1.9937369,0.76632965,1.0555556,0.9676767676767677,0.6205302513507633,77.58158839374164,26,0.14073437,1,False,96,24
602.0,0.8423751,2.4325397,0.93499166,1.1111112,0.9678456591639871,0.7419321961361679,73.3636847302639,26,0.17170867,1,False,96,25
764.0,0.92244124,2.5162885,0.96718204,0.6666667,0.9707750952986023,0.4598894461506457,179.72669469177688,26,0.17762037,1,False,96,26
462.0,0.7219336,2.1287446,1.0,1.28,0.9565217391304348,0.7940587630214024,280.59838101721334,23,0.20870046,0,False,97,1
639.0,0.6662862,2.1491706,1.0095954,1.32,0.9726027397260274,0.614803333684876,241.8260118875589,23,0.210703,1,False,97,2
477.0,0.77370006,1.8901467,0.88791615,1.24,0.9675456389452333,0.7571280242907013,193.39663998983158,23,0.18530852,1,False,97,3
934.0,0.6786707,2.1810708,1.0245808,1.28,0.9719042663891779,0.6275031731449239,107.17579591575559,23,0.21383046,1,False,97,4
920.0,0.75728905,2.1427827,1.0065945,1.12,0.9714889123548046,0.6576122027089356,110.8955915141353,23,0.21007672,1,False,97,5
703.0,0.57251,2.0682788,0.9715955,1.2,0.9564625850340136,0.5791228989915117,207.46517649096558,23,0.20277244,1,False,97,6
701.0,0.66198987,2.2604852,1.0618865,1.36,0.9749652294853964,0.571882900207354,87.80491434818828,23,0.22161618,1,False,97,7
550.0,0.83274156,2.0261092,0.951786,0.84,0.9683098591549296,0.6683925902204473,269.44688399365685,23,0.19863816,1,False,97,8
608.0,0.7330818,1.9905263,0.9350705,1.2,0.9681528662420382,0.6544398045891849,87.80491434818828,23,0.19514963,1,False,97,9
917.0,0.8994804,2.2640786,1.0635746,1.0,0.964248159831756,0.566938330491055,107.17579591575559,23,0.22196849,1,False,97,10
738.0,0.89797014,2.1749594,1.0217099,1.08,0.9736147757255936,0.7036256147404257,117.52987465518189,23,0.21323131,1,False,97,11
743.0,0.9115192,2.4075909,1.130991,1.16,0.9661898569570871,0.779352592211996,111.65307122979803,23,0.23603831,1,False,97,12
547.0,0.8369359,2.052212,0.964048,1.08,0.9529616724738676,0.858364623236565,110.44278733657131,23,0.20119727,1,False,97,13
686.0,0.9131195,2.9174926,1.3705226,1.16,0.9702970297029703,0.6818172627457311,131.13045476482762,23,0.28602868,1,False,97,14
580.0,0.90730906,2.626483,1.2338178,1.2,0.9698996655518395,0.6404172852357413,131.13045476482762,23,0.25749832,1,False,97,15
742.0,0.8406162,1.8248516,0.8572431,1.0,0.9636363636363636,0.5791159297742469,184.09670129461122,23,0.17890702,1,False,97,16
859.0,0.8848045,2.0196042,0.9487302,1.2,0.9739229024943311,0.6129244708439118,111.65307122979803,23,0.19800042,1,False,97,17
786.0,0.8812902,2.1003563,0.9866643,1.08,0.9727722772277227,0.46007887986020196,100.94787428166933,23,0.20591728,1,False,97,18
760.0,0.8655522,1.887,0.88643795,0.84,0.9632446134347274,0.49818411659429396,175.14980415223803,23,0.185,1,False,97,19
810.0,0.8845123,2.4391112,1.145798,1.12,0.97708082026538,0.619887169701476,100.94787428166933,23,0.23912854,1,False,97,20
897.0,0.8695521,2.0285842,0.95294863,1.04,0.972885032537961,0.6937134045436011,184.09670129461122,23,0.19888079,1,False,97,21
616.0,0.68935573,1.5314286,0.7194046,0.76,0.9685534591194969,0.7531054665115001,175.14980415223803,23,0.15014005,1,False,97,22
708.0,0.90244824,2.8472881,1.3375434,1.08,0.9645776566757494,0.767700594867369,253.0629833229001,23,0.2791459,1,False,97,23
1192.0,0.9263226,3.100762,1.6263845,1.1351352,0.9746524938675388,0.5603837328254032,42.62844755225836,19,0.44991446,1,False,98,1
772.0,0.8529615,1.9367735,1.0158595,1.1351352,0.9674185463659147,0.6921186130828048,42.62844755225836,19,0.28102204,1,False,98,2
846.0,0.7778752,1.9078654,1.0006969,1.054054,0.9701834862385321,0.6045157335716089,110.7673040789637,19,0.2768275,1,False,98,3
478.0,0.59594715,1.7922649,0.9400631,1.081081,0.9695740365111561,0.7273057616304707,110.7673040789637,19,0.26005414,1,False,98,4
857.0,0.9081246,2.5662744,1.3460398,1.2972972,0.9727582292849035,0.4981109633616623,297.60172900520297,19,0.3723614,1,False,98,5
399.0,0.57184136,1.9195286,1.0068144,1.1891892,0.9047619047619048,0.6881662417881922,75.7463720580532,19,0.27851984,1,False,98,6
897.0,0.8962468,1.795173,0.94158846,0.8648649,0.968682505399568,0.5287319696940247,75.7463720580532,19,0.26047608,1,False,98,7
799.0,0.70568603,1.7550317,0.92053384,1.0,0.9708383961117861,0.5447555140690669,70.70175743754494,19,0.25465167,1,False,98,8
597.0,0.69656783,1.663226,0.87238073,0.9459459,0.9582664526484751,0.7519912282483138,70.70175743754494,19,0.24133083,1,False,98,9
838.0,0.91774535,2.4294653,1.2742819,1.2972972,0.9721577726218097,0.7337091262602595,227.60515196929356,19,0.35251063,1,False,98,10
860.0,0.89503884,1.9065368,1.0,1.1351352,0.9728506787330317,0.7083436566440174,83.1239196451054,19,0.27663475,1,False,98,11
681.0,0.8718148,2.1360083,1.1203604,1.1891892,0.968705547652916,0.8233380641389096,181.44067419528463,19,0.3099306,1,False,98,12
607.0,0.61448467,1.5770961,0.82720464,1.054054,0.9665605095541401,0.7112035564193552,83.1239196451054,19,0.22883354,1,False,98,13
773.0,0.8407123,1.988287,1.0428789,1.0,0.9747793190416141,0.6003924395944152,104.79495322880459,19,0.28849655,1,False,98,14
695.0,0.8198843,1.737974,0.91158694,0.8648649,0.9666203059805285,0.6295602811028735,49.904603241006775,19,0.2521766,1,False,98,15
1014.0,0.8561047,1.5528545,0.81448966,0.8648649,0.9694072657743786,0.6657586259205827,49.904603241006775,19,0.22531615,1,False,98,16
645.0,0.5881137,1.8753823,0.9836591,1.2432432,0.967016491754123,0.61155060880507,227.60515196929356,19,0.2721143,1,False,98,17
857.0,0.8402544,1.7939388,0.94094104,0.7837838,0.9760820045558086,0.47097619693887877,375.15803804096186,19,0.260297,1,False,98,18
808.0,0.56029415,2.0285323,1.063988,1.1351352,0.9711538461538461,0.5958275884533635,448.7714370079579,19,0.29433605,0,False,98,19
992.0,0.6222842,2.0397727,1.0293735,1.1818181,0.9575289575289575,0.7404828385205935,249.22730696648424,10,0.26397058,1,False,100,1
668.0,0.5792122,2.0961714,1.0578351,1.2727273,0.9709302325581395,0.43222180706601543,249.22730696648424,10,0.27126923,1,False,100,2
864.0,0.70966774,1.7385662,0.8773693,1.1818181,0.9751693002257337,0.6025982225888088,111.01628427874667,10,0.22499092,1,False,100,3
624.0,0.8352878,1.9363831,0.9771978,1.1212121,0.964451313755796,0.7172631766015293,248.2818665213764,10,0.25059074,1,False,100,4
674.0,0.76478153,2.0267513,1.0228022,1.0909091,0.9782293178519593,0.605832870059577,149.01543085201405,10,0.26228544,1,False,100,5
840.0,0.733254,1.7525973,0.88445014,1.1818181,0.9710982658959537,0.723235488024278,111.01628427874667,10,0.22680672,1,False,100,6
609.0,0.8958499,2.3772204,1.1996669,1.2121212,0.9697452229299363,0.5508349573902938,149.01543085201405,10,0.30764028,1,False,100,7
815.0,0.8834067,1.838706,0.92790496,0.969697,0.9702380952380952,0.6937070412217632,540.1694076671027,10,0.23795019,1,False,100,8
786.0,0.9182059,2.6089907,1.31663,1.1212121,0.9679802955665024,0.5370851148441601,164.0790829868664,10,0.3376341,1,False,100,9
911.0,0.8459009,1.8528091,0.9350221,1.0909091,0.9764201500535906,0.5315901814121127,279.1132367206509,10,0.2397753,1,False,100,10
713.0,0.66537416,1.8116109,0.8159868,1.1071428,0.9793956043956044,0.6883347509528079,152.5482462942419,26,0.19892198,1,False,101,1
713.0,0.8689712,2.4786618,1.1164402,1.1785715,0.9740437158469946,0.6381576145756227,97.21841042613173,26,0.27216676,1,False,101,2
629.0,0.87731546,2.1489892,0.9679489,1.1071428,0.9676923076923077,0.5978659260924641,97.21841042613173,26,0.23596744,1,False,101,3
987.0,0.82061714,2.65914,1.1977314,1.3571428,0.9772277227722772,0.2337130971476206,78.28061820038016,26,0.29198402,1,False,101,4
664.0,0.6720883,2.2574227,1.0167896,1.3571428,0.9707602339181286,0.43597250065621945,78.28061820038016,26,0.24787386,0,False,101,5
856.0,0.8645547,2.4919894,1.1224432,1.2857143,0.9771689497716894,0.6199028298828612,75.54875154018697,26,0.2736302,1,False,101,6
484.0,0.6732944,1.6869835,0.759852,1.0714285,0.952755905511811,0.5659686262350101,137.23714037848168,26,0.18523741,1,False,101,7
776.0,0.87753695,2.0524209,0.92445254,1.0714285,0.9748743718592965,0.629611883863636,80.74929264246792,26,0.22536387,1,False,101,8
939.0,0.8137025,2.0303133,0.9144948,1.1071428,0.9760914760914761,0.33825421615015056,102.38225122532303,26,0.22293636,1,False,101,9
747.0,0.8752552,2.0497706,0.9232588,1.1071428,0.9713914174252276,0.8007902506351791,80.74929264246792,26,0.22507283,1,False,101,10
662.0,0.78233516,2.1379478,0.9629756,1.2142857,0.976401179941003,0.7017497407740745,75.54875154018697,26,0.23475505,1,False,101,11
804.0,0.72476834,2.4815655,1.1177481,1.3571428,0.9733656174334141,0.6566137403140127,70.17662832683146,26,0.2724856,0,False,101,12
807.0,0.9216415,2.5051339,1.1283637,1.0714285,0.9758162031438936,0.5640214389949688,102.38225122532303,26,0.2750735,1,False,101,13
700.0,0.7385099,2.2627041,1.0191685,1.25,0.9790209790209791,0.44362368996624446,180.3507372365822,26,0.24845378,0,False,101,14
573.0,0.7228279,2.182872,0.98321044,1.25,0.9597989949748744,0.7197020574117274,70.17662832683146,26,0.23968792,1,False,101,15
728.0,0.83620447,1.9385793,0.873176,1.0714285,0.9706666666666667,0.6416294812559228,94.97648187070584,26,0.21286361,1,False,101,16
841.0,0.8584691,2.4429677,1.1003628,1.3928572,0.9733796296296297,0.7627723166620649,97.39214091491836,26,0.26824743,1,False,101,17
834.0,0.90378994,2.354959,1.0607219,1.1428572,0.972027972027972,0.6037849845330893,104.27422969946487,26,0.25858372,1,False,101,18
678.0,0.9117878,3.2520545,1.4647921,1.2142857,0.9755395683453237,0.5030234065624709,130.80971285726275,26,0.35708833,1,False,101,19
444.0,0.58282995,2.1445463,0.9659477,1.25,0.9652173913043478,0.5730575531337218,114.10127395358747,26,0.23547961,0,False,101,20
488.0,0.60687083,1.8367975,0.8273313,1.0,0.9644268774703557,0.8550434854100044,114.10127395358747,26,0.20168756,1,False,101,21
930.0,0.8060341,2.0247312,0.9119805,1.0,0.9728033472803347,0.559849655712467,126.20020029375371,26,0.22232343,1,False,101,22
563.0,0.6929614,1.984268,0.8937551,0.96428573,0.9656946826758147,0.5578029624068931,114.57930315814394,26,0.2178804,0,False,101,23
777.0,0.8862846,2.274223,1.0243568,1.0,0.97125,0.4990392089800283,114.57930315814394,26,0.24971862,1,False,101,24
693.0,0.9198144,2.967017,1.3364054,1.1785715,0.9705882352941176,0.5633798434499749,95.98764911770118,26,0.3257901,1,False,101,25
550.0,0.581804,2.3405194,1.054218,1.3571428,0.9700176366843033,0.7957060535945638,95.98764911770118,26,0.2569982,0,False,101,26
400.0,0.5642941,2.0450714,0.9868849,1.2571429,0.9302325581395349,0.838163703136821,83.51105003171698,15,0.28069606,0,False,102,1
652.0,0.90902805,2.1047325,1.0156754,0.9142857,0.9602356406480118,0.7438270594017403,271.1188994767534,15,0.28888488,1,False,102,2
627.0,0.84016633,2.222602,1.0725553,1.1142857,0.9557926829268293,0.8001987331021921,32.84258883319181,15,0.305063,1,False,102,3
615.0,0.8827228,2.0218816,0.97569424,1.1142857,0.968503937007874,0.6130832471492476,32.84258883319181,15,0.27751315,1,False,102,4
958.0,0.87925416,1.9634358,0.9474902,1.0285715,0.9735772357723578,0.6271159799708793,354.7459451770179,15,0.2694912,1,False,102,5
749.0,0.8049059,2.0292199,0.9792355,1.2285714,0.9778067885117493,0.5879263921181626,131.71162037108652,15,0.27852038,1,False,102,6
659.0,0.87967515,2.3219163,1.1204813,1.4285715,0.9592430858806404,0.7650656826689954,186.43408298784306,15,0.3186944,1,False,102,7
833.0,0.9071629,2.6458926,1.2768216,0.9714286,0.9630057803468208,0.5542964140214447,201.21669649122322,15,0.3631617,1,False,102,8
881.0,0.866729,2.260775,1.0909765,1.2,0.9767184035476718,0.7265313856502913,131.71162037108652,15,0.31030247,1,False,102,9
679.0,0.89891124,2.0722492,1.0,1.1142857,0.9797979797979798,0.5485937018512677,206.93643735108702,15,0.28442633,1,False,102,10
435.0,0.72549015,1.8794745,0.90697324,1.1714286,0.9539473684210527,0.6683720238672741,186.43408298784306,15,0.25796708,1,False,102,11
636.0,0.88978297,1.8728662,0.9037842,0.94285715,0.9709923664122138,0.5649671041422168,71.70518343164919,15,0.25706005,1,False,102,12
581.0,0.925389,2.7664618,1.3350044,0.85714287,0.9731993299832495,0.795937151037362,57.798602073596754,15,0.37971044,1,False,102,13
503.0,0.66661215,1.7355864,0.8375375,0.9714286,0.9636015325670498,0.8642081849403501,57.798602073596754,15,0.23821774,1,False,102,14
692.0,0.8207752,2.1708505,1.0475818,0.9714286,0.9746478873239437,0.4565153714028747,63.83765312953702,15,0.29795986,1,False,102,15
328.0,0.6246174,1.5927274,0.9641379,0.9268293,0.9534883720930233,0.7583742695049656,159.32994187874442,6,0.2560856,0,False,103,1
338.0,0.5932242,1.7112136,1.0358621,1.195122,0.9602272727272727,0.6770445848107761,159.32994187874442,6,0.27513632,0,False,103,2
402.0,0.63841575,1.5510254,0.9388941,1.0,0.9733656174334141,0.6623315573769264,285.7405605090263,6,0.24938056,0,False,103,3
1062.0,0.92278355,2.150728,1.3019167,1.1463414,0.9734188817598534,0.5913728228032322,459.01792254783913,6,0.34580332,1,False,103,4
542.0,0.6380364,1.202637,0.7280015,0.68292683,0.9575971731448764,0.6469552422500364,507.22489112590193,6,0.19336517,0,False,103,5
878.0,0.8746706,1.7251792,1.0443159,1.0,0.9680264608599779,0.8051842199019347,459.01792254783913,6,0.27738175,1,False,103,6
617.0,0.88690376,2.4055645,1.0592316,1.2,0.9747235387045814,0.8539959062334844,329.4211698594619,17,0.2830076,1,False,104,1
767.0,0.8671575,4.3309865,1.9070443,1.2666667,0.974587039390089,0.4997667034688979,252.6249073323066,17,0.5095278,0,False,104,2
736.0,0.8639386,2.3929346,1.0536704,1.2,0.9761273209549072,0.5200518678444943,246.76600180670746,17,0.28152174,1,False,104,3
735.0,0.8782072,2.7120636,1.1941911,1.4333333,0.963302752293578,0.6199724651584606,51.610200576828376,17,0.31906632,1,False,104,4
775.0,0.9083972,2.2741506,1.0013667,0.9,0.9651307596513076,0.7860220616863185,147.4023409081315,17,0.26754713,1,False,104,5
508.0,0.71238995,1.9555118,0.86106193,1.0666667,0.9694656488549618,0.7689154761379067,241.7659172635175,17,0.23006022,1,False,104,6
586.0,0.8863615,2.2710466,1.0,1.2666667,0.9701986754966887,0.3509254743930366,51.610200576828376,17,0.26718196,1,False,104,7
880.0,0.8557442,2.41,1.0611848,1.3666667,0.9777777777777777,0.64382868355213,162.15974241697845,17,0.28352943,1,False,104,8
638.0,0.85306406,1.973302,0.8688954,0.93333334,0.9637462235649547,0.7402216914889892,147.4023409081315,17,0.23215318,1,False,104,9
684.0,0.7227382,2.0371346,0.8970026,1.2,0.9757489300998573,0.6300626729501905,115.92316400341159,17,0.23966289,1,False,104,10
559.0,0.7961205,1.9350626,0.85205764,1.1,0.967128027681661,0.7178313738636748,99.46786622928606,17,0.22765443,1,False,104,11
490.0,0.559856,2.0855782,0.9183335,1.3666667,0.95703125,0.6114039253893591,155.58951900504343,17,0.24536215,1,False,104,12
768.0,0.8371835,2.2976563,1.011717,1.2666667,0.973384030418251,0.7412212022215561,162.15974241697845,17,0.2703125,1,False,104,13
567.0,0.7632258,1.8522633,0.81559896,0.96666664,0.9642857142857143,0.5115044863589183,99.46786622928606,17,0.21791334,1,False,104,14
773.0,0.9026355,2.3347995,1.028072,1.0666667,0.968671679197995,0.7190394987867934,115.92316400341159,17,0.27468228,1,False,104,15
756.0,0.8911609,2.0468695,0.90128905,1.0333333,0.9655172413793104,0.6347181880097768,312.7012187395041,17,0.24080817,1,False,104,16
526.0,0.6300827,1.9559569,0.8612579,1.2,0.9758812615955473,0.4248838056019113,312.7012187395041,17,0.23011258,1,False,104,17
484.0,0.6008832,1.6753019,0.8723951,1.0769231,0.968,0.7144896747309328,586.4173390270851,4,0.1708151,0,False,105,1
555.0,0.89248544,2.4857242,1.2944136,1.2307693,0.9668989547038328,0.45150010241709376,586.4173390270851,4,0.2534464,1,False,105,2
582.0,0.9077893,2.0724955,1.0792292,0.9230769,0.9732441471571907,0.6189066375558091,117.92675904061676,4,0.21131326,1,False,105,3
597.0,0.8636123,1.7681999,0.9207707,0.9230769,0.9707317073170731,0.7420547649302742,117.92675904061676,4,0.18028705,1,False,105,4
722.0,0.83213305,1.7578486,0.9162916,1.1,0.9743589743589743,0.46209355879961006,285.5712212915291,21,0.20680572,1,False,106,1
804.0,0.86176956,1.8190713,0.9482044,1.0666667,0.9710144927536232,0.6713077104537689,118.054599973381,21,0.21400839,1,False,106,2
596.0,0.7178774,1.8649888,0.97213924,1.1333333,0.9612903225806452,0.9106530431642993,82.22854567050867,21,0.21941045,1,False,106,3
1061.0,0.92452556,2.9752748,1.550884,1.1,0.9787822878228782,0.4849208520772805,82.22854567050867,21,0.35003233,1,False,106,4
554.0,0.8982162,1.8711191,0.9753347,0.96666664,0.9719298245614035,0.7020702237791749,142.8814097447973,21,0.22013167,1,False,106,5
878.0,0.80051816,1.9770311,1.0305421,1.1333333,0.9690949227373068,0.6183724623268795,107.85548441191544,21,0.2325919,1,False,106,6
678.0,0.9184106,2.765536,1.4415562,1.2333333,0.9699570815450643,0.7377954635500629,82.87818127355806,21,0.32535717,1,False,106,7
983.0,0.8836894,2.0957613,1.0924311,1.0333333,0.9742319127849356,0.5869514330370507,142.8814097447973,21,0.24656014,1,False,106,8
521.0,0.74053675,1.8742803,0.97698253,1.2,0.9738317757009346,0.3287657167130024,82.87818127355806,21,0.22050357,1,False,106,9
555.0,0.8759301,1.9172372,0.9993741,1.1666666,0.9685863874345549,0.7319588759509197,79.66063977261797,21,0.22555731,1,False,106,10
535.0,0.65057725,2.0474765,1.0672623,1.3,0.9762773722627737,0.6594399424663933,107.85548441191544,21,0.2408796,1,False,106,11
598.0,0.8159551,1.9955964,1.0402194,1.2,0.9723577235772358,0.6372631725410371,79.66063977261797,21,0.23477605,1,False,106,12
899.0,0.8772144,2.641639,1.3769739,1.2666667,0.9718918918918918,0.7570567482026288,147.47298082937712,21,0.31078106,1,False,106,13
718.0,0.87485397,1.792479,0.934343,1.0,0.9650537634408602,0.5363215526358358,103.09403085355073,21,0.21087989,1,False,106,14
749.0,0.8333098,1.9326212,1.0073931,1.2,0.9790849673202614,0.664179602378911,259.27312858623736,21,0.2273672,1,False,106,15
682.0,0.8468807,1.6005377,0.8342921,0.93333334,0.96875,0.6127155296594425,103.09403085355073,21,0.18829854,1,False,106,16
414.0,0.7098702,1.918438,1.0,1.1,0.9583333333333334,0.7820445583511201,143.9880037816975,21,0.22569859,1,False,106,17
605.0,0.8248776,2.0687053,1.078328,1.0666667,0.971107544141252,0.8452688043149652,143.9880037816975,21,0.24337709,1,False,106,18
834.0,0.92841965,2.8358912,1.4782293,1.2,0.9754385964912281,0.568643024902614,259.27312858623736,21,0.33363426,1,False,106,19
562.0,0.7054358,1.6486359,0.8593637,0.95,0.972318339100346,0.5943610689473044,183.58501151194898,21,0.19395716,1,False,106,20
940.0,0.737209,1.5679433,0.8173021,0.73333335,0.9680741503604532,0.7755354259132042,507.1243229200004,21,0.18446392,0,False,106,21
736.0,0.7814418,2.0962975,0.9316878,1.2083334,0.9658792650918635,0.7776252001785825,102.57990624972992,17,0.1972986,1,False,107,1
592.0,0.8410374,2.7114303,1.2050802,1.5,0.976897689768977,0.8182748883172762,143.80311972811992,17,0.25519344,1,False,107,2
774.0,0.8616153,2.3908808,1.0626137,1.2916666,0.9723618090452262,0.7509887924543117,102.57990624972992,17,0.22502407,1,False,107,3
740.0,0.90930045,3.2046735,1.4242994,1.4166666,0.9698558322411533,0.6595462006665045,143.80311972811992,17,0.3016163,1,False,107,4
675.0,0.8501206,2.1091974,0.9374211,1.1666666,0.9684361549497847,0.5638914533694986,145.6137600557163,17,0.1985127,1,False,107,5
582.0,0.7937336,2.0622852,0.9165712,1.25,0.9651741293532339,0.7633628314715022,246.849994587921,17,0.19409743,1,False,107,6
694.0,0.7735492,2.0060039,0.8915573,1.1666666,0.9719887955182073,0.7086484642567111,177.9766781026633,17,0.18880036,1,False,107,7
600.0,0.8969934,2.4946527,1.1087346,1.5,0.967741935483871,0.5019913025483344,112.89915702820015,17,0.23479085,1,False,107,8
681.0,0.9082549,2.6690528,1.1862457,1.3333334,0.9728571428571429,0.787465429618112,73.71565397639992,17,0.25120497,1,False,107,9
615.0,0.89950585,2.25,1.0,1.2083334,0.9700315457413249,0.7397558210528272,161.20166517903405,17,0.21176471,1,False,107,10
488.0,0.58922374,2.0894809,0.9286582,1.2916666,0.9606299212598425,0.7348017629261778,73.71565397639992,17,0.19665702,1,False,107,11
796.0,0.91722834,3.2094326,1.4264145,1.2916666,0.9683698296836983,0.7412817991092018,161.20166517903405,17,0.30206424,1,False,107,12
878.0,0.87354946,2.6805239,1.1913439,1.125,0.9755555555555555,0.7265993297214788,190.5119870362423,17,0.2522846,1,False,107,13
826.0,0.84732944,1.9062753,0.8472335,0.7916667,0.9775147928994082,0.6483305660968144,360.96027393878006,17,0.17941414,1,False,107,14
826.0,0.925984,3.0387914,1.350574,1.0,0.971764705882353,0.7717098002315825,190.5119870362423,17,0.2860039,1,False,107,15
814.0,0.6999085,2.1913903,0.9739512,1.2916666,0.9678953626634959,0.7792968670992864,58.31596071761227,17,0.20624849,1,False,107,16
536.0,0.58391136,1.9470615,0.8653607,1.0833334,0.9640287769784173,0.8355345466451749,58.31596071761227,17,0.18325286,1,False,107,17
572.0,0.8654052,2.0177157,1.1281497,1.1333333,0.9645868465430016,0.5205215123583014,374.25958948231624,9,0.2373783,1,False,108,1
647.0,0.79922414,1.8475013,1.0329791,1.2,0.9729323308270676,0.7540372799942429,165.89498787261067,9,0.21735309,1,False,108,2
414.0,0.6189164,1.9066023,1.0660238,1.1333333,0.9517241379310345,0.66889800410793,212.55578704990154,9,0.22430615,0,False,108,3
496.0,0.59845036,1.7065861,0.9541903,1.1,0.9612403100775194,0.347621277458587,165.89498787261067,9,0.20077483,1,False,108,4
653.0,0.8671831,1.6740685,0.93600893,1.1,0.9674074074074074,0.7268705818952893,316.8523424061735,9,0.19694923,1,False,108,5
929.0,0.9079255,1.753893,0.98064065,1.0,0.9758403361344538,0.5702853032178004,212.55578704990154,9,0.20634036,1,False,108,6
611.0,0.8401207,1.6336061,0.9133855,0.93333334,0.9667721518987342,0.7323908743883764,294.1577075241096,9,0.19218895,1,False,108,7
1051.0,0.7187291,1.7944497,1.0033168,1.0333333,0.9633363886342805,0.9252153732240492,232.05309921241434,9,0.21111174,1,False,108,8
868.0,0.8977094,1.7885176,1.0,0.96666664,0.9730941704035875,0.7803306023719652,232.05309921241434,9,0.21041384,1,False,108,9
734.0,0.9129776,2.153686,1.0625249,0.9722222,0.9734748010610079,0.6496924555856891,250.24314257779557,37,0.3040498,1,False,109,1
547.0,0.6035273,1.8258176,0.9007704,1.2222222,0.9647266313932981,0.7541284069099065,342.91397376102435,37,0.25776246,1,False,109,2
834.0,0.88221186,2.543532,1.2548561,1.3055556,0.9641618497109826,0.7293737159360864,170.0467362404727,37,0.35908684,1,False,109,3
532.0,0.68928206,2.203164,1.086935,1.25,0.9602888086642599,0.8105892039904555,200.13980304356429,37,0.31103495,1,False,109,4
299.0,0.8924388,4.9062614,2.420513,1.2222222,0.9583333333333334,0.6784398736344741,20.549503974035233,37,0.69264865,0,False,109,5
343.0,0.90065736,4.584872,2.2619548,1.2222222,0.9581005586592178,0.4096745843715766,20.549503974035233,37,0.64727604,0,False,109,6
829.0,0.83020884,2.1633158,1.0672758,1.1666666,0.9718640093786636,0.7613069954027256,120.06426774000383,37,0.3054093,1,False,109,7
852.0,0.8341204,1.9746348,0.97418964,1.1111112,0.9648924122310306,0.5317936206109374,154.99190336552658,37,0.27877197,1,False,109,8
622.0,0.8585146,1.8949625,0.93488324,0.9722222,0.9643410852713178,0.7024396633192401,165.56134227272017,37,0.26752412,1,False,109,9
747.0,0.83431774,2.1768556,1.0739557,1.1666666,0.9790301441677588,0.6475188679019005,94.3010223035574,37,0.30732077,1,True,109,10
693.0,0.7975893,1.8724548,0.92377895,1.1666666,0.9719495091164095,0.4838941042847401,103.50982753287389,37,0.26434654,1,False,109,11
567.0,0.8959574,1.9832453,0.97843766,1.1111112,0.9626485568760611,0.7652468305333121,103.50982753287389,37,0.27998757,1,False,109,12
564.0,0.769733,1.5827422,0.78084874,1.0,0.9757785467128027,0.574264222001859,94.3010223035574,37,0.22344597,1,False,109,13
686.0,0.7594181,1.7289034,0.85295767,1.1111112,0.9648382559774965,0.5222003630808787,117.69313360788126,37,0.24408048,1,False,109,14
669.0,0.86415195,1.8308005,0.90322876,1.1666666,0.9766423357664233,0.6665772483250443,220.59333447411038,37,0.25846598,1,False,109,15
845.0,0.8803991,2.215253,1.0928992,1.1111112,0.9746251441753172,0.6076498711159075,117.69313360788126,37,0.31274164,1,False,109,16
710.0,0.81084234,1.8985133,0.936635,1.0555556,0.9659863945578231,0.7019808711392699,102.23285107427799,37,0.26802543,1,False,109,17
669.0,0.89462173,2.2449758,1.1075629,1.2222222,0.9557142857142857,0.7490112250175627,26.2664554087375,37,0.31693777,1,False,109,18
786.0,0.9082473,2.366589,1.167561,1.1944444,0.9644171779141104,0.7453835519553829,26.2664554087375,37,0.33410668,1,False,109,19
689.0,0.8843165,2.234156,1.1022248,1.2222222,0.9704225352112676,0.41656196421865693,305.88432908513676,37,0.31541023,1,False,109,20
638.0,0.8972647,2.0541623,1.0134246,1.0555556,0.9579579579579579,0.5812309661067194,94.98511625228838,37,0.2899994,1,False,109,21
703.0,0.8894207,2.681168,1.3227592,1.2777778,0.9669876203576341,0.7741105920545439,97.68133751821654,37,0.37851784,1,False,109,22
634.0,0.74263626,2.0070102,0.99016213,1.0277778,0.9664634146341463,0.4004305380529154,58.75027896883943,37,0.2833426,1,False,109,23
1075.0,0.8994327,1.9801034,0.9768876,1.0,0.9728506787330317,0.7907744573651243,63.68138001904015,37,0.279544,1,False,109,24
840.0,0.91145194,2.026951,1.0,0.9166667,0.9688581314878892,0.6032389323505807,185.37068743518668,37,0.2861578,1,False,109,25
577.0,0.5928025,1.6829386,0.8302808,1.0833334,0.956882255389718,0.45523894197749404,91.95187555225485,37,0.23759133,1,False,109,26
562.0,0.83948785,1.8754449,0.92525417,1.0555556,0.9623287671232876,0.772670019179119,56.67702849559693,37,0.2647687,1,False,109,27
1102.0,0.86079496,1.9328494,0.9535748,1.1388888,0.9717813051146384,0.7081516500281078,93.52710570979427,37,0.27287287,1,False,109,28
520.0,0.8336954,1.8560363,0.91567886,1.0277778,0.9701492537313433,0.6004545775835296,56.67702849559693,37,0.26202866,1,False,109,29
1038.0,0.9135366,2.2647452,1.1173161,1.0,0.9700934579439252,0.7369607213593912,63.68138001904015,37,0.31972873,1,False,109,30
950.0,0.89748603,2.2938013,1.131651,0.9444444,0.9723643807574207,0.7083409273049364,72.4495267208179,37,0.32383075,1,False,109,31
679.0,0.81707233,1.9597039,0.9668235,1.1388888,0.9644886363636364,0.6440530375962498,91.95187555225485,37,0.27666408,1,False,109,32
744.0,0.80461735,2.256011,1.1130072,1.1944444,0.9763779527559056,0.7658330453176366,93.52710570979427,37,0.3184957,1,False,109,33
1125.0,0.6511094,2.3620493,1.1653214,1.25,0.9782608695652174,0.5918449723076549,135.32274409459419,37,0.33346578,1,False,109,34
799.0,0.7699624,1.9328327,0.95356655,0.9444444,0.9626506024096385,0.7928394466897798,111.73565740252886,37,0.2728705,1,False,109,35
475.0,0.6458947,1.351111,0.6665731,0.8333333,0.9615384615384616,0.6406561508883767,206.84298272128808,37,0.1907451,1,False,109,36
813.0,0.90443534,2.5547698,1.2604003,1.0555556,0.972488038277512,0.720977724618786,132.183212444418,37,0.36067337,1,False,109,37
548.0,0.89378846,4.548919,1.5957506,1.2692307,0.9647887323943662,0.7395231118163885,227.239448057247,25,0.46381137,1,False,110,1
719.0,0.9134637,3.844442,1.3486215,1.4230769,0.972936400541272,0.7545376295677543,243.83798770011225,25,0.39198232,1,False,110,2
623.0,0.6985113,2.3123224,0.81115746,1.1538461,0.9629057187017002,0.8065694807081499,161.3827163780498,25,0.23576622,1,False,110,3
904.0,0.82247096,3.579093,1.2555377,1.4615384,0.9730893433799784,0.7250984536377146,167.28320844461638,25,0.36492714,1,False,110,4
845.0,0.9174893,3.7726445,1.3234352,1.1538461,0.9679266895761741,0.7137851260707183,108.29362692472435,25,0.3846618,1,False,110,5
660.0,0.8007308,2.7319348,0.95835656,1.2307693,0.9551374819102749,0.9119100240785551,167.28320844461638,25,0.2785502,1,False,110,6
932.0,0.7878524,2.9685953,1.0413765,1.2307693,0.9728601252609603,0.5999439601041413,216.50669774175918,25,0.3026803,1,False,110,7
983.0,0.8884328,3.2063544,1.1247818,1.2307693,0.9646712463199215,0.7880104001199733,154.63291001019442,25,0.3269224,1,False,110,8
468.0,0.8612787,3.0709238,1.0772731,1.1153846,0.968944099378882,0.8345456154368417,90.16150836311665,25,0.31311378,1,False,110,9
882.0,0.6249167,2.8506455,1.0,1.3461539,0.9756637168141593,0.795874609358113,90.16150836311665,25,0.29065406,1,False,110,10
340.0,0.85463667,3.1730769,1.1131082,1.0961539,0.9798270893371758,0.6595407716043287,42.45063571138581,25,0.32352942,0,True,110,11
490.0,0.75031614,2.56876,0.9011152,1.0384616,0.9645669291338582,0.8769272632155665,128.05567093044277,25,0.26191276,0,False,110,12
496.0,0.9135041,4.6634617,1.6359318,0.9230769,0.9520153550863724,0.8482736863378066,42.45063571138581,25,0.47549018,1,False,110,13
553.0,0.5948587,2.194116,0.769691,1.2307693,0.9567474048442907,0.8965174363655779,248.61768354522766,25,0.22371379,1,False,110,14
1057.0,0.8553843,2.7981951,0.9816005,1.0,0.9741935483870968,0.8037541622116712,128.05567093044277,25,0.2853062,1,False,110,15
730.0,0.90650016,2.9856164,1.0473475,1.1923077,0.9668874172185431,0.8348860204066183,216.50669774175918,25,0.3044158,1,False,110,16
1072.0,0.7918606,2.68158,0.9406922,1.0,0.9727767695099818,0.7713594544596702,150.00177781311746,25,0.273416,1,False,110,17
872.0,0.7946168,2.7102594,0.95075285,1.2692307,0.9819819819819819,0.7550974723917632,100.91957625805088,25,0.27634016,1,False,110,18
946.0,0.8616424,2.9512928,1.0353068,1.3461539,0.9782833505687694,0.7563175784479758,100.91957625805088,25,0.30091614,1,False,110,19
762.0,0.81361234,2.585958,0.9071482,0.9230769,0.9670050761421319,0.8034244194757469,229.1452999265608,25,0.2636663,1,False,110,20
1078.0,0.8894613,3.5640073,1.2502457,1.3076923,0.9764492753623188,0.7034752203984871,277.67546037400166,25,0.363389,1,False,110,21
473.0,0.89574265,2.4675558,0.865613,1.0769231,0.9752577319587629,0.7324182715254732,208.28877324524737,25,0.25159392,1,False,110,22
524.0,0.88000304,2.1542132,0.75569314,1.0384616,0.966789667896679,0.6739652999359828,31.041929360199852,25,0.21964526,1,False,110,23
690.0,0.8925831,2.4565217,0.86174226,0.8076923,0.965034965034965,0.8570066364237077,337.48589797452087,25,0.25046888,1,False,110,24
678.0,0.89962983,2.354493,0.8259508,1.0769231,0.9644381223328592,0.8149288722747164,31.041929360199852,25,0.24006595,1,False,110,25
631.0,0.91527295,3.3516397,1.4358859,1.3461539,0.958966565349544,0.8239694302037341,283.288055156581,14,0.3417358,1,False,111,1
586.0,0.8166232,3.0015094,1.2858856,1.3461539,0.9654036243822076,0.5926668161556731,48.783887567655135,14,0.30603626,1,False,111,2
812.0,0.8883995,2.3715422,1.0159994,1.3076923,0.9759615384615384,0.6703643147909965,73.00273599044188,14,0.24180432,1,False,111,3
429.0,0.8016546,2.3734088,1.0167991,1.3076923,0.9662162162162162,0.8711651637080434,48.783887567655135,14,0.2419946,1,False,111,4
754.0,0.62939614,2.490257,1.0668584,1.3076923,0.9691516709511568,0.697986387037258,565.339643488284,14,0.25390854,1,False,111,5
421.0,0.7252107,2.1866434,0.9367864,1.1923077,0.958997722095672,0.6758202676120184,310.31172415661933,14,0.22295187,1,False,111,6
269.0,0.61548215,2.0959394,0.89792764,1.1923077,0.9471830985915493,0.516996211011249,121.60134588220953,14,0.21370362,0,False,111,7
784.0,0.87676567,2.2968504,0.98400056,1.2307693,0.9739130434782609,0.6342816634835606,121.60134588220953,14,0.23418868,1,False,111,8
540.0,0.8903631,2.5048432,1.0731074,0.84615386,0.967741935483871,0.6171808874501542,251.82646268511755,14,0.25539577,1,False,111,9
395.0,0.56117153,1.9141189,0.8200334,1.0769231,0.8816964285714286,0.6326951726960636,97.44183759071784,14,0.19516505,1,False,111,10
401.0,0.686783,1.6072319,0.688559,0.84615386,0.975669099756691,0.5320123127788177,97.44183759071784,14,0.16387463,1,False,111,11
479.0,0.7790659,2.105428,0.9019927,1.1538461,0.9676767676767677,0.8278655904596665,256.42381651470595,14,0.21467109,1,False,111,12
742.0,0.8630516,2.772911,1.1879511,1.0,0.9801849405548216,0.7578346028245284,183.27837118854495,14,0.2827282,1,False,111,13
618.0,0.85106295,2.1722054,0.930601,0.7307692,0.965625,0.635377702666562,251.82646268511755,14,0.22147979,1,True,111,14
623.0,0.6284896,1.6005027,1.0152601,1.1132076,0.9734375,0.8534257614020265,304.39095337103737,9,0.33265352,1,True,112,1
904.0,0.80897534,1.7104275,1.0849895,1.0566038,0.9720430107526882,0.6079939595133862,380.6530900307227,9,0.3555006,1,False,112,2
803.0,0.9034211,1.824291,1.1572175,1.1320754,0.9768856447688564,0.7882558227650737,304.39095337103737,9,0.37916636,1,False,112,3
913.0,0.85787433,1.7739363,1.1252756,1.0943396,0.9775160599571735,0.37271561057502767,122.06329378561885,9,0.36870047,1,False,112,4
852.0,0.81329745,1.576446,1.0,1.0566038,0.9670828603859251,0.4101902161115712,27.230624231807262,9,0.3276535,1,False,112,5
751.0,0.77302414,1.4193654,0.9003577,1.0377358,0.956687898089172,0.6357447424381053,27.230624231807262,9,0.29500535,1,False,112,6
783.0,0.732547,1.4004675,0.8883701,1.018868,0.969059405940594,0.688081359808729,35.045232775135204,9,0.29107755,1,False,112,7
748.0,0.83280385,1.5209364,0.9647881,0.9811321,0.9701686121919585,0.7732167087460562,35.045232775135204,9,0.31611618,1,False,112,8
606.0,0.68347895,1.3663677,0.8667393,0.9245283,0.9680511182108626,0.5885205977290932,120.94434510454712,9,0.28399014,1,False,112,9
903.0,0.8873081,1.8533545,0.85529333,1.1315789,0.9678456591639871,0.4667522086044997,873.4113946344728,2,0.27618614,1,False,113,1
924.0,0.90960026,2.480491,1.1447067,1.0657895,0.9746835443037974,0.591460733796877,873.4113946344728,2,0.3696418,1,False,113,2
818.0,0.64151686,2.0447357,0.9762198,1.3125,0.9533799533799534,0.860209552550074,354.28307305965444,16,0.25659427,0,False,114,1
660.0,0.72832435,1.9183712,0.9158895,1.0625,0.9705882352941176,0.6297086916521581,172.02279247135255,16,0.24073678,1,False,114,2
706.0,0.83709943,2.24969,1.0740713,1.0625,0.9711141678129298,0.5677056670054824,172.02279247135255,16,0.28231403,1,False,114,3
727.0,0.909313,3.0387723,1.4508035,1.25,0.9706275033377837,0.581174341719947,217.15583497682215,16,0.38133612,1,False,114,4
737.0,0.83331466,2.3274255,1.1111846,1.3125,0.976158940397351,0.6860816705568432,170.0930975040503,16,0.29206908,1,False,114,5
1097.0,0.9252936,2.6416934,1.2612257,1.1875,0.9768477292965272,0.4336636641484356,191.91063327484952,16,0.3315066,1,False,114,6
549.0,0.8223222,2.1443534,1.0237803,1.09375,0.973404255319149,0.5605372725817697,128.96634405238896,16,0.26909533,1,False,114,7
387.0,0.625394,1.9468669,0.9294942,1.15625,0.9555555555555556,0.7940715427402849,53.67636953946224,16,0.2443127,1,False,114,8
806.0,0.9067144,2.6739686,1.2766349,1.3125,0.9781553398058253,0.4534924893357994,53.67636953946224,16,0.33555683,1,False,114,9
603.0,0.60500115,1.9859039,0.9481317,1.125,0.9694533762057878,0.6714084279898949,128.96634405238896,16,0.24921146,0,False,114,10
717.0,0.73797137,1.9847019,0.9475578,1.03125,0.9689189189189189,0.7435710757499829,197.4492247912545,16,0.24906063,0,False,114,11
785.0,0.86456853,1.9429936,0.92764497,1.0625,0.9739454094292804,0.6385259103390696,39.73114435040546,16,0.24382666,1,False,114,12
655.0,0.9069062,2.4370706,1.1635325,1.15625,0.9675036927621861,0.6573392060046699,146.56476554748087,16,0.30582848,1,False,114,13
785.0,0.91418004,2.4326434,1.1614189,1.0625,0.9751552795031055,0.5541177225589987,39.73114435040546,16,0.3052729,1,False,114,14
717.0,0.87831104,1.9436454,0.92795616,0.96875,0.9781718963165075,0.7213701057455827,197.4492247912545,16,0.24390844,1,False,114,15
726.0,0.83850265,1.8879132,0.90134794,1.09375,0.9705882352941176,0.660529387036059,200.19064635737652,16,0.2369146,1,False,114,16
611.0,0.75834537,1.7912992,0.8857819,1.0645162,0.9744816586921851,0.6765260128284644,299.3877470956811,15,0.2177658,1,False,115,1
645.0,0.7486974,2.1108277,1.0437859,1.1935484,0.974320241691843,0.6655996893157342,299.34788964532686,15,0.25661042,1,False,115,2
1051.0,0.8858305,1.9880605,0.98307866,1.1290323,0.9794967381174278,0.7553633629580516,129.9274455933182,15,0.24168578,1,False,115,3
673.0,0.8947062,2.5383694,1.2552016,1.1612903,0.9739507959479016,0.6790627519864936,129.9274455933182,15,0.3085861,1,False,115,4
569.0,0.8871429,2.0222802,1.0,1.0,0.9743150684931506,0.8171569636479957,74.68377115652588,15,0.24584582,1,False,115,5
610.0,0.9098682,2.3556848,1.1648656,1.032258,0.9713375796178344,0.7617370474194067,299.34788964532686,15,0.28637737,1,False,115,6
567.0,0.82003665,1.8158958,0.8979447,1.0645162,0.9593908629441624,0.8058058051591395,116.2212413236581,15,0.22075596,1,False,115,7
698.0,0.80294955,1.9003142,0.93968886,1.0645162,0.9721448467966574,0.7428086845584719,74.68377115652588,15,0.23101859,1,False,115,8
748.0,0.9135421,2.1249783,1.0507833,1.032258,0.9689119170984456,0.8163708364394527,113.52538240951402,15,0.2583307,1,False,115,9
681.0,0.88996,2.354223,1.1641428,1.1612903,0.9673295454545454,0.7742974757551292,113.52538240951402,15,0.28619966,1,False,115,10
623.0,0.89216,2.10102,1.0389361,1.1290323,0.9704049844236761,0.8980098780812265,138.28035093938104,15,0.25541812,1,False,115,11
645.0,0.7653017,2.0011003,0.9895267,1.2258065,0.9713855421686747,0.7988037943582477,138.28035093938104,15,0.24327101,1,False,115,12
590.0,0.72656035,2.0653362,1.0212908,1.1612903,0.9640522875816994,0.8055927965575308,193.29927241071414,15,0.2510801,1,False,115,13
549.0,0.5412265,1.9682707,0.97329277,1.3225807,0.9242424242424242,0.5846733525914967,224.93625442853502,15,0.23927997,0,False,115,14
846.0,0.70293427,1.7713338,0.8759092,1.032258,0.9757785467128027,0.5921630911581629,193.29927241071414,15,0.21533862,1,False,115,15
396.0,0.79761344,2.3576388,0.90229917,1.1666666,0.9777777777777777,0.6408837735950405,807.0539469497115,10,0.22189543,0,True,116,1
442.0,0.836687,2.1226432,0.81236327,1.125,0.9650655021834061,0.635162341555967,469.49709511310067,10,0.1997782,1,False,116,2
562.0,0.8746354,2.9435794,1.1265463,1.2916666,0.9623287671232876,0.8198393171243356,389.6948147127655,10,0.27704278,1,False,116,3
844.0,0.90301096,3.3980548,1.30048,1.2291666,0.9745958429561201,0.40747632030015263,78.01614092087276,10,0.31981692,1,False,116,4
863.0,0.8133825,2.6253862,1.0047696,1.25,0.9762443438914027,0.8271156871334819,78.01614092087276,10,0.24709518,1,False,116,5
416.0,0.7243967,2.6004608,0.9952303,1.3333334,0.9607390300230947,0.6521620709394549,208.86846660319105,10,0.24474925,1,False,116,6
560.0,0.73985994,2.2530506,0.8622719,1.0,0.963855421686747,0.6329001382295997,105.06590366182586,10,0.21205182,1,False,116,7
836.0,0.76608497,2.8794858,1.1020168,1.25,0.9743589743589743,0.5959770714922444,80.22449792515171,10,0.27101043,1,False,116,8
620.0,0.8490703,2.5094087,0.9603835,1.0833334,0.9702660406885759,0.5732601394016053,208.86846660319105,10,0.23617963,1,False,116,9
808.0,0.8860901,3.6034963,1.3791051,1.125,0.9676646706586827,0.7670736881026115,80.22449792515171,10,0.33915257,1,False,116,10
870.0,0.81134105,1.4779967,0.9919856,1.0357143,0.9666666666666667,0.5443961189279058,528.050716174733,6,0.32457966,1,False,117,1
612.0,0.8615853,1.5241306,1.0229492,1.0892857,0.966824644549763,0.8194745387814358,458.3374001308676,6,0.33471102,1,False,117,2
819.0,0.81256914,1.4187162,0.9521983,0.98214287,0.9715302491103203,0.7559559315226146,131.13709602203875,6,0.3115612,1,False,117,3
1120.0,0.90729696,1.603141,1.0759785,1.0892857,0.9730668983492615,0.6803949105301696,131.13709602203875,6,0.35206234,1,False,117,4
732.0,0.85314465,1.4778737,0.991903,1.0357143,0.973404255319149,0.7442205172865385,302.60882565476345,6,0.32455266,1,False,117,5
846.0,0.79902655,1.5018786,1.0080144,1.0178572,0.9701834862385321,0.7616816000044174,560.7348181029938,6,0.32982433,1,False,117,6
642.0,0.8825545,2.012837,1.3350221,1.3103448,0.9712556732223904,0.7709701796088042,1017.0875984771478,3,0.22891088,1,False,118,1
993.0,0.8758999,1.4102163,0.9353316,0.86206895,0.976401179941003,0.6449068076878852,187.62498430486463,3,0.16037755,1,False,118,2
659.0,0.8657384,1.5077181,1.0,0.86206895,0.9748520710059172,0.5792166282290302,187.62498430486463,3,0.17146598,1,False,118,3
653.0,0.9171967,3.1480577,1.2972691,1.1818181,0.9631268436578171,0.6366854123257726,126.16288553940414,22,0.27159715,1,False,119,1
657.0,0.88232917,3.4836724,1.4355711,1.3181819,0.9633431085043989,0.6179909842379994,107.60689442598786,22,0.30055213,1,False,119,2
657.0,0.87783456,2.2413173,0.92361444,1.2727273,0.9647577092511013,0.7360881999373549,390.9514142217372,22,0.19336854,1,False,119,3
1113.0,0.77049136,3.2963326,1.358371,1.3636364,0.9763157894736842,0.48726672201141896,107.60689442598786,22,0.28438947,1,False,119,4
775.0,0.84163946,2.8649268,1.1805949,1.1818181,0.9760705289672544,0.2491739720129337,126.8380527919764,22,0.24717015,1,False,119,5
387.0,0.7245174,2.369979,0.9766341,1.2272727,0.9555555555555556,0.8596377717181305,103.84306898839375,22,0.20446876,1,False,119,6
460.0,0.8076215,2.1505928,0.8862282,1.0909091,0.9563409563409564,0.8737824498440682,103.84306898839375,22,0.18554135,1,False,119,7
375.0,0.6411817,2.4992728,1.0299143,1.3636364,0.9894459102902374,0.5219256458318284,45.72043238354575,22,0.21562353,1,False,119,8
438.0,0.90490645,2.5900788,1.067334,1.0,0.9647577092511013,0.600101216374758,187.38586009594317,22,0.22345778,1,False,119,9
633.0,0.85244244,2.0616832,0.8495898,1.1818181,0.9678899082568807,0.6743424756460411,45.72043238354575,22,0.1778707,1,False,119,10
757.0,0.8475561,2.321004,0.9564522,1.3636364,0.9680306905370843,0.7917717838779319,102.71259509814207,22,0.20024349,1,False,119,11
506.0,0.9090212,3.2043657,1.3204728,1.2272727,0.9529190207156308,0.786869758963899,33.50028075719672,22,0.2764551,1,False,119,12
654.0,0.9074234,2.6260078,1.0821398,1.1136364,0.96602658788774,0.27483834650031097,52.8296393517689,22,0.22655754,1,False,119,13
489.0,0.81821245,2.613404,1.076946,1.1818181,0.9569471624266145,0.6559658893270442,183.85490282484935,22,0.22547016,1,False,119,14
471.0,0.7319262,2.284115,0.9412508,1.1363636,0.9731404958677686,0.6338862289135261,33.50028075719672,22,0.1970609,1,False,119,15
445.0,0.77399427,2.2499487,0.92717135,1.1818181,0.9611231101511879,0.8568766503759707,133.72638659698674,22,0.19411324,1,False,119,16
511.0,0.7389279,2.4050882,0.9911021,1.1818181,0.9770554493307839,0.7123368342259205,52.8296393517689,22,0.20749779,1,False,119,17
258.0,0.6407965,1.9064482,0.7856198,0.8636364,0.9485294117647058,0.7019518497235614,105.26225861699155,22,0.16447788,0,False,119,18
472.0,0.8988534,3.0700114,1.2651073,1.1363636,0.9652351738241309,0.7585465475659388,147.43112907416307,22,0.26486373,1,False,119,19
544.0,0.7341047,2.0169618,0.83116084,1.0454545,0.9679715302491103,0.6315998702327683,105.26225861699155,22,0.1740124,1,False,119,20
572.0,0.8865762,2.4390497,1.0050972,1.3636364,0.9711375212224108,0.5870867269311281,264.6033237447545,22,0.2104278,1,False,119,21
505.0,0.88530385,2.4143114,0.99490285,1.0909091,0.9582542694497154,0.36105277810532255,147.43112907416307,22,0.20829354,1,False,119,22
638.0,0.8983896,2.2944546,0.91671723,1.2068965,0.9666666666666667,0.750731472819997,242.1000562915954,21,0.260938,1,False,120,1
159.0,0.872734,3.4289744,1.3699988,1.1724138,0.9754601226993865,0.5337999284007733,429.2779371062125,21,0.38996178,0,False,120,2
586.0,0.8946999,2.659527,1.0625769,1.1896552,0.9766666666666667,0.7726853110508721,99.62953069879205,21,0.30245602,1,False,120,3
658.0,0.8067584,2.3140657,0.9245526,1.0689656,0.9633967789165446,0.8858366248231927,143.42187616909598,21,0.26316825,1,False,120,4
576.0,0.8738426,2.4782088,0.9901337,1.1724138,0.9746192893401016,0.6343826530912506,99.62953069879205,21,0.28183553,1,False,120,5
556.0,0.8996685,2.6938105,1.0762743,1.4137931,0.9754385964912281,0.5154769243355397,141.27059575934592,21,0.30635494,1,False,120,6
725.0,0.80470586,1.870773,0.7474412,0.9655172,0.9757738896366084,0.7468473616708787,138.15820658019172,21,0.21275456,1,False,120,7
582.0,0.8705815,2.5029032,1.0,1.2413793,0.9716193656093489,0.4490517092845729,135.51103321669925,21,0.2846439,1,False,120,8
536.0,0.8425593,2.2853835,0.91309303,1.1034483,0.9745454545454545,0.7518381150032082,201.59936756567356,21,0.25990635,1,False,120,9
735.0,0.8880619,2.5490031,1.0184186,1.2758621,0.9735099337748344,0.7552451559201351,138.15820658019172,21,0.28988662,1,False,120,10
522.0,0.88058007,2.8632581,1.1439748,1.5172414,0.9456521739130435,0.7836561966009472,48.5334070967497,21,0.32562542,1,False,120,11
578.0,0.8898365,2.871316,1.1471941,1.2068965,0.9697986577181208,0.6736274344355955,135.51103321669925,21,0.3265418,1,False,120,12
585.0,0.88865435,3.303625,1.3199172,1.6551725,0.9701492537313433,0.6117375712901807,48.5334070967497,21,0.3757064,1,False,120,13
457.0,0.8447677,2.6397798,1.0546871,1.5172414,0.9744136460554371,0.6304988269852155,68.81779374774057,21,0.30021024,1,False,120,14
802.0,0.8822845,2.6602027,1.0628468,1.3103448,0.969770253929867,0.5691098329113987,149.77332754890352,21,0.30253288,1,False,120,15
513.0,0.7282957,2.2430599,0.8961832,1.2413793,0.9771428571428571,0.5104163363517336,172.75894039756932,21,0.2550931,1,False,120,16
877.0,0.9110247,2.7898793,1.1146573,0.82758623,0.9733629300776915,0.6712211451499474,100.94784195403889,21,0.3172804,1,False,120,17
673.0,0.8296477,2.287288,0.91385394,0.8965517,0.9683453237410072,0.5938060409304483,52.51694836539625,21,0.26012295,1,False,120,18
498.0,0.72028506,2.1049023,0.8409843,1.0689656,0.9485714285714286,0.7977512397779875,137.99212349384362,21,0.23938105,1,False,120,19
729.0,0.8727884,2.1395867,0.85484195,0.9655172,0.972,0.5182547806786711,183.64346059421518,21,0.24332553,1,False,120,20
602.0,0.8424403,2.1230955,0.84825313,0.6551724,0.9709677419354839,0.768721724461239,52.51694836539625,21,0.24145007,1,False,120,21
949.0,0.7768136,2.2219882,1.1171365,1.2222222,0.9673802242609582,0.5440610564409566,152.66760612462528,12,0.23526932,1,False,121,1
520.0,0.5715913,1.8599004,0.9350916,1.1851852,0.9171075837742504,0.6064564812998733,316.99095797002616,12,0.19693062,1,False,121,2
789.0,0.7684833,2.0165234,1.0138361,1.2222222,0.9728729963008631,0.7670113902026767,69.37845334373574,12,0.21351424,1,False,121,3
1025.0,0.8458499,1.7474617,0.8785615,1.0,0.9724857685009488,0.5672489760599552,29.849110671982398,12,0.18502535,1,False,121,4
672.0,0.85085785,2.2286706,1.1204962,1.1111112,0.9655172413793104,0.5869392931780816,29.849110671982398,12,0.23597689,1,False,121,5
602.0,0.77231455,1.8437922,0.926993,1.074074,0.9772727272727273,0.6726021625266009,245.23578447565748,12,0.19522506,1,False,121,6
777.0,0.86134195,2.219553,1.1159122,1.1481482,0.9761306532663316,0.40924058940285635,56.68887065839018,12,0.23501149,1,False,121,7
620.0,0.76074004,1.7516726,0.8806786,1.074074,0.9779179810725552,0.5784386031809386,56.68887065839018,12,0.18547122,1,False,121,8
1067.0,0.7455979,2.2711651,1.141861,1.2222222,0.9708826205641492,0.40368438481390206,73.15451198432201,12,0.24047631,1,False,121,9
779.0,0.85132265,2.1501925,1.0810401,1.1111112,0.966501240694789,0.573526575783146,73.15451198432201,12,0.22766745,1,False,121,10
478.0,0.56485355,1.9153107,0.96295,1.2962962,0.9617706237424547,0.3518468007483939,339.7972287806647,12,0.2027976,1,False,121,11
851.0,0.84458876,1.9614832,0.9861639,1.2962962,0.9626696832579186,0.6535077112538239,339.7972287806647,12,0.20768647,1,False,121,12
1044.0,0.9320299,2.571461,1.2940607,1.1578947,0.9802816901408451,0.3379635684676526,472.060330424638,10,0.3831981,1,False,122,1
1162.0,0.9039621,2.5810535,1.2988881,1.2894737,0.977291841883936,0.41746171180339847,409.510655295965,10,0.38462758,1,False,122,2
614.0,0.8266399,1.7217983,0.86647695,1.1842105,0.9699842022116903,0.7346927113537225,315.78616488425894,10,0.25658172,0,False,122,3
780.0,0.8897486,1.7481445,0.87973535,0.84210527,0.9737827715355806,0.7704484291024956,472.060330424638,10,0.2605078,1,False,122,4
779.0,0.8714742,1.8779136,0.9450403,1.1315789,0.9713216957605985,0.7626464009623348,397.9737960370008,10,0.27984595,1,False,122,5
736.0,0.6154039,2.0042906,1.0086381,1.3421053,0.9748344370860927,0.6467557146044707,241.56336758176116,10,0.29867858,0,False,122,6
742.0,0.92365104,1.9699602,0.9913618,1.1578947,0.973753280839895,0.6519732143202797,241.56336758176116,10,0.2935627,1,False,122,7
588.0,0.8830666,2.064044,1.0387084,0.94736844,0.9639344262295082,0.8148768211007756,65.53300697543945,10,0.30758303,1,False,122,8
838.0,0.83681506,1.6003014,0.80533487,0.92105263,0.9721577726218097,0.6032480557626937,65.53300697543945,10,0.23847629,1,False,122,9
661.0,0.9320637,2.1918147,1.1030077,0.7368421,0.964963503649635,0.7995926897400332,315.74665384796583,10,0.32662335,1,False,122,10
475.0,0.7946915,2.0620663,0.9273554,1.1851852,0.9674134419551935,0.6603341750799399,208.46778141746796,21,0.21833643,1,False,123,1
574.0,0.7749402,2.2809393,1.0257874,1.1851852,0.959866220735786,0.8189570918891221,27.357579778523107,21,0.24151124,1,False,123,2
492.0,0.8517854,2.1901536,0.984959,1.037037,0.9666011787819253,0.6193109655237811,36.29231952079942,21,0.23189862,1,False,123,3
518.0,0.8193807,2.1525097,0.96802974,0.962963,0.9646182495344506,0.8290306967719635,27.357579778523107,21,0.22791278,1,False,123,4
705.0,0.76908356,2.2623062,1.0174075,1.2592592,0.9657534246575342,0.7302656957251096,174.3801389335546,21,0.23953831,1,False,123,5
588.0,0.9128719,3.1029224,1.3954507,1.2222222,0.9655172413793104,0.5917881480862889,154.71757284301333,21,0.32854474,1,False,123,6
559.0,0.6904557,2.0907042,0.9402345,1.1111112,0.9755671902268761,0.2780973212504767,150.55285217599175,21,0.22136869,1,False,123,7
645.0,0.8364797,1.9812806,0.89102435,1.074074,0.967016491754123,0.7964996436562655,137.0364171001207,21,0.20978265,1,False,123,8
862.0,0.67822206,2.6551516,1.1940786,1.5185186,0.9762174405436014,0.6628528050188145,234.92440035485487,21,0.2811337,1,False,123,9
565.0,0.7693771,2.2235987,1.0,1.1851852,0.9592529711375212,0.8358439645959115,34.47293900804432,21,0.23543987,1,False,123,10
455.0,0.5815298,2.2756207,1.0233954,1.3703704,0.9400826446280992,0.6667967234699357,34.47293900804432,21,0.24094807,1,False,123,11
573.0,0.6456969,1.70881,0.76848847,0.8888889,0.9744897959183674,0.7327507027141933,211.65394475502606,21,0.18093282,1,False,123,12
793.0,0.92163295,2.9610949,1.3316678,1.1851852,0.9742014742014742,0.6518287384970359,30.369644294589516,21,0.3135277,1,False,123,13
623.0,0.85195607,2.6988287,1.2137212,1.2962962,0.968895800933126,0.7608060421512536,99.33686541457854,21,0.28575835,1,False,123,14
668.0,0.89834446,3.0726323,1.3818285,1.1851852,0.9653179190751445,0.7572535451071737,30.369644294589516,21,0.32533756,1,False,123,15
737.0,0.9073031,2.2888587,1.0293489,1.037037,0.9646596858638743,0.7771741526663855,106.49156648051947,21,0.24234976,1,False,123,16
382.0,0.7318037,2.0366492,0.9159248,1.2592592,0.9622166246851386,0.4664851705483237,99.33686541457854,21,0.21564521,1,False,123,17
650.0,0.8179004,1.9193162,0.86315763,0.9259259,0.9715994020926756,0.6765718772361341,136.2455401386438,21,0.20322171,1,False,123,18
624.0,0.89967954,2.237951,1.0064546,0.962963,0.9570552147239264,0.7733287058894127,211.65394475502606,21,0.23695953,1,False,123,19
597.0,0.7850954,1.5872573,0.7138236,0.8888889,0.9629032258064516,0.7275736847361217,135.63868385364992,21,0.16806254,1,False,123,20
832.0,0.8319429,2.1082175,0.9481106,0.9259259,0.9742388758782201,0.694519953578083,135.63868385364992,21,0.22322305,1,False,123,21
496.0,0.6544355,2.2699156,1.0193827,1.5121951,0.9631067961165048,0.47788761037775646,173.82856757694555,8,0.3649668,0,True,124,1
591.0,0.6326333,2.0547645,0.92276174,1.5853659,0.9704433497536946,0.715206943341338,112.13588050806017,8,0.3303739,0,False,124,2
698.0,0.8886623,2.1011252,0.94358164,1.3658537,0.9735006973500697,0.7645672961770542,112.13588050806017,8,0.33782798,1,False,124,3
722.0,0.9060073,2.7111683,1.2175422,1.5609756,0.9665327978580991,0.8197660494036602,553.376073659999,8,0.43591332,1,False,124,4
459.0,0.61366993,2.306552,1.0358355,1.6097561,0.9663157894736842,0.762565523144459,97.59238331109214,8,0.37085736,0,False,124,5
730.0,0.84085417,2.183595,0.98061746,1.5365853,0.9681697612732095,0.7854290251128732,97.59238331109214,8,0.35108784,1,False,124,6
675.0,0.9182164,2.422511,1.0879109,0.9512195,0.9670487106017192,0.6981573422149799,139.20655043511752,8,0.3895018,1,False,124,7
601.0,0.7262798,1.8838116,0.8459896,1.0731708,0.9693548387096774,0.8708736349527642,139.20655043511752,8,0.30288735,0,False,124,8
899.0,0.8046108,1.669549,0.9996707,1.0754716,0.9718918918918918,0.44158640952812594,699.5801291153718,9,0.34700432,1,False,125,1
729.0,0.8807123,1.6444082,0.9846172,1.1320754,0.9655629139072848,0.7636407901556511,238.94616959667994,9,0.34177896,1,False,125,2
515.0,0.620316,1.7088478,1.0232015,1.264151,0.9537037037037037,0.603064241263329,238.94616959667994,9,0.35517228,0,False,125,3
675.0,0.57539576,1.8468764,1.1058484,1.3584906,0.9684361549497847,0.6181747063308437,264.39189123871733,9,0.38386056,0,False,125,4
542.0,0.64238477,1.6073593,0.9624335,1.264151,0.9713261648745519,0.5127706095182352,80.92565249246357,9,0.33407858,0,False,125,5
1006.0,0.58834445,1.8809407,1.126245,1.226415,0.9617590822179732,0.7951492918175423,167.44226767234852,9,0.3909406,0,False,125,6
590.0,0.79533404,1.670099,1.0,1.1509434,0.9624796084828712,0.6133897977333402,80.92565249246357,9,0.34711865,1,False,125,7
652.0,0.66967404,1.4630744,0.8760405,1.018868,0.978978978978979,0.7804321313017392,195.2356845728854,9,0.30409,1,False,125,8
479.0,0.82642764,1.8170717,1.0880023,1.1509434,0.9696356275303644,0.6957913952494048,167.44226767234852,9,0.37766588,1,False,125,9
655.0,0.86406827,2.951791,1.0095257,1.2692307,0.9718100890207715,0.7398077443352873,128.5196260015549,41,0.30096692,1,False,126,1
559.0,0.70107687,2.9910555,1.0229542,1.3846154,0.9621342512908778,0.6044201466715136,151.87850473236105,41,0.30497035,1,False,126,2
882.0,0.89689654,3.4603612,1.1834589,1.3461539,0.9702970297029703,0.5674197014959024,66.6648409882841,41,0.35282114,1,False,126,3
540.0,0.91570807,4.221937,1.4439212,1.2692307,0.967741935483871,0.7361489944187459,66.6648409882841,41,0.43047205,1,False,126,4
973.0,0.90202534,3.9635148,1.3555396,1.2692307,0.972027972027972,0.7252635708004389,109.77634681338448,41,0.40412307,1,False,126,5
690.0,0.77612394,3.0931995,1.0578879,1.3076923,0.9704641350210971,0.7128636403387778,106.14719272266426,41,0.31538504,1,False,126,6
683.0,0.8798955,3.6612794,1.2521738,1.3076923,0.9757142857142858,0.6200976623205892,131.79207983611175,41,0.37330693,1,False,126,7
697.0,0.8509016,2.2016885,0.7529872,1.0769231,0.9707520891364902,0.7150258413030951,109.77634681338448,41,0.2244859,1,False,126,8
673.0,0.9306879,3.898674,1.3333638,1.1538461,0.9697406340057637,0.6680751827641258,50.2158289476203,41,0.39751187,1,False,126,9
557.0,0.89607495,2.7485845,0.9400281,1.1538461,0.9603448275862069,0.6935259027071515,146.54693076444602,41,0.28024784,1,False,126,10
738.0,0.8474042,3.4161456,1.1683369,1.2307693,0.9672346002621232,0.8318196692723504,50.2158289476203,41,0.34831288,1,False,126,11
802.0,0.8850227,3.9550643,1.3526495,1.2307693,0.9876847290640394,0.6639413303029474,123.23538112370115,41,0.40326145,1,False,126,12
528.0,0.67189544,2.8025205,0.9584744,1.4230769,0.967032967032967,0.7528094611411796,34.31659444930033,41,0.28574717,1,False,126,13
785.0,0.8065043,3.2931406,1.1262686,1.4615384,0.965559655596556,0.8626412802212,34.31659444930033,41,0.3357712,1,False,126,14
533.0,0.7602399,2.3621736,0.80787385,1.2692307,0.9673321234119783,0.7830306723297803,49.04175230385533,41,0.24084906,1,False,126,15
556.0,0.90952176,3.954275,1.3523796,1.3076923,0.9669565217391304,0.8197589132683804,49.04175230385533,41,0.403181,1,False,126,16
611.0,0.8879111,2.4003525,0.8209312,1.1923077,0.9760383386581469,0.7402530584477134,52.885456363210814,41,0.24474183,1,False,126,17
781.0,0.8323467,2.980203,1.0192426,1.2884616,0.9689826302729528,0.41896548736270267,117.79745573125582,41,0.30386382,1,False,126,18
349.0,0.9025227,3.4147012,1.167843,1.0384616,0.9640883977900553,0.42386979778176337,110.80650537700987,41,0.34816563,1,True,126,19
570.0,0.80063295,2.8894064,0.9881898,1.4230769,0.9661016949152542,0.6337113950491154,44.98341355692025,41,0.29460615,1,False,126,20
460.0,0.6892583,2.3211539,0.7938449,1.1538461,0.9465020576131687,0.8633738213317441,118.15607992641647,41,0.23666666,1,False,126,21
527.0,0.5695204,2.5578017,0.8747795,1.4230769,0.9529837251356239,0.43522427997427465,44.98341355692025,41,0.26079547,1,False,126,22
869.0,0.9023895,2.6684961,0.9126375,1.2307693,0.9634146341463414,0.7086384605143938,137.12435329500448,41,0.27208194,1,False,126,23
512.0,0.91881895,4.205078,1.4381553,1.0384616,0.9678638941398866,0.6807372272188537,96.65181621702516,41,0.42875308,1,False,126,24
460.0,0.7768969,2.5804346,0.88252,1.0769231,0.9663865546218487,0.3835742471899958,96.65181621702516,41,0.26310313,1,True,126,25
583.0,0.8761376,2.7857237,0.9527298,1.3461539,0.919558359621451,0.851261260271696,132.7815374456993,41,0.28403458,1,False,126,26
787.0,0.9266911,5.4567003,1.8662157,1.2692307,0.968019680196802,0.8291040995895148,86.09220942848705,41,0.5563694,1,False,126,27
530.0,0.88907886,3.6850507,1.2603036,1.2692307,0.9601449275362319,0.5966147854272531,86.09220942848705,41,0.37573066,1,False,126,28
490.0,0.63959986,2.5245683,0.8634136,1.4230769,0.9683794466403162,0.6008706900786351,112.30602872650331,41,0.25740698,1,False,126,29
612.0,0.90245414,2.6300278,0.8994811,0.9230769,0.9622641509433962,0.7143333096805898,132.7815374456993,41,0.2681597,1,False,126,30
462.0,0.6999321,2.2254412,0.7611107,1.1923077,0.9604989604989606,0.6033209955543244,96.39401336451455,41,0.22690775,1,False,126,31
414.0,0.84793967,2.5880713,0.88513184,1.1538461,0.9539170506912442,0.8365964722885006,105.0484542882531,41,0.2638818,1,False,126,32
882.0,0.8949935,3.3444967,1.1438327,1.2307693,0.9724366041896362,0.682668493715093,88.53021810586048,41,0.34100753,1,False,126,33
714.0,0.85138136,2.9239388,1.0,1.2692307,0.9661705006765899,0.7806830027800112,145.0786946501972,41,0.29812708,1,False,126,34
887.0,0.7915467,2.4533432,0.8390542,1.1153846,0.9693989071038251,0.4921702004019095,161.31693232870455,41,0.25014478,1,False,126,35
765.0,0.7195182,2.2867773,0.7820879,1.1923077,0.9695817490494296,0.8707605318414632,105.0484542882531,41,0.2331616,1,False,126,36
857.0,0.9080742,3.4796247,1.190047,1.1923077,0.9827981651376146,0.5188773842527258,88.53021810586048,41,0.35478526,1,False,126,37
916.0,0.8868226,3.209775,1.0977572,1.2307693,0.9744680851063829,0.5812429662098797,122.03371313134059,41,0.32727116,1,False,126,38
713.0,0.6990072,2.8104434,0.9611841,1.0384616,0.9622132253711201,0.8127874251986367,131.5697191610306,41,0.286555,1,False,126,39
783.0,0.87717426,2.41453,0.82578,1.1153846,0.9799749687108886,0.7166743696980461,117.97943794508211,41,0.24618737,1,False,126,40
562.0,0.75049895,2.1939502,0.7503407,0.96153843,0.95578231292517,0.8736566625965769,117.97943794508211,41,0.22369689,1,False,126,41
959.0,0.6918523,2.3156066,1.2863843,1.4444444,0.9765784114052953,0.7062016439589895,80.79934700410531,19,0.24518187,1,False,127,1
1085.0,0.9136496,2.2854412,1.2696266,1.2592592,0.9748427672955975,0.6845225235191845,80.79934700410531,19,0.2419879,1,False,127,2
723.0,0.8779215,1.9038984,1.0576689,1.074074,0.9704697986577181,0.858016108550278,200.18786519656632,19,0.20158923,0,False,127,3
363.0,0.6437531,1.7758392,0.98652846,0.962963,0.952755905511811,0.8513010833357448,200.79342275380017,19,0.18803003,1,False,127,4
461.0,0.5414572,2.308267,1.282307,1.3703704,0.9644351464435147,0.7384842919455846,261.79934666694953,19,0.24440475,1,False,127,5
723.0,0.8192662,1.6439219,0.91324466,1.0,0.9704697986577181,0.5257694183297089,200.79342275380017,19,0.17406231,1,False,127,6
464.0,0.8289384,1.9014208,1.0562925,1.1111112,0.9626556016597511,0.8190474954148178,88.45606360211988,19,0.20132692,1,False,127,7
581.0,0.82668823,1.8000892,1.0,1.1111112,0.9651162790697675,0.7025406374856803,110.35099236050071,19,0.19059768,1,False,127,8
561.0,0.5988047,2.0866838,1.1592113,1.3333334,0.9705882352941176,0.6206796505321149,88.45606360211988,19,0.22094299,1,False,127,9
529.0,0.8582453,1.7040538,0.9466496,0.962963,0.9653284671532847,0.5147306583385591,184.46679234646513,19,0.18042922,1,False,127,10
736.0,0.8557598,1.8612622,1.0339833,1.1111112,0.9620915032679739,0.5993424462145438,109.43285336642744,19,0.19707482,1,False,127,11
752.0,0.7844441,1.9928093,1.1070614,1.3333334,0.9678249678249679,0.7717394270769689,331.15194844351595,19,0.21100333,1,False,127,12
575.0,0.729439,1.787504,0.9930085,1.1111112,0.9712837837837838,0.6252331298030975,109.43285336642744,19,0.18926513,1,False,127,13
791.0,0.7623361,1.4655149,0.8141346,0.8518519,0.972939729397294,0.6891559795836572,153.40821614576552,19,0.15517215,1,False,127,14
499.0,0.6678612,1.7966303,0.99807847,1.1111112,0.9577735124760077,0.6774603380076982,182.57142247380057,19,0.19023144,1,False,127,15
562.0,0.6014933,1.7327666,0.9626004,1.0,0.9639794168096055,0.6314753885724257,242.2547618538839,19,0.1834694,1,False,127,16
624.0,0.6178859,1.3906102,0.7725229,0.8518519,0.9585253456221198,0.8009266381265283,73.8854397270422,19,0.14724107,1,False,127,17
381.0,0.57688236,1.3718286,0.7620892,0.8888889,0.9071428571428571,0.48182460469702976,73.8854397270422,19,0.14525244,1,False,127,18
649.0,0.7139853,2.1066027,1.1702768,1.3333334,0.9715568862275449,0.6738798708793724,331.15194844351595,19,0.22305205,1,False,127,19
1020.0,0.89810467,2.8328977,1.276127,1.1944444,0.9732824427480916,0.6255954671092997,81.74334008652708,13,0.3999385,1,False,128,1
724.0,0.8493988,1.9521563,0.8793821,1.1111112,0.9731182795698925,0.7374433189504453,81.74334008652708,13,0.27559853,1,False,128,2
780.0,0.86296636,3.0038462,1.3531337,1.1388888,0.966542750929368,0.6271567182695988,171.87439735155058,13,0.42407238,1,False,128,3
867.0,0.8852432,2.4683454,1.1119082,1.1388888,0.9741573033707865,0.6150501884615674,96.2594104239436,13,0.3484723,1,False,128,4
899.0,0.9137212,2.8886418,1.301238,1.0833334,0.9793028322440087,0.7568529401462344,150.1902868711597,13,0.40780824,1,False,128,5
422.0,0.77477926,2.2199183,1.0,1.1388888,0.9634703196347032,0.5131702268994173,63.761878988321754,13,0.31340024,1,False,128,6
509.0,0.84245926,2.2605872,1.0183201,1.1388888,0.975095785440613,0.46942394357396644,103.5695168411057,13,0.31914175,0,False,128,7
461.0,0.67605805,2.109002,0.9500359,1.1666666,0.9584199584199584,0.5595966269712637,63.761878988321754,13,0.2977415,1,False,128,8
623.0,0.7111699,1.8829588,0.8482109,1.1666666,0.9795597484276729,0.626754867966438,164.44525765443652,13,0.26582947,0,False,128,9
556.0,0.71572864,2.0269785,0.913087,1.1388888,0.9703315881326352,0.6705354553110534,179.51374313417838,13,0.28616166,1,False,128,10
720.0,0.8467811,1.8904321,0.85157734,0.9722222,0.972972972972973,0.6978365200334067,243.92574529197384,13,0.26688454,1,False,128,11
556.0,0.9083369,2.7754297,1.2502396,1.0833334,0.9652777777777778,0.49451808820249055,179.51374313417838,13,0.39182535,1,False,128,12
530.0,0.81468743,1.3208071,0.59498006,0.5555556,0.9671532846715328,0.5458298096322902,585.086122325789,13,0.18646689,1,False,128,13
806.0,0.8389335,2.6311488,0.77775276,1.2941177,0.96875,0.8250846328017896,246.55053896750715,41,0.17540993,1,False,129,1
905.0,0.88827646,3.3481963,0.98970795,1.1764706,0.9741657696447793,0.5901264148753758,43.87912304295883,41,0.22321309,1,False,129,2
1126.0,0.91279215,4.567861,1.350234,1.3529412,0.9782797567332754,0.7648105923467894,43.87912304295883,41,0.3045241,1,False,129,3
747.0,0.78175193,2.6163478,0.77337766,1.1764706,0.9701298701298702,0.6883236782547577,281.2547628082367,41,0.17442319,1,False,129,4
914.0,0.91645,3.7166946,1.098634,1.117647,0.9692470837751855,0.7736408446362131,110.25188213092088,41,0.24777964,1,False,129,5
1026.0,0.900042,3.465715,1.0244458,1.1764706,0.9780743565300286,0.4495185196986555,138.44940927787712,41,0.23104766,1,False,129,6
554.0,0.72431517,2.9280102,0.8655033,1.4705882,0.9502572898799314,0.6959592088143397,143.84463400628178,41,0.19520068,1,False,129,7
1092.0,0.9078503,3.3328485,0.98517126,1.5294118,0.9715302491103203,0.6027393806219081,31.640054364425726,41,0.2221899,1,False,129,8
546.0,0.7214968,3.2268908,0.95385075,1.4117647,0.9646643109540636,0.8177744416048358,76.39223099502775,41,0.21512605,1,False,129,9
907.0,0.7204185,3.254167,0.96191347,1.4117647,0.9700534759358289,0.6888403752295977,76.39223099502775,41,0.21694447,1,False,129,10
729.0,0.908443,3.1961591,0.94476664,1.1764706,0.9759036144578314,0.7263145066703511,142.79623978929428,41,0.21307728,1,False,129,11
799.0,0.75063443,3.0016932,0.8872836,1.882353,0.9684848484848485,0.6852547314722556,43.80263108476878,41,0.20011288,1,False,129,12
779.0,0.81767976,2.9897304,0.88374746,1.5882353,0.9701120797011208,0.665654963592316,31.640054364425726,41,0.19931535,1,False,129,13
715.0,0.6778774,3.6116824,1.067593,1.6470588,0.9714673913043478,0.7237321218070654,42.85204858520469,41,0.24077883,1,False,129,14
1381.0,0.7759367,3.5968394,1.0632055,1.9411764,0.9287155346334902,0.8377934796441439,42.85204858520469,41,0.23978929,1,False,129,15
667.0,0.9127025,3.3830144,1.0,1.0588236,0.9652677279305355,0.46325651924790207,95.93226567800772,41,0.22553429,1,False,129,16
859.0,0.8966605,3.762583,1.1121984,1.2352941,0.9673423423423423,0.6160048692360839,100.85552138371602,41,0.25083888,1,False,129,17
773.0,0.91056997,5.1034927,1.5085636,1.3529412,0.9723270440251572,0.5876708714561354,194.76951956187827,41,0.34023285,1,False,129,18
560.0,0.63427174,2.3549368,0.6961061,1.0588236,0.9655172413793104,0.6807448959224842,111.60251552883282,41,0.1569958,0,False,129,19
486.0,0.58678293,3.174655,0.9384101,1.5294118,0.9700598802395209,0.4074491887477286,30.65849418610823,41,0.21164367,1,False,129,20
722.0,0.7334094,3.3085384,0.9779853,1.4117647,0.9613848202396804,0.7596348119532876,24.064209503885387,41,0.22056922,1,False,129,21
705.0,0.91300803,4.1702127,1.2326914,1.2352941,0.9724137931034482,0.32033984018189715,124.66318672761669,41,0.27801418,1,False,129,22
641.0,0.84193206,3.9720104,1.1741039,1.3529412,0.9624624624624625,0.3771758555254682,24.064209503885387,41,0.2648007,1,False,129,23
657.0,0.8157221,3.0545259,0.90290064,1.4117647,0.9704579025110783,0.501427148866253,30.65849418610823,41,0.20363507,1,False,129,24
950.0,0.8357193,3.5059443,1.0363374,1.4117647,0.9743589743589743,0.6150868886009798,164.66018278334374,41,0.23372962,1,False,129,25
651.0,0.5635252,3.4232402,1.0118905,1.7647059,0.9745508982035929,0.6094344249156689,62.170030800825366,41,0.228216,1,False,129,26
853.0,0.8789647,3.9102132,1.1558369,1.4705882,0.9759725400457666,0.6244787276649096,60.152247975823535,41,0.26068088,1,False,129,27
809.0,0.9147095,4.0585327,1.1996794,1.2352941,0.9711884753901561,0.5306974963337444,79.12810693053441,41,0.27056885,1,False,129,28
668.0,0.9203534,5.06851,1.498223,1.117647,0.9709302325581395,0.6139728362622143,62.170030800825366,41,0.33790067,1,False,129,29
773.0,0.9020369,4.1770797,1.2347212,1.4705882,0.976010101010101,0.6337299011962507,130.91715023981067,41,0.27847198,1,False,129,30
779.0,0.8056885,2.9673789,0.87714046,1.0588236,0.9713216957605985,0.6232618015728478,92.01758223891072,41,0.19782527,1,False,129,31
796.0,0.842487,3.648389,1.0784433,1.2352941,0.9707317073170731,0.7279556976636631,85.86520661819489,41,0.24322593,1,False,129,32
893.0,0.8700744,1.9220736,0.5681541,0.7647059,0.9654054054054054,0.5002447430233047,188.25883265826593,41,0.12813824,0,False,129,33
885.0,0.9010702,3.5599868,1.052312,1.117647,0.9800664451827242,0.6982457032348659,78.148647638996,41,0.23733245,1,False,129,34
811.0,0.93244845,5.745195,1.6982472,1.4705882,0.9700956937799043,0.754862847118953,86.17911239235974,41,0.38301298,1,False,129,35
519.0,0.78666365,2.682761,0.79300904,1.1764706,0.9719101123595506,0.5118703628298178,48.052804993898434,41,0.17885074,0,False,129,36
751.0,0.90818524,4.936242,1.4591254,1.2941177,0.9665379665379665,0.7780261702776922,48.052804993898434,41,0.32908282,1,False,129,37
802.0,0.8692044,3.2405016,0.957874,1.0588236,0.975669099756691,0.6865695881857966,170.6548962122135,41,0.21603344,1,False,129,38
883.0,0.8878067,3.2842581,0.9708082,1.117647,0.9756906077348066,0.85002683855821,164.6563754857557,41,0.21895055,1,False,129,39
776.0,0.8951487,4.868557,1.439118,1.5294118,0.9724310776942355,0.5116915788959052,216.0280684723109,41,0.32457045,1,False,129,40
722.0,0.8354571,1.7606323,0.52043295,0.7647059,0.9730458221024259,0.5140380637486035,188.25883265826593,41,0.117375486,0,False,129,41
887.0,0.9287796,2.2045739,1.2222887,1.2285714,0.9725877192982456,0.673812002400071,265.5183690344202,4,0.30258858,1,False,130,1
779.0,0.91514015,2.068513,1.146852,1.2,0.9761904761904762,0.6546839646297868,265.5183690344202,4,0.28391352,1,False,130,2
545.0,0.85147697,1.400629,0.77655506,0.85714287,0.9714795008912656,0.5089774001047062,161.190458959038,4,0.1922432,1,False,130,3
476.0,0.86804247,1.5387756,0.8531481,0.6857143,0.9734151329243353,0.42294670278312374,161.190458959038,4,0.21120448,1,False,130,4
433.0,0.59718335,1.945086,0.8524106,1.1851852,0.9643652561247216,0.7254965930885344,134.3773360146417,3,0.20595029,1,False,131,1
1086.0,0.7477918,2.72744,1.1952679,1.4444444,0.9828054298642533,0.586521411920979,176.43572235359306,3,0.28878778,1,False,131,2
1178.0,0.9135324,2.2818651,1.0,1.1851852,0.9775933609958506,0.482496648359666,134.3773360146417,3,0.24160923,1,False,131,3
653.0,0.70632076,3.658171,0.8679269,1.5,0.9702823179791976,0.6717908125463863,130.13432462329698,33,0.20084076,1,False,132,1
1070.0,0.9232179,6.596128,1.564978,1.3571428,0.9683257918552036,0.7492110363416576,81.441918398908,33,0.36214036,1,False,132,2
939.0,0.8318821,4.7183175,1.1194541,1.3571428,0.9771071800208116,0.4799691577591866,188.01511259340697,33,0.2590449,1,False,132,3
822.0,0.8870903,4.4880953,1.0648323,1.2142857,0.9558139534883721,0.7670289395802435,130.13432462329698,33,0.24640523,1,False,132,4
1137.0,0.85310155,5.643988,1.339076,1.5,0.9768041237113402,0.6544101282839597,81.441918398908,33,0.309866,1,False,132,5
849.0,0.92052937,7.055527,1.6739737,1.9285715,0.9758620689655172,0.6718139349397099,93.41698050629817,33,0.38736227,1,False,132,6
589.0,0.7142648,3.8344653,0.909754,1.5714285,0.9655737704918033,0.5907268367355867,110.5870495585865,33,0.21051966,1,False,132,7
957.0,0.919192,8.055979,1.9113379,1.5,0.9725609756097561,0.4282923370412604,36.09319242179002,33,0.44228902,1,False,132,8
990.0,0.85934246,5.389827,1.2787745,1.7142857,0.9620991253644315,0.6807998196454085,36.09319242179002,33,0.29591206,1,False,132,9
908.0,0.8262115,5.4584646,1.2950593,1.5,0.9763440860215054,0.36401948190551514,71.10607058394113,33,0.2996804,1,False,132,10
905.0,0.91493016,5.992423,1.4217447,1.5714285,0.9720730397422127,0.7702926222419021,40.41587897015965,33,0.32899576,1,False,132,11
1226.0,0.8972236,5.924668,1.4056693,1.5714285,0.9768924302788845,0.574735277051141,71.10607058394113,33,0.3252759,1,False,132,12
1163.0,0.6942694,4.090468,0.9704924,1.7142857,0.9756711409395973,0.8294747575351819,60.840063133944355,33,0.22457471,1,False,132,13
1056.0,0.69200087,3.5146103,0.8338661,1.7142857,0.9777777777777777,0.6300039900812733,116.00027161140312,33,0.192959,1,False,132,14
934.0,0.72558254,3.3477364,0.7942741,1.6428572,0.9719042663891779,0.3710781316759872,110.01326458833957,33,0.18379728,1,False,132,15
663.0,0.6272204,3.3372118,0.7917771,1.5714285,0.9707174231332357,0.7513710135397468,167.75608975109967,33,0.18321948,1,False,132,16
778.0,0.8566713,3.7794712,0.8967062,1.2857143,0.9712858926342073,0.6323695416864942,60.840063133944355,33,0.20750038,1,False,132,17
939.0,0.92800856,6.107029,1.4489357,1.0714285,0.9690402476780186,0.8030871352650386,147.62986792938685,33,0.33528787,1,False,132,18
1302.0,0.9109365,7.1395655,1.6939124,1.7857143,0.970917225950783,0.4995166184449027,85.39477582937613,33,0.39197615,1,False,132,19
515.0,0.7051514,3.140638,0.7451386,1.2857143,0.9698681732580038,0.5584901334009665,85.39477582937613,33,0.17242719,1,False,132,20
440.0,0.65135473,2.6493506,0.6285772,1.0,0.9565217391304348,0.8153879494190781,39.485803836286074,33,0.14545454,1,False,132,21
602.0,0.91667646,3.7873752,0.89858156,0.9285714,0.9694041867954911,0.5896904454442178,39.485803836286074,33,0.20793433,1,False,132,22
458.0,0.6885349,3.4589832,0.8206682,1.3571428,0.9581589958158996,0.8479966764476627,147.62986792938685,33,0.18990496,1,False,132,23
883.0,0.9222481,6.92299,1.6425283,1.6428572,0.9713971397139713,0.7238440464756539,125.53081501527201,33,0.38008574,1,False,132,24
623.0,0.89618224,4.309791,1.0225284,1.2857143,0.9614197530864198,0.359885141389218,112.84417766685839,33,0.23661599,1,False,132,25
508.0,0.8547707,3.5132172,0.8335356,0.9285714,0.9621212121212122,0.6530711443147277,53.68667013530294,33,0.19288251,1,False,132,26
674.0,0.844586,2.75816,0.65439296,0.9285714,0.975397973950796,0.4286561738559952,221.89838082127193,33,0.1514284,1,False,132,27
1192.0,0.8882913,4.4568553,1.0574204,1.5714285,0.9738562091503268,0.6261978203608459,125.53081501527201,33,0.24469009,1,False,132,28
1035.0,0.71494555,4.2148376,1.0,1.5714285,0.971830985915493,0.5161652786821033,33.69831103140097,33,0.23140286,1,False,132,29
913.0,0.54542017,3.5420907,0.84038603,1.8571428,0.9671610169491526,0.4986138706552891,53.68667013530294,33,0.19446772,1,False,132,30
857.0,0.83964574,4.793382,1.1372638,1.2857143,0.9417582417582417,0.8593452817019875,33.69831103140097,33,0.2631661,1,False,132,31
427.0,0.6037838,2.5443292,0.6036601,1.0714285,0.9704545454545455,0.8105134511452184,131.18404418042158,33,0.13968867,1,False,132,32
443.0,0.6709866,2.5741696,0.61073995,1.0,0.9651416122004357,0.4590569097331135,193.1341793571177,33,0.14132696,1,False,132,33
460.0,0.90096337,2.8748791,0.98839325,1.1666666,0.9623430962343096,0.8938100278627841,264.168430081586,27,0.20293266,0,True,133,1
513.0,0.93246955,6.7247133,2.3119793,1.4444444,0.9752851711026616,0.8125337908873421,32.18366025539627,27,0.47468564,1,True,133,2
581.0,0.89081705,3.570281,1.2274748,1.2777778,0.957166392092257,0.8848781758099241,433.296531441295,27,0.25201985,1,False,133,3
448.0,0.7939163,2.5554316,0.8785661,1.2222222,0.9531914893617022,0.7325435938503344,61.05156024848482,27,0.1803834,1,False,133,4
493.0,0.8647655,2.7658327,0.9509027,1.2777778,0.9666666666666667,0.4926231279848332,61.05156024848482,27,0.19523525,1,False,133,5
520.0,0.86484164,3.7010684,1.27244,1.4444444,0.9683426443202979,0.7328859209648542,32.18366025539627,27,0.2612519,1,False,133,6
708.0,0.7683561,2.6397521,0.9075558,1.1666666,0.9567567567567568,0.7310822082905372,87.96059043953468,27,0.18633544,1,False,133,7
650.0,0.91524595,5.8517947,2.011867,1.5,0.9715994020926756,0.525055773533675,166.23495300505172,27,0.41306788,1,False,133,8
715.0,0.7224188,3.036752,1.0440457,1.5555556,0.9714673913043478,0.613547056832515,47.131315113037346,27,0.21435897,1,False,133,9
553.0,0.8230756,2.6307013,0.9044441,1.1666666,0.9634146341463414,0.7127380339899032,47.131315113037346,27,0.18569656,1,False,133,10
488.0,0.8707651,2.5589707,0.87978286,1.1111112,0.9644268774703557,0.26628528869213686,76.3832085172497,27,0.18063323,1,False,133,11
375.0,0.7094588,2.150963,0.73950845,1.1111112,0.9615384615384616,0.7337411796637695,239.24380008606678,27,0.15183268,1,False,133,12
442.0,0.65670305,2.1540976,0.7405861,1.0555556,0.9650655021834061,0.4916005632966189,239.24380008606678,27,0.15205394,1,False,133,13
471.0,0.83577704,2.4866714,0.8549261,1.0555556,0.9612244897959183,0.8424126091631277,324.66564895363643,27,0.17552975,0,True,133,14
1102.0,0.8686346,3.4986389,1.202844,1.3333334,0.9760850310008857,0.5696041921583398,176.17751109200134,27,0.24696274,1,False,133,15
795.0,0.9211888,4.343816,1.4934187,1.2777778,0.9802712700369913,0.5199335856555042,176.17751109200134,27,0.3066223,1,False,133,16
780.0,0.9025541,3.8542023,1.3250879,1.2222222,0.9762202753441802,0.7195373763208834,237.60327536045713,27,0.27206135,1,False,133,17
964.0,0.914108,3.9319386,1.3518139,1.0,0.9698189134808853,0.8265139302292946,204.87775993734883,27,0.2775486,1,False,133,18
350.0,0.87458825,3.1604762,1.0865825,0.8888889,0.9562841530054644,0.8628560395134489,112.49311341499414,27,0.22309244,1,False,133,19
674.0,0.9134637,3.4398284,1.1826247,1.0555556,0.9628571428571429,0.8323916594289695,237.60327536045713,27,0.24281143,1,False,133,20
406.0,0.870028,2.596059,0.89253396,1.0555556,0.9666666666666667,0.47754190390801676,112.49311341499414,27,0.18325123,1,False,133,21
538.0,0.7317152,1.8518175,0.6366612,0.7777778,0.9693693693693693,0.7504396183476546,121.32395912006265,27,0.13071653,1,False,133,22
506.0,0.84425324,2.9339042,1.0086863,1.1666666,0.9547169811320755,0.794926005101375,175.68901294585487,27,0.20709912,1,False,133,23
827.0,0.85998046,2.908639,1.0,1.1111112,0.9729411764705882,0.5076482672947851,270.7181060124984,27,0.2053157,1,False,133,24
1065.0,0.7716322,2.6890454,0.92450297,0.9444444,0.9743824336688015,0.6332950200939983,121.32395912006265,27,0.18981497,1,False,133,25
652.0,0.91039336,4.0099697,1.3786412,1.1111112,0.9731343283582089,0.7376853452151847,211.54528474122202,27,0.28305668,1,False,133,26
579.0,0.9008771,2.6280944,0.9035478,0.8888889,0.9698492462311558,0.8377389963283889,163.61504781681268,27,0.18551254,1,False,133,27
756.0,0.62700486,1.9791006,0.9517462,1.25,0.9767441860465116,0.6486423515524823,233.9311656493159,6,0.23283535,1,False,134,1
494.0,0.58748907,2.2996626,1.105904,1.3666667,0.9629629629629629,0.6965642165522848,485.5609118681321,6,0.27054852,0,False,134,2
595.0,0.76529247,1.9935575,0.95869845,1.1666666,0.9754098360655737,0.6033416363343082,233.9311656493159,6,0.23453617,1,False,134,3
705.0,0.9018941,2.579858,1.2406495,1.1333333,0.9737569060773481,0.7255609368477652,61.14679213932718,6,0.30351272,1,False,134,4
770.0,0.77381206,2.0987446,1.0092828,1.1,0.9637046307884856,0.8150561460672575,61.14679213932718,6,0.24691112,1,False,134,5
434.0,0.6280564,2.0601382,0.99071705,1.1,0.9601769911504425,0.5234915675216035,284.8883185928539,6,0.2423692,1,False,134,6
1001.0,0.83426374,1.8002331,0.8560543,1.1666666,0.9718446601941747,0.3229040653544855,329.20529637808613,15,0.21179213,1,False,135,1
616.0,0.7311561,1.9284091,0.91700506,1.0666667,0.9565217391304348,0.7707644909288456,161.3754947337785,15,0.22687165,1,False,135,2
614.0,0.6656192,1.8749186,0.891569,1.2,0.9623824451410659,0.5470628067343772,161.3754947337785,15,0.22057866,1,False,135,3
733.0,0.90433615,2.2879035,1.0879533,1.0666667,0.9760319573901465,0.6215765449513327,70.93716430325935,15,0.26916513,1,False,135,4
589.0,0.8050068,2.1029427,1.0,1.1666666,0.9671592775041051,0.5612014398129291,223.85774276173677,15,0.24740504,1,False,135,5
567.0,0.91083455,2.5656085,1.2200087,1.1,0.9659284497444633,0.7998445269357413,70.93716430325935,15,0.30183628,1,False,135,6
531.0,0.8707802,1.9467671,0.9257347,1.1,0.968978102189781,0.7820682165395636,80.47076331573334,15,0.22903141,1,False,135,7
473.0,0.84520996,1.9618745,0.93291867,1.1333333,0.9732510288065843,0.6065462059189628,74.49963268722549,15,0.23080876,1,False,135,8
589.0,0.89564896,2.431126,1.1560591,1.0666667,0.9608482871125612,0.8125972658413498,80.47076331573334,15,0.28601485,1,False,135,9
413.0,0.62673885,1.6384988,0.7791457,0.96666664,0.971764705882353,0.5637951568073004,287.4460529154733,15,0.19276457,1,False,135,10
879.0,0.7664458,2.1240804,1.0100515,1.2,0.9810267857142857,0.5689074402232214,60.764360863137185,15,0.24989182,1,False,135,11
733.0,0.6151941,1.8653024,0.8869963,1.2,0.9556714471968709,0.7879521001366689,245.49118954646852,15,0.21944734,1,False,135,12
609.0,0.5849834,2.233826,1.0622381,1.5,0.96513470681458,0.6628400425484605,60.764360863137185,15,0.26280305,1,False,135,13
733.0,0.8869594,2.160482,1.0273613,1.0333333,0.9619422572178478,0.74046257921802,120.27194557416563,15,0.25417435,1,False,135,14
1066.0,0.89935625,2.625516,1.2484962,1.2666667,0.9770852428964253,0.54621099841445,87.17709839141493,15,0.30888423,1,False,135,15
812.0,0.90072453,1.2932115,1.0267284,0.68421054,0.9759615384615384,0.44578448470685333,35.56272244707444,2,0.28907079,1,False,136,1
785.0,0.89198446,1.22588,0.9732715,0.68421054,0.9691358024691358,0.6678022538203715,35.56272244707444,2,0.27402022,1,False,136,2
305.0,0.62283516,1.7875558,0.99324334,1.1136364,0.9384615384615385,0.8923051814549599,183.23979676203328,17,0.308441,0,True,137,1
536.0,0.78219926,1.7201493,0.9557893,1.1136364,0.9640287769784173,0.7374380643266714,328.1878727815768,17,0.29681006,1,False,137,2
696.0,0.8919484,2.7491183,1.5275291,1.1136364,0.96398891966759,0.8537374338927703,183.23979676203328,17,0.47435766,1,False,137,3
541.0,0.63917226,1.5965804,0.8871291,1.0,0.9458041958041958,0.8848337725856352,142.43117201483224,17,0.27548838,1,False,137,4
904.0,0.72632307,1.6989391,0.94400406,1.0681819,0.9751887810140237,0.6923552643971256,142.43117201483224,17,0.29315028,1,False,137,5
779.0,0.9013919,2.1768584,1.2095567,1.2272727,0.9641089108910891,0.8066284581998163,328.1878727815768,17,0.3756148,1,False,137,6
661.0,0.8677109,2.0461767,1.1369443,1.1363636,0.9607558139534884,0.8477889883657336,367.13006732421934,17,0.35306576,1,False,137,7
437.0,0.5583255,1.5047847,0.83612347,0.9318182,0.9562363238512035,0.800465663968355,269.97936081600784,17,0.25964913,1,False,137,8
592.0,0.9027689,1.7997159,1.0,0.97727275,0.965742251223491,0.8334515185510779,154.77973607553878,17,0.31053922,1,False,137,9
793.0,0.9023664,2.2281325,1.2380468,1.1590909,0.9802224969097652,0.5653871265163014,264.91544438656285,17,0.3844621,1,False,137,10
664.0,0.69420034,1.8488158,1.027282,1.0681819,0.9693430656934306,0.7618051603205327,87.63937779867976,17,0.31901133,1,False,137,11
480.0,0.63955885,1.7703125,0.98366225,1.1818181,0.967741935483871,0.811947024870206,241.90646610008966,17,0.3054657,1,False,137,12
524.0,0.8574764,2.0040338,1.1135279,0.97727275,0.9597069597069597,0.8956785034736993,92.78234766977569,17,0.34579405,1,False,137,13
674.0,0.8672136,1.9840504,1.1024243,1.0454545,0.9739884393063584,0.8266493910817214,87.63937779867976,17,0.34234595,1,False,137,14
751.0,0.79999477,2.05184,1.1400911,1.1590909,0.9615877080665813,0.8542899266774638,264.91544438656285,17,0.35404298,1,False,137,15
588.0,0.8668601,1.6115105,0.89542496,0.90909094,0.9607843137254902,0.8319022663610541,281.74159080309,17,0.27806455,1,False,137,16
485.0,0.86846167,1.7768978,0.98732126,1.0227273,0.97,0.73836416631119,279.22251730913086,17,0.30660197,1,False,137,17
498.0,0.79203874,1.8331509,1.0287375,1.1212121,0.9669902912621359,0.6253506308995678,314.226130641808,9,0.23723128,1,False,138,1
658.0,0.874039,1.854702,1.0408318,1.0909091,0.9577874818049491,0.8612347630704332,314.226130641808,9,0.24002026,1,False,138,2
734.0,0.8147246,1.7090248,0.95907986,1.060606,0.9683377308707124,0.6697047011525293,281.7460150280465,9,0.22116792,1,False,138,3
763.0,0.834996,1.8136542,1.0177964,1.1212121,0.9732142857142857,0.8161066843075724,345.8355648474282,9,0.23470819,1,False,138,4
587.0,0.8875238,1.7819421,1.0,0.8484849,0.9638752052545156,0.8257630608727434,281.7460150280465,9,0.23060428,1,False,138,5
844.0,0.9068163,1.8425965,1.0340384,1.030303,0.9690011481056258,0.7617362665164085,235.21464454298578,9,0.23845367,1,False,138,6
621.0,0.60589814,1.4548383,0.8164341,0.93939394,0.9598145285935085,0.5514506973912259,140.6237719019536,9,0.18827319,1,False,138,7
525.0,0.5548311,1.4266667,0.8006246,0.90909094,0.9510869565217391,0.7619918197946086,140.6237719019536,9,0.18462746,0,False,138,8
1136.0,0.8403791,1.7668321,0.99152046,0.93939394,0.975107296137339,0.6864016891920689,206.79290326643556,9,0.22864886,1,False,138,9
711.0,0.8389068,2.0570939,1.0252359,1.1875,0.9660326086956522,0.7934371146959355,384.87052049271205,11,0.25814512,1,False,139,1
658.0,0.70964897,2.006459,1.0,1.25,0.9648093841642229,0.49928487310488817,298.8952445996544,11,0.25179094,1,False,139,2
487.0,0.555212,1.7739348,0.8841122,1.0,0.951171875,0.6470077188891887,163.72158646447605,11,0.22261143,1,False,139,3
987.0,0.8699605,2.461753,1.2269142,1.28125,0.9619883040935673,0.7952347620983482,247.30479417991106,11,0.30892587,1,False,139,4
712.0,0.7103823,1.977133,0.9853842,1.03125,0.9713506139154161,0.7412838914030614,49.49769569206121,11,0.24811082,1,False,139,5
571.0,0.89754474,2.0175679,1.0055366,1.125,0.9612794612794613,0.5068633031010644,185.04680597587785,11,0.25318497,1,False,139,6
684.0,0.603268,1.7131305,0.85380787,1.0625,0.9674681753889675,0.581990278017104,49.49769569206121,11,0.21498108,1,False,139,7
910.0,0.8526179,1.8121566,0.9031615,1.15625,0.9691160809371672,0.566804904637149,67.59325668092298,11,0.22740789,1,False,139,8
818.0,0.8478547,1.7847646,0.8895097,1.125,0.9680473372781065,0.7867914508025278,67.59325668092298,11,0.22397047,1,False,139,9
1007.0,0.6921238,2.0398462,1.0166398,1.375,0.9682692307692308,0.6313801779613908,104.07730887297437,11,0.2559807,1,False,139,10
1070.0,0.90895,2.3648655,1.1786264,1.09375,0.9727272727272728,0.7152892518899503,104.07730887297437,11,0.29676744,1,False,139,11
646.0,0.893808,2.5363777,1.0979829,1.3,0.957037037037037,0.6932741885247352,234.44329044571967,6,0.2983974,1,False,140,1
535.0,0.86200476,2.5085359,1.0859303,1.2666667,0.9570661896243292,0.8759416862292434,234.44329044571967,6,0.29512185,1,False,140,2
696.0,0.9263918,3.45795,1.4969262,1.2333333,0.9573590096286108,0.8645452044444353,238.47721454888088,6,0.40681764,1,False,140,3
517.0,0.8516631,1.7915539,0.7755531,1.1333333,0.9645522388059702,0.6700687591392548,238.47721454888088,6,0.21077104,1,False,140,4
581.0,0.8125544,2.1115317,0.91406965,1.1,0.957166392092257,0.8886425838370345,271.6327666659618,6,0.24841551,1,False,140,5
508.0,0.7694457,1.8219161,0.7886967,0.93333334,0.9676190476190476,0.5911862651431863,474.87098565307906,6,0.21434307,1,False,140,6
614.0,0.557329,1.5285696,0.87725705,1.0625,0.9638932496075353,0.6480164416278333,211.28349521451207,5,0.28773072,1,False,141,1
503.0,0.66198105,1.5144135,0.86913276,1.0833334,0.9654510556621881,0.5284575734201112,211.28349521451207,5,0.28506607,1,False,141,2
890.0,0.92987883,2.4824438,1.4246924,1.1041666,0.9716157205240175,0.6155924728754467,53.566042413171004,5,0.46728355,1,False,141,3
747.0,0.9050687,1.742442,1.0,1.0104166,0.9764705882352941,0.3972733540320471,53.566042413171004,5,0.32798907,1,False,141,4
657.0,0.8919152,2.0049784,1.1506715,1.1041666,0.9647577092511013,0.6521362585359207,340.9001217010817,5,0.37740773,1,False,141,5
407.0,0.6317773,2.341763,1.1622539,1.3902439,0.9783653846153846,0.6204854319432378,310.88097652280635,17,0.37651876,0,False,142,1
516.0,0.6205882,1.8409435,0.91368926,1.1219512,0.9662921348314607,0.8508705185133044,104.04788781293658,17,0.29599485,1,False,142,2
878.0,0.92705345,3.224068,1.6001557,1.195122,0.9627192982456141,0.7377364436014955,211.82753938743141,17,0.51837957,1,False,142,3
690.0,0.8656494,2.36345,1.1730175,1.2439024,0.9691011235955056,0.6693886665056513,246.16443936610344,17,0.3800057,1,False,142,4
690.0,0.82463205,2.0148463,1.0,1.097561,0.965034965034965,0.8508979952379195,104.04788781293658,17,0.32395568,1,False,142,5
612.0,0.9170319,2.3998485,1.1910826,1.1219512,0.972972972972973,0.7335860734448421,112.67067133269762,17,0.385858,1,False,142,6
1000.0,0.9288157,2.524,1.2527009,1.0731708,0.9689922480620154,0.7547528982660641,137.39654330439805,17,0.40581962,1,False,142,7
627.0,0.8914345,1.9416502,0.96367157,1.0243902,0.9616564417177914,0.6616950092653607,127.73568761957863,17,0.3121869,1,False,142,8
387.0,0.6240462,2.4805572,1.2311397,1.4390244,0.9675,0.39360907043432625,334.05774577986614,17,0.39883468,0,False,142,9
581.0,0.8932334,2.4203434,1.2012546,1.1463414,0.9699499165275459,0.6282610998486965,166.95571835246446,17,0.38915324,1,False,142,10
787.0,0.8349104,1.6877925,0.8376781,1.097561,0.9692118226600985,0.7832963121673447,63.857389674584724,17,0.27137056,1,False,142,11
686.0,0.8659578,1.8136955,0.9001657,1.0,0.9716713881019831,0.9034450032997774,63.857389674584724,17,0.2916138,1,False,142,12
748.0,0.9050802,1.8990804,0.94254357,0.9268293,0.9639175257731959,0.8588003116841714,187.03576233824754,17,0.30534235,1,False,142,13
652.0,0.8919524,2.021061,1.0030844,1.0243902,0.9588235294117647,0.7579101895166596,166.95571835246446,17,0.32495487,1,False,142,14
669.0,0.869832,1.8585075,0.92240655,0.8292683,0.9752186588921283,0.786834996386837,246.49071226016926,17,0.29881886,1,False,142,15
718.0,0.87323177,1.4500985,0.7197068,0.8292683,0.9715832205683356,0.8093191406817856,246.49071226016926,17,0.2331531,1,False,142,16
584.0,0.7771085,1.7169229,0.8521359,1.0487804,0.9684908789386402,0.5313067609946249,467.9447105024689,17,0.27605426,0,False,142,17
795.0,0.8917894,2.3896856,0.9841266,1.4333333,0.9766584766584766,0.5484816671582357,138.14066367121796,10,0.2811395,1,False,143,1
753.0,0.9126527,2.756131,1.1350371,1.3,0.9592356687898089,0.765487938107023,105.01118868502799,10,0.3242507,1,False,143,2
970.0,0.8258662,2.7679038,1.1398854,1.3,0.9778225806451613,0.30911115393594707,105.01118868502799,10,0.32563576,1,False,143,3
664.0,0.8868061,2.4110441,0.99292254,1.3333334,0.9707602339181286,0.5651548989048836,136.7766710739904,10,0.28365225,1,False,143,4
950.0,0.89206606,2.6625612,1.096503,1.2666667,0.9723643807574207,0.6966043750208177,170.83800076822348,10,0.3132425,1,False,143,5
778.0,0.91408336,2.4454155,1.0070775,1.1,0.9628712871287128,0.763753364066384,283.0498607279781,10,0.28769594,1,False,143,6
709.0,0.8963468,1.864504,0.7678449,0.7,0.9712328767123287,0.8053964977583883,548.5698104722678,10,0.21935341,1,False,143,7
670.0,0.738168,1.916816,0.78938824,1.2666667,0.9696092619392185,0.2437508787645972,169.7550285076588,10,0.22550777,1,False,143,8
752.0,0.92300266,2.5905585,1.0668507,1.2,0.9740932642487047,0.8075680480109116,169.7550285076588,10,0.3047716,1,False,143,9
752.0,0.8706091,2.019681,0.83175033,1.1,0.9641025641025641,0.7478510020886838,201.3523665881414,10,0.23760952,1,False,143,10
739.0,0.56146353,2.1429515,1.120347,1.3589743,0.9622395833333334,0.6484706409209784,392.9673609030521,13,0.3277455,1,False,144,1
623.0,0.762956,1.8592831,0.9720436,1.1538461,0.974960876369327,0.6831549970359632,323.43088818963315,13,0.28436095,1,False,144,2
500.0,0.80439216,2.0462565,1.0697943,1.2051282,0.9578544061302682,0.7457626702902729,210.07744383914277,13,0.31295687,1,False,144,3
1025.0,0.84239507,1.5492682,0.8099661,0.9230769,0.9761904761904762,0.7221034114885128,371.8408677166469,13,0.23694691,1,False,144,4
1191.0,0.86211294,2.6343086,1.3772312,1.051282,0.9730392156862745,0.5881981908414842,321.85309843478433,13,0.40289426,1,True,144,5
688.0,0.8446306,1.7832438,0.9322898,1.1538461,0.9731258840169731,0.37402205266801336,121.86932286317352,13,0.2727314,1,False,144,6
700.0,0.9122185,2.0734432,1.0840076,1.1025641,0.9749303621169917,0.45593029622949366,59.74325011460342,13,0.31711486,1,False,144,7
805.0,0.7654756,1.9127569,1.0,1.1794872,0.9675480769230769,0.7446338429308349,201.97721232304755,13,0.2925393,1,False,144,8
578.0,0.88219684,1.792698,0.93723255,1.1282052,0.9697986577181208,0.7749699625652894,59.74325011460342,13,0.27417734,1,False,144,9
634.0,0.8658378,2.0936263,1.0945596,1.2051282,0.9694189602446484,0.6426350585604312,107.7673855307185,13,0.32020164,1,False,144,10
694.0,0.88378257,1.7872977,0.93440926,1.1538461,0.9719887955182073,0.8314421028488349,107.7673855307185,13,0.27335143,1,False,144,11
525.0,0.6698114,1.4686203,0.7678029,1.0769231,0.9686346863468634,0.4690015726262178,155.56643950628074,13,0.22461252,1,False,144,12
507.0,0.75622845,1.9544327,1.0217884,0.82051283,0.9787644787644788,0.7237211781635418,321.85309843478433,13,0.29891324,0,True,144,13
615.0,0.7565312,1.8398882,1.0,1.1875,0.968503937007874,0.5329690374318383,2000.0,1,0.23088793,1,False,145,1
599.0,0.7677043,1.7797933,1.1254394,1.1923077,0.9739837398373984,0.6680902788396381,557.3833811026317,6,0.36293823,1,False,146,1
706.0,0.93242234,2.377724,1.5035366,1.1153846,0.9671232876712329,0.6268751883429607,337.28713224291505,6,0.48486918,1,False,146,2
662.0,0.7209881,1.4276377,0.9027564,0.9807692,0.9720998531571219,0.6958809517055572,81.62596728605546,6,0.2911261,1,False,146,3
641.0,0.58643055,1.476359,0.93356496,1.0192307,0.9653614457831325,0.4447025362221982,81.62596728605546,6,0.30106145,1,False,146,4
515.0,0.64879495,1.6864825,1.0664351,1.1346154,0.9572490706319703,0.7360174223437526,575.4294214478806,6,0.34391016,1,False,146,5
1068.0,0.89182276,1.3576779,0.8585178,0.7307692,0.9709090909090909,0.6958562773840171,401.2575726176191,6,0.27685982,1,False,146,6
527.0,0.8886111,2.528273,1.064833,1.1,0.9652014652014652,0.719091092540572,84.39233947455484,16,0.19829594,1,False,147,1
373.0,0.70170844,2.4963806,1.0514008,1.3,0.9539641943734015,0.8447921530962335,54.4533347306469,16,0.19579455,1,False,147,2
747.0,0.8858965,2.6891565,1.1325923,1.3,0.97265625,0.5712826091477377,165.61611649708075,16,0.21091424,1,False,147,3
700.0,0.90462196,2.7965,1.1778021,1.15,0.9722222222222222,0.6235643435923298,54.4533347306469,16,0.21933334,1,False,147,4
659.0,0.89081496,2.4150987,1.0171673,1.2,0.9748520710059172,0.36302504339163194,103.44592463664934,16,0.1894195,1,False,147,5
436.0,0.59986514,1.9610093,0.82591844,1.0,0.9688888888888889,0.8014565200856508,73.95858599025046,16,0.15380464,1,False,147,6
811.0,0.8730786,2.415043,1.017144,0.95,0.9712574850299401,0.7190723384754804,73.95858599025046,16,0.18941514,1,False,147,7
669.0,0.84437996,2.3336322,0.9828561,1.15,0.9557142857142857,0.8968601310444687,146.9978600826826,16,0.18302998,1,False,147,8
632.0,0.8679015,2.2463608,0.94609994,1.05,0.9634146341463414,0.7972869730284469,192.53845708638542,16,0.17618516,1,False,147,9
655.0,0.73016614,2.202519,0.9276351,1.15,0.9703703703703703,0.6270102552801741,146.9978600826826,16,0.17274658,1,False,147,10
580.0,0.6397093,1.8747413,0.78958493,0.95,0.9634551495016611,0.7618534066860726,187.6856397615235,16,0.14703853,1,False,147,11
797.0,0.9004256,2.0399623,0.8591711,1.05,0.9613992762364294,0.7137095045408579,189.82286652873665,16,0.15999705,1,False,147,12
574.0,0.86398166,2.1668117,0.9125963,0.8,0.9712351945854484,0.7434387881015893,380.87852154330204,16,0.16994601,1,False,147,13
733.0,0.72643185,2.163779,0.911319,1.3,0.9695767195767195,0.6926393310042213,372.7299308251281,16,0.16970816,1,False,147,14
701.0,0.9242539,3.1721826,1.3360285,1.1,0.9695712309820194,0.6048832574664678,56.85645569482865,16,0.24879864,1,False,147,15
535.0,0.80400956,3.0879438,1.3005495,1.3,0.9553571428571429,0.7300967041020865,56.85645569482865,16,0.24219167,1,True,147,16
646.0,0.80615556,2.048905,0.89361626,1.2592592,0.9758308157099698,0.6276843460361287,746.8059814853182,3,0.21694288,0,True,148,1
992.0,0.90693396,2.292824,1.0,1.1111112,0.9715964740450539,0.7292493443798261,208.86104613675516,3,0.24276961,1,False,148,2
1158.0,0.8867859,2.337811,1.0196208,1.1481482,0.9772151898734177,0.7077885044625417,208.86104613675516,3,0.24753293,1,False,148,3
1110.0,0.848684,3.273134,1.5269132,1.2857143,0.977112676056338,0.6101722864817146,158.5656295851416,8,0.35940295,1,False,149,1
805.0,0.6928755,1.9647738,0.91656464,1.1785715,0.9757575757575757,0.5063295349700172,347.731999405592,8,0.21573986,1,False,149,2
703.0,0.83242136,2.1292927,0.99331254,1.1071428,0.963013698630137,0.8326043370907291,158.5656295851416,8,0.23380469,1,False,149,3
701.0,0.9062795,2.1223252,0.9900622,1.1071428,0.9736111111111111,0.8056102514002038,241.99748250958777,8,0.23303963,1,False,149,4
870.0,0.919946,2.702422,1.2606766,1.1428572,0.967741935483871,0.7380075962692286,255.05408018069892,8,0.29673654,1,False,149,5
561.0,0.6746636,1.8867456,0.88016456,1.2142857,0.9722703639514731,0.7822114430878431,104.7602940465772,8,0.20717207,0,False,149,6
740.0,0.74375725,2.1579633,1.0066873,1.1428572,0.9660574412532638,0.7038977045379493,104.7602940465772,8,0.23695284,0,False,149,7
676.0,0.7703794,2.2303464,1.040454,1.25,0.96987087517934,0.7904604133700711,136.07846496286183,8,0.2449008,1,False,149,8
794.0,0.89668596,2.4619367,0.84240735,1.1111112,0.9718482252141983,0.8363761918788243,276.0236687157357,32,0.17378376,1,False,150,1
1030.0,0.9296935,5.0614347,1.7318844,1.3888888,0.9662288930581614,0.6763603716968163,100.73577358501039,32,0.35727775,1,False,150,2
428.0,0.7621129,2.2148235,0.75785196,1.0555556,0.9749430523917996,0.27824851661816996,236.84511248600808,32,0.15634048,0,False,150,3
551.0,0.823807,2.8809235,0.98577315,1.1666666,0.9666666666666667,0.5481830226401112,159.1669464087187,32,0.2033593,1,False,150,4
810.0,0.7376858,3.6873114,1.2616969,1.5,0.9688995215311005,0.7741535532909118,96.86593460875535,32,0.26028082,0,False,150,5
898.0,0.928831,4.058649,1.3887585,1.0555556,0.962486602357985,0.7746559626377578,96.86593460875535,32,0.28649285,1,False,150,6
1146.0,0.8643637,2.7182953,0.93012625,1.2222222,0.9753191489361702,0.3582339808342959,57.470826244862536,32,0.19187967,1,False,150,7
772.0,0.77573913,2.8960133,0.9909364,1.2777778,0.9674185463659147,0.5598616571942058,34.38425938115914,32,0.20442447,0,False,150,8
485.0,0.5911785,2.59244,0.88706195,1.6666666,0.9661354581673307,0.34331316068617496,34.38425938115914,32,0.18299575,1,False,150,9
1136.0,0.79068625,3.5044992,1.1991436,1.3888888,0.9784668389319552,0.5908871633180053,37.767737556367095,32,0.24737641,0,False,150,10
328.0,0.56923723,2.391599,0.81833965,1.2777778,0.9590643274853801,0.43045216243802614,255.94623372892144,32,0.16881876,0,False,150,11
1277.0,0.6961782,3.4206038,1.170437,1.4166666,0.9800460475825019,0.49037196020309226,45.06357904469578,32,0.2414544,0,False,150,12
625.0,0.7268769,2.4308443,0.83176833,0.8888889,0.9455370650529501,0.764782738130437,55.54452988102723,32,0.17158902,0,False,150,13
565.0,0.8934236,3.0243855,1.0348619,1.1111112,0.9658119658119658,0.5526641219300454,55.54452988102723,32,0.21348603,1,False,150,14
917.0,0.93260217,3.9232402,1.3424253,1.1666666,0.9734607218683652,0.7508247462100499,45.06357904469578,32,0.2769346,1,False,150,15
971.0,0.9307163,5.2968307,1.8124304,1.4444444,0.9739217652958877,0.6045459093650472,136.29763676096502,32,0.37389392,1,False,150,16
676.0,0.6535445,2.2407134,0.76671076,1.1666666,0.9726618705035971,0.6270979608846055,203.5939453675453,32,0.158168,0,False,150,17
539.0,0.79655135,2.5674088,0.878497,1.2777778,0.964221824686941,0.5674734554902774,193.7146373281712,32,0.18122886,1,False,150,18
526.0,0.8381272,3.217575,1.1009661,1.3888888,0.9758812615955473,0.25404923079257535,255.94623372892144,32,0.22712295,0,False,150,19
862.0,0.7292935,2.1991491,0.7524886,1.0555556,0.9685393258426966,0.2484948274442141,111.28536240992582,32,0.15523407,1,False,150,20
872.0,0.7959975,2.1688328,0.7421152,1.0,0.96353591160221,0.8482938086798796,111.28536240992582,32,0.15309408,0,False,150,21
610.0,0.901003,3.8666666,1.3230674,1.6111112,0.9807073954983923,0.739285284435771,99.20412014635033,32,0.27294117,1,False,150,22
550.0,0.7401426,2.9489899,1.0090636,1.3888888,0.9683098591549296,0.5350612158625359,99.06404121044511,32,0.20816399,0,False,150,23
935.0,0.9199036,3.2391562,1.1083505,1.1666666,0.9709241952232607,0.6283283781833064,99.20412014635033,32,0.22864632,1,False,150,24
813.0,0.70369244,3.557537,1.2172917,1.5555556,0.9701670644391408,0.5523029585672404,53.50674909086799,32,0.25112027,0,False,150,25
502.0,0.74054366,3.9972334,1.3677438,1.7222222,0.963531669865643,0.7441200199565642,53.50674909086799,32,0.28215766,0,False,150,26
1303.0,0.79045635,2.626375,0.8986736,1.1666666,0.9738415545590433,0.3977648813840114,97.12112260395287,32,0.18539117,0,False,150,27
578.0,0.9051902,4.1427336,1.41753,1.2222222,0.9714285714285714,0.8537194123632044,105.81492153717102,32,0.29242826,1,False,150,28
751.0,0.7882353,2.8778665,0.9847271,1.2777778,0.9702842377260982,0.7180632642953444,72.29840128532472,32,0.20314352,0,False,150,29
955.0,0.70547175,1.8850493,0.64501226,0.8333333,0.9715157680569685,0.6512151749443849,45.45835749503222,32,0.1330623,1,False,150,30
739.0,0.90290534,3.3875358,1.159122,0.9444444,0.9710906701708278,0.5206822135429924,45.45835749503222,32,0.23912017,1,False,150,31
482.0,0.8938899,2.6308205,0.9001947,1.1666666,0.9659318637274549,0.5372603222323443,235.77017075838847,32,0.18570498,1,False,150,32
729.0,0.90859896,2.8609264,1.1732112,1.1538461,0.9732977303070761,0.6630977597859438,648.5662482882875,2,0.2917023,1,False,151,1
476.0,0.8438458,2.0161605,0.8267889,0.96153843,0.9596774193548387,0.5192717890223089,648.5662482882875,2,0.2055693,0,False,151,2
708.0,0.9069181,3.0917513,1.0298209,1.24,0.963265306122449,0.4451206675018378,154.83726916316482,39,0.3031129,1,True,152,1
458.0,0.6695437,2.607336,0.8684687,1.24,0.9744680851063829,0.6460263750605559,193.37411890878894,39,0.2556212,0,False,152,2
682.0,0.8361566,2.35173,0.7833298,1.12,0.9742857142857143,0.36594803012058025,154.83726916316482,39,0.23056178,1,False,152,3
628.0,0.8577557,2.1511467,0.7165181,1.04,0.9676425269645609,0.6793780795295354,290.09867115863466,39,0.21089672,1,False,152,4
508.0,0.90463954,2.9396064,0.9791435,1.2,0.97131931166348,0.5649141566249648,290.09867115863466,39,0.2881967,1,False,152,5
873.0,0.8447769,3.7079039,1.2350531,1.48,0.9754189944134078,0.4781471675812271,188.66137932809187,39,0.36351997,1,False,152,6
665.0,0.90246207,3.1809924,1.0595459,1.28,0.9679767103347889,0.5914630780536034,175.93033698017376,39,0.311862,1,False,152,7
753.0,0.9073458,4.1228156,1.3732547,1.36,0.970360824742268,0.8134338922946244,145.61405844626637,39,0.4041976,1,False,152,8
927.0,0.9076421,4.7446384,1.5803754,1.24,0.9747634069400631,0.44359022480311755,115.33195623681637,39,0.46516067,1,False,152,9
1073.0,0.8942273,4.018341,1.3384556,1.48,0.9772313296903461,0.6356940656116927,141.5664605093805,39,0.393955,1,False,152,10
608.0,0.58727425,3.4030263,1.1335025,1.84,0.9650793650793651,0.5209290315307183,30.508843721227464,39,0.33363006,1,False,152,11
772.0,0.90964645,3.9024353,1.2998489,1.12,0.965,0.5118219845150108,62.95669829463857,39,0.3825917,1,False,152,12
452.0,0.57973284,2.3740706,0.7907711,1.12,0.9678800856531049,0.44681245565870836,189.74243299732598,39,0.23275204,0,False,152,13
799.0,0.92005205,5.158598,1.7182598,1.32,0.9673123486682809,0.7522512674597476,30.508843721227464,39,0.5057449,1,False,152,14
804.0,0.8966687,3.209055,1.0688932,1.28,0.9733656174334141,0.3484425340925997,62.95669829463857,39,0.31461322,1,False,152,15
1033.0,0.931458,3.5526428,1.1833377,1.24,0.9736098020735156,0.40958410716234844,141.5664605093805,39,0.3482983,1,False,152,16
666.0,0.8760761,3.0022223,1.0,1.2,0.9722627737226277,0.584717036911661,144.44073336977485,39,0.2943355,1,False,152,17
624.0,0.89330703,3.1670513,1.0549023,1.32,0.96,0.6672324402164803,144.44073336977485,39,0.31049523,1,False,152,18
640.0,0.8445772,2.776375,0.92477334,1.12,0.9696969696969697,0.4571786989174993,162.22019267107746,39,0.27219364,1,False,152,19
1068.0,0.8117868,3.633221,1.2101772,1.36,0.9726775956284153,0.6697592085996165,96.01618868424598,39,0.35619813,1,False,152,20
768.0,0.88920546,3.328802,1.1087793,1.2,0.9746192893401016,0.4208232055934224,96.01618868424598,39,0.32635316,1,False,152,21
715.0,0.8970904,4.0435805,1.3468624,1.36,0.9610215053763441,0.5132225521837106,128.39058677293025,39,0.39642945,1,False,152,22
784.0,0.9218087,2.9408674,0.97956353,1.0,0.9714993804213135,0.6139405435386627,100.15467756052053,39,0.28832033,1,False,152,23
874.0,0.89210314,3.8363388,1.277833,1.24,0.976536312849162,0.4918929301646519,146.42568791380486,39,0.37611166,1,False,152,24
698.0,0.84226644,3.1942694,1.0639683,1.24,0.9721448467966574,0.7629471514159226,66.72564036612805,39,0.31316367,1,False,152,25
633.0,0.73644334,2.2395577,0.7459667,0.96,0.9708588957055214,0.5526085694185596,54.017035736053316,39,0.21956448,0,False,152,26
766.0,0.8992935,2.682872,0.8936287,1.08,0.9770408163265306,0.6079352324159488,34.27841353283884,39,0.26302665,1,False,152,27
784.0,0.9103442,4.363418,1.4533961,1.2,0.9739130434782609,0.710480251718608,66.72564036612805,39,0.4277861,1,False,152,28
775.0,0.8632814,2.927587,0.97514,1.32,0.9760705289672544,0.571956386198319,207.63669867854415,39,0.28701833,1,False,152,29
804.0,0.88282603,2.3679104,0.7887192,1.08,0.9757281553398058,0.6392074330463227,34.27841353283884,39,0.23214808,1,False,152,30
881.0,0.7901983,2.7489219,0.915629,1.08,0.9745575221238938,0.6432050450218258,121.99175789372369,39,0.26950213,0,False,152,31
698.0,0.8816901,2.2130659,0.73714256,0.92,0.9667590027700831,0.4638498902294862,145.7258672608923,39,0.21696725,0,False,152,32
636.0,0.6615428,1.6808804,0.5598787,0.8,0.9709923664122138,0.761415201736996,49.79317037679414,39,0.1647922,1,False,152,33
391.0,0.69888175,2.37555,0.7912639,1.16,0.9702233250620348,0.6323908848130743,47.18709536009242,39,0.23289706,1,False,152,34
657.0,0.9018116,3.1302893,1.0426574,1.16,0.9718934911242604,0.5877117801574162,82.08641013499881,39,0.3068911,1,False,152,35
780.0,0.64793366,2.5242565,0.840796,1.12,0.968944099378882,0.49565864743691557,47.18709536009242,39,0.24747612,0,False,152,36
856.0,0.8254078,2.9927568,0.9968472,1.32,0.9771689497716894,0.27516263651275136,116.10909699390427,39,0.29340756,0,False,152,37
663.0,0.898956,2.5527601,0.8502902,0.92,0.9707174231332357,0.5946969885129872,132.720527953227,39,0.2502706,0,False,152,38
720.0,0.5987963,1.9992778,0.66593266,0.96,0.9703504043126685,0.3896430362787201,152.8834162732307,39,0.19600762,0,False,152,39
605.0,0.6680927,2.448967,0.8084952,1.2916666,0.969551282051282,0.7991792738069554,458.6967374325239,35,0.23049101,0,False,153,1
798.0,0.7682835,2.895938,0.956057,1.5,0.9696233292831106,0.31281127476667225,69.56741334248477,35,0.27255887,0,False,153,2
815.0,0.9100397,3.8603783,1.2744547,1.5833334,0.9644970414201184,0.7696018780952494,69.56741334248477,35,0.3633297,1,False,153,3
836.0,0.80027676,3.0794957,1.0166563,1.375,0.9732246798603027,0.7313588201580308,300.79167289990784,35,0.2898349,1,False,153,4
825.0,0.8893167,2.8063133,0.92646855,1.375,0.9671746776084408,0.7425158123033685,107.62110115154967,35,0.2641236,1,False,153,5
715.0,0.9170822,4.8632865,1.6055521,1.5,0.9675236806495264,0.8440433399651955,107.62110115154967,35,0.45772108,1,False,153,6
648.0,0.9129509,4.0596066,1.3402274,1.2916666,0.9671641791044776,0.7319848116726241,194.31229753528223,35,0.3820806,1,False,153,7
645.0,0.90217966,4.222933,1.3941474,1.2083334,0.9583952451708767,0.8375317343404532,75.85750124570416,35,0.3974525,1,False,153,8
671.0,0.8411736,2.5003104,0.8254456,1.1666666,0.9738751814223512,0.6533520057380193,104.51329303867794,35,0.23532334,0,False,153,9
635.0,0.6012043,3.1743438,1.0479691,1.5416666,0.9665144596651446,0.7189498381404421,98.72048595823684,35,0.29876176,0,False,153,10
1051.0,0.8988937,4.125079,1.3618423,1.25,0.9794967381174278,0.8282377474351708,104.51329303867794,35,0.38824275,1,False,153,11
904.0,0.8591575,3.282725,1.0837499,1.25,0.9709989258861439,0.7893968581714257,65.56705492746592,35,0.30896235,1,False,153,12
690.0,0.87597615,3.2649155,1.0778702,1.375,0.9745762711864406,0.6726633435700341,65.56705492746592,35,0.30728617,1,False,153,13
612.0,0.7984877,2.5942948,0.8564733,1.25,0.9622641509433962,0.6837507358126734,60.12013440176912,35,0.2441689,1,False,153,14
637.0,0.82062364,2.7492807,0.90764,1.25,0.9725190839694656,0.6478361836305755,77.23837499346874,35,0.25875583,1,False,153,15
473.0,0.55237746,3.0229914,0.9980021,1.625,0.9594320486815415,0.5363906768677843,60.12013440176912,35,0.28451684,0,False,153,16
1074.0,0.8161245,3.4695065,1.1454134,1.5,0.9737080689029919,0.45103451453510407,98.72048595823684,35,0.32654178,1,False,153,17
567.0,0.8765086,3.8019545,1.2551668,1.2916666,0.9626485568760611,0.7863321503999251,31.645733590767076,35,0.35783103,1,False,153,18
513.0,0.90074533,3.6306856,1.1986246,1.25,0.9588785046728971,0.49680285094238164,31.645733590767076,35,0.34171158,1,False,153,19
615.0,0.89027256,3.2859755,1.0848229,1.2083334,0.9609375,0.8381113753325949,84.12810218676267,35,0.30926827,1,False,153,20
625.0,0.89643925,4.1010666,1.3539149,1.25,0.9674922600619195,0.6189683491227989,42.8489629607995,35,0.38598275,1,False,153,21
702.0,0.74414843,3.0212488,0.9974268,1.375,0.975,0.6495000527691719,42.8489629607995,35,0.28435284,0,False,153,22
753.0,0.9079551,3.318227,1.0954703,1.0833334,0.970360824742268,0.27406850543718686,61.74719438879151,35,0.31230372,1,False,153,23
503.0,0.66610533,2.2214215,0.733374,1.2083334,0.9748062015503876,0.5330800096113528,104.03298890384538,35,0.20907496,0,False,153,24
666.0,0.91498554,4.2700825,1.4097133,1.1666666,0.9751098096632503,0.7890988794335113,119.60724788720498,35,0.40189013,1,False,153,25
567.0,0.91231453,4.711346,1.5553908,1.25,0.9610169491525423,0.8112063129587013,38.383832763773164,35,0.44342083,1,False,153,26
474.0,0.8027715,2.4865506,0.820903,1.0,0.9518072289156626,0.8981643997115412,59.771454550787716,35,0.2340283,1,False,153,27
472.0,0.9174228,3.0290432,1.0,0.9583333,0.9554655870445344,0.5233196204043777,61.74719438879151,35,0.28508642,1,False,153,28
525.0,0.80203176,2.3411112,0.772888,1.125,0.963302752293578,0.6807072219170007,38.383832763773164,35,0.22033988,0,False,153,29
243.0,0.5778746,2.8045266,0.9258787,1.3333334,0.9418604651162791,0.7535200643619612,49.24356444243372,35,0.26395544,0,False,153,30
605.0,0.8949019,2.6646006,0.8796839,1.125,0.952755905511811,0.8577456471387874,104.03298890384538,35,0.25078595,1,False,153,31
475.0,0.85572755,2.0966666,0.6921877,0.9166667,0.9634888438133874,0.7512007334567821,59.771454550787716,35,0.19733334,0,False,153,32
509.0,0.7477715,2.4804356,0.8188842,1.0416666,0.9585687382297552,0.7361314907299296,41.446648112768365,35,0.23345275,0,False,153,33
300.0,0.6238954,2.3174999,0.765093,1.0416666,0.9646302250803859,0.5342310623771043,41.446648112768365,35,0.21811764,0,False,153,34
431.0,0.56964654,2.2016628,0.7268509,1.25,0.9663677130044843,0.512930932297578,324.8937377690631,35,0.20721532,0,False,153,35
776.0,0.811598,1.9448382,1.079371,1.25,0.9675810473815462,0.5723453641951591,361.4455052696924,8,0.2745654,1,False,154,1
674.0,0.75032294,1.7419634,0.96677697,1.1388888,0.9614835948644793,0.7823027769752167,361.4455052696924,8,0.24592425,1,False,154,2
777.0,0.82817274,1.5983841,0.8870915,1.0,0.9749058971141782,0.6914407483572241,215.4725294587948,8,0.22565423,1,False,154,3
652.0,0.72613376,1.7353443,0.9631034,1.1111112,0.9687964338781575,0.5787159838244261,221.3897547835782,8,0.24498978,1,False,154,4
703.0,0.7673444,1.7312708,0.9608426,1.0277778,0.9683195592286501,0.771300100363804,194.23911520834056,8,0.2444147,1,False,154,5
1021.0,0.8261874,2.0381162,1.1311396,1.0833334,0.9723809523809523,0.6498826967676643,64.44089595578642,8,0.28773406,1,False,154,6
803.0,0.9076161,1.992009,1.1055504,0.9166667,0.9721549636803875,0.662989867625739,64.44089595578642,8,0.28122482,1,False,154,7
578.0,0.8994165,1.8616878,1.0332232,0.75,0.9585406301824212,0.8584511782948506,394.3618908073075,8,0.2628265,1,False,154,8
604.0,0.84374756,2.2455652,1.0140411,1.0,0.9664,0.8367933445599706,95.77465030136304,14,0.24657187,1,False,155,1
502.0,0.65620655,1.9896129,0.89845943,1.0714285,0.9785575048732943,0.5540659760830183,95.77465030136304,14,0.21846731,1,False,155,2
871.0,0.80828434,1.9897081,0.8985024,0.89285713,0.9731843575418995,0.4078919807547613,179.86676202806052,14,0.21847776,1,False,155,3
566.0,0.61198646,1.8230692,0.8232525,1.2142857,0.9625850340136054,0.7291696990254326,110.68118103685568,14,0.20018014,1,False,155,4
419.0,0.66314757,2.6858165,1.2128476,1.3214285,0.9632183908045977,0.6423214848613904,110.68118103685568,14,0.2949132,1,False,155,5
789.0,0.8740029,2.0287435,0.9161298,0.9464286,0.9764851485148515,0.6535335418971381,152.07333111055627,14,0.22276399,1,False,155,6
736.0,0.85920185,2.3603456,1.065873,1.2142857,0.9735449735449735,0.6264377586648404,147.4975033463565,14,0.2591752,1,False,155,7
286.0,0.88288766,5.9734015,2.6974387,1.25,0.9662162162162162,0.47658430600620605,320.51629706023874,14,0.6559029,0,False,155,8
570.0,0.61780536,1.9457394,0.87864727,1.1071428,0.946843853820598,0.7335468719004549,152.07333111055627,14,0.21364981,0,False,155,9
917.0,0.8968846,2.44933,1.1060562,1.2857143,0.975531914893617,0.6801518685587883,104.0196361745927,14,0.26894605,1,False,155,10
761.0,0.89384454,2.523043,1.1393431,1.25,0.9645120405576679,0.5114429478201844,104.0196361745927,14,0.27704,1,False,155,11
691.0,0.79273576,2.183378,0.98595893,1.2142857,0.9773691654879774,0.6458326393761872,439.7842972730447,14,0.23974347,1,False,155,12
518.0,0.7346355,1.4850386,0.6706063,0.60714287,0.9736842105263158,0.728759725384252,367.8954717851844,14,0.16306306,1,False,155,13
805.0,0.92557305,2.3233361,1.0491605,0.85714287,0.9769417475728155,0.6028193390676093,367.8954717851844,14,0.25511143,1,False,155,14
778.0,0.8183376,2.0749414,1.0372255,1.3043479,0.970074812967581,0.5198036805447077,280.6755266950783,10,0.18715158,1,False,156,1
466.0,0.5769587,1.9632394,0.98138773,1.0869565,0.9728601252609603,0.6766855209048427,94.57241832923869,10,0.1770765,1,False,156,2
801.0,0.89919955,2.378657,1.1890475,1.0869565,0.967391304347826,0.6969769978710638,94.57241832923869,10,0.21454555,1,False,156,3
671.0,0.86839074,2.0505412,1.0250282,0.95652175,0.9626972740315638,0.692814100377251,206.25041516674722,10,0.18495077,1,False,156,4
580.0,0.8272954,2.0377061,1.0186123,1.0434783,0.9764309764309764,0.6560570123713624,117.54455203995141,10,0.1837931,1,False,156,5
547.0,0.68738574,1.8678166,0.93368757,1.0434783,0.9647266313932981,0.8318619609823747,206.25041516674722,10,0.16846973,1,False,156,6
490.0,0.8066827,1.7759539,0.8877671,0.9130435,0.9702970297029703,0.6457566496721907,117.54455203995141,10,0.16018407,1,False,156,7
857.0,0.8944838,2.4572573,1.2283382,0.82608694,0.937636761487965,0.8206618870479064,124.07663561830793,10,0.22163497,1,False,156,8
518.0,0.80900896,1.851771,0.9256667,0.82608694,0.9682242990654205,0.8226450851382331,124.07663561830793,10,0.16702248,1,False,156,9
369.0,0.6460599,1.9393189,0.96943027,0.9130435,0.9534883720930233,0.7553806784185226,340.8227671330899,10,0.17491896,0,False,156,10
771.0,0.86147344,2.1549935,1.0120122,1.2083334,0.9710327455919395,0.6531751626305562,708.7010970897804,4,0.20282292,1,False,157,1
620.0,0.8424541,1.9854838,0.9324083,1.0833334,0.9642301710730948,0.6483554405063343,708.7010970897804,4,0.18686907,1,False,157,2
693.0,0.8524686,2.1038358,0.9879879,1.0833334,0.9815864022662889,0.647496048016787,86.39299734466157,4,0.19800809,1,False,157,3
1120.0,0.90315473,2.3522322,1.104638,1.125,0.971379011274935,0.7610635384194231,86.39299734466157,4,0.22138655,1,False,157,4
440.0,0.63161314,1.6079239,0.8850914,1.027027,0.9649122807017544,0.587661563740274,357.39525816097023,10,0.2333066,1,False,158,1
537.0,0.6650601,1.6787457,0.9240758,1.1351352,0.9693140794223827,0.39691097977840084,170.12740034865985,10,0.24358273,1,False,158,2
499.0,0.68070257,1.7719764,0.97539514,1.2432432,0.9689320388349515,0.45943712885792354,443.52343733831395,10,0.2571103,0,True,158,3
573.0,0.86314887,1.8613745,1.0246049,1.1081082,0.9679054054054054,0.7348785447664271,170.12740034865985,10,0.2700818,1,False,158,4
824.0,0.72006005,1.9143269,1.0537529,1.2162162,0.9751479289940829,0.6437569396192723,171.07499571052375,10,0.27776507,1,False,158,5
865.0,0.7400748,1.7353227,0.9552189,1.027027,0.9675615212527964,0.4854542122240635,191.22901519887452,10,0.25179192,1,False,158,6
612.0,0.7471037,1.7031443,0.93750614,1.1351352,0.9776357827476039,0.7604935501376932,191.22901519887452,10,0.2471229,1,False,158,7
737.0,0.8984809,2.0655324,1.1369848,1.2702702,0.9659239842726082,0.5671557740391215,310.47156519955615,10,0.2997047,1,False,158,8
780.0,0.91565615,2.1904018,1.20572,1.1621622,0.9701492537313433,0.6582788271177183,171.07499571052375,10,0.31782302,1,False,158,9
808.0,0.90895456,2.0251539,1.1147583,1.081081,0.9630512514898689,0.7620600107764292,264.144629426064,10,0.29384586,1,False,158,10
405.0,0.6194142,2.3149424,1.0929744,1.3103448,0.9712230215827338,0.6708153172210162,360.27167777021765,14,0.26326796,1,False,159,1
743.0,0.80682445,2.0846057,0.98422354,1.3103448,0.9725130890052356,0.7957065214216118,483.30831582398076,14,0.23707281,1,False,159,2
1072.0,0.90493125,3.216804,1.5187784,1.0,0.9745454545454545,0.6592890452218363,231.97670661496133,14,0.3658326,1,False,159,3
538.0,0.7516802,1.8984104,0.89631355,1.1724138,0.9607142857142857,0.8698855267447515,224.65832589249234,14,0.21589765,0,False,159,4
813.0,0.8372863,1.846206,0.8716658,1.1724138,0.9736526946107784,0.6004898791683488,128.47059666080412,14,0.20996068,0,False,159,5
998.0,0.88875,2.1434593,1.0120107,1.0689656,0.9765166340508806,0.7178489281304187,107.23609986708189,14,0.24376597,1,False,159,6
728.0,0.82564634,2.0618606,0.9734847,1.2413793,0.9745649263721553,0.5234795754096417,96.21737006757958,14,0.2344861,1,False,159,7
1094.0,0.8547837,2.9705918,1.4025321,1.137931,0.9785330948121646,0.6044350155320426,139.76438952071342,14,0.337832,1,False,159,8
808.0,0.89967,2.4746072,1.1683584,1.2068965,0.9770253929866989,0.5281025026896263,52.1041400785841,14,0.28142592,1,False,159,9
714.0,0.83242154,2.092582,0.9879895,1.2413793,0.9714285714285714,0.594339241454776,52.1041400785841,14,0.2379799,1,False,159,10
472.0,0.60990363,1.6734365,0.79009455,1.0689656,0.9672131147540983,0.6148393032225461,170.8846216998311,14,0.19031239,0,False,159,11
810.0,0.9182765,2.2628353,1.0683727,1.0344827,0.9688995215311005,0.7552571375041062,170.8846216998311,14,0.25734204,1,False,159,12
343.0,0.8038987,2.0640395,0.9745134,1.0,0.9527777777777777,0.7890326854683366,322.13851803150203,14,0.2347339,0,False,159,13
339.0,0.6628955,2.3531687,1.1110226,1.0689656,0.9630681818181818,0.8252059835321572,336.28230116196977,14,0.26761526,0,True,159,14
1633.0,0.8613931,2.2188666,1.0592839,1.2272727,0.9801920768307323,0.48373697473228106,828.2401747868137,2,0.19143163,1,False,160,1
957.0,0.7942508,1.9705044,0.9407161,1.1818181,0.976530612244898,0.7889768034543473,828.2401747868137,2,0.17000431,1,False,160,2
691.0,0.7778723,1.8030481,0.9328605,1.125,0.9677871148459384,0.661303501829206,72.12865422206372,16,0.22626486,1,False,161,1
802.0,0.8623001,1.887274,0.9764373,1.28125,0.981640146878825,0.6235129946419637,355.5948636392481,16,0.23683439,1,False,161,2
611.0,0.8956131,1.9760638,1.0223753,1.09375,0.9622047244094488,0.561285620050183,72.12865422206372,16,0.24797665,1,False,161,3
558.0,0.89212877,2.0219533,1.0461175,1.0625,0.9738219895287958,0.3522337241428433,66.44938974370588,16,0.25373533,1,False,161,4
839.0,0.856393,2.1139004,1.0936891,1.1875,0.9677047289504037,0.2073258413363447,66.44938974370588,16,0.26527378,1,False,161,5
850.0,0.6935502,2.0245588,1.0474656,1.28125,0.9736540664375716,0.6419824561224379,155.4508741941166,16,0.25406227,1,False,161,6
633.0,0.8160085,1.860782,0.9627308,1.1875,0.9798761609907121,0.439914508625401,72.06493527596746,16,0.2335099,1,False,161,7
662.0,0.8620875,1.8133969,0.9382147,1.25,0.9807407407407407,0.5626336946067638,195.96820696467952,16,0.22756353,1,False,161,8
728.0,0.89186597,2.0878692,1.080221,1.1875,0.9745649263721553,0.5771947065977084,121.06415362004672,16,0.26200712,1,False,161,9
437.0,0.54990804,1.9940647,1.0316886,1.34375,0.872255489021956,0.4425400116733734,153.83423674089804,16,0.25023556,0,False,161,10
760.0,0.86937046,1.8818257,0.9736184,1.15625,0.9743589743589743,0.7783241336479537,155.4508741941166,16,0.23615067,1,False,161,11
661.0,0.90524757,1.9087085,0.987527,1.0625,0.977810650887574,0.5250722130641879,186.10927952136382,16,0.2395242,1,False,161,12
918.0,0.90759116,2.2452002,1.161621,1.0625,0.9683544303797469,0.6388705560736949,316.4565346242556,16,0.28175062,1,False,161,13
658.0,0.905197,1.9569244,1.012473,1.125,0.9705014749262537,0.49417084642683856,285.7162336009813,16,0.24557483,1,False,161,14
714.0,0.85991096,1.6623775,0.86008036,0.9375,0.9740791268758526,0.7210778116745974,161.46420261460761,16,0.20861207,1,False,161,15
763.0,0.82843775,1.5437008,0.7986795,0.84375,0.9670468948035488,0.6563075096292319,161.46420261460761,16,0.19371931,1,False,161,16
574.0,0.7857007,1.7234718,1.0565646,1.1590909,0.9663299663299664,0.5858593448611727,622.42593368307,10,0.29738337,1,False,162,1
146.0,0.8524846,2.8728206,1.7611663,1.2727273,0.9605263157894737,0.43663758508633577,517.2410315242082,10,0.4957024,0,False,162,2
424.0,0.83686644,1.6571612,1.0159132,1.0227273,0.9658314350797267,0.5942179464148621,212.73724594033814,10,0.28594154,1,False,162,3
537.0,0.82364625,1.7934654,1.0994738,1.0909091,0.9675675675675676,0.7194987855870025,81.72401642417557,10,0.3094607,1,False,162,4
604.0,0.860661,1.6052455,0.98408663,0.90909094,0.9741935483870968,0.7261905977755936,212.73724594033814,10,0.27698353,1,False,162,5
924.0,0.9000594,1.9698691,1.207617,1.0454545,0.9675392670157068,0.47259279160140066,81.72401642417557,10,0.33989897,1,False,162,6
662.0,0.7219892,1.4985924,0.91870356,0.97727275,0.9749631811487481,0.6992062219681837,186.38628605684022,10,0.25858065,1,False,162,7
941.0,0.8154028,1.5705246,0.96280116,0.95454544,0.9721074380165289,0.5139731352084786,214.58213443872256,10,0.2709925,1,False,162,8
695.0,0.80291724,1.4327338,0.87832934,0.84090906,0.967966573816156,0.8401669770710167,274.84325572741307,10,0.2472168,1,False,162,9
748.0,0.85490197,1.5418693,0.94523424,0.90909094,0.9752281616688396,0.7776929420335955,186.38628605684022,10,0.266048,1,False,162,10
661.0,0.86313075,2.035605,1.1679803,1.3023256,0.9635568513119533,0.7462462799654842,128.90680215943527,21,0.3432589,1,False,163,1
519.0,0.8621708,1.7428418,1.0,1.0697675,0.9558011049723757,0.8435557044649349,175.80341849101094,21,0.29389098,1,False,163,2
610.0,0.70030224,1.6751049,0.9611342,1.0697675,0.9682539682539683,0.47697398686532233,167.78858809425168,21,0.28246868,1,False,163,3
631.0,0.89967376,1.9585007,1.1237398,1.2093023,0.9663093415007658,0.6223857381466262,128.90680215943527,21,0.33025697,1,False,163,4
570.0,0.8794221,1.7836392,1.0234085,1.1627907,0.967741935483871,0.7207933305982622,53.99734670377832,21,0.30077055,1,False,163,5
579.0,0.68097806,1.6569465,0.95071536,1.1860465,0.9601990049751243,0.7877970419294094,53.99734670377832,21,0.27940667,1,False,163,6
618.0,0.9078877,2.1701663,1.2451882,1.0,0.9716981132075472,0.7121973412952008,167.78858809425168,21,0.36594963,1,False,163,7
486.0,0.8253288,1.7178199,0.985643,1.1860465,0.9604743083003953,0.757484919516496,103.46215070309539,21,0.2896716,1,False,163,8
643.0,0.8173817,1.6322832,0.93656415,1.0,0.9742424242424242,0.5485821888201071,193.752871788862,21,0.27524775,1,False,163,9
661.0,0.88073325,1.5821693,0.90781003,1.0232558,0.964963503649635,0.7053349395366354,226.83670202050874,21,0.26679718,1,False,163,10
760.0,0.8857843,1.7729805,1.0172929,1.1395348,0.9718670076726342,0.5785677372008008,210.09763129769482,21,0.29897317,1,False,163,11
617.0,0.58338577,1.8389431,1.0551406,1.3255814,0.9595645412130638,0.5944487022475682,90.19185058463133,21,0.3100963,1,False,163,12
575.0,0.84154135,1.5898888,0.9122393,1.0,0.9762308998302207,0.5049499770704929,40.955587370863725,21,0.2680989,1,False,163,13
673.0,0.9037905,1.6416945,0.94196415,0.9767442,0.9697406340057637,0.6436174404890536,40.955587370863725,21,0.27683476,1,False,163,14
599.0,0.7649219,1.6812516,0.96466106,1.2093023,0.9724025974025974,0.5535325023759815,90.19185058463133,21,0.2835052,1,False,163,15
509.0,0.80720365,1.3529949,0.7763154,0.90697676,0.9713740458015268,0.7582278162535268,121.96150809604768,21,0.2281521,1,False,163,16
693.0,0.91570604,1.7612672,1.010572,1.1162791,0.9651810584958217,0.606488959120962,168.24898748173624,21,0.296998,1,False,163,17
719.0,0.62185496,1.9997413,1.1474026,1.3488373,0.9638069705093834,0.44352130402680706,157.66352038734126,21,0.33721128,1,False,163,18
686.0,0.79265994,1.8351074,1.0529398,1.2790698,0.9661971830985916,0.6784316716546122,289.50200264500376,21,0.3094495,1,False,163,19
991.0,0.6534774,1.8787929,1.0780054,1.255814,0.9734774066797642,0.555786932293001,151.06607917096164,21,0.31681606,1,False,163,20
702.0,0.81561923,1.4812827,0.8499238,1.0465117,0.9790794979079498,0.5824035322029231,280.7467667492202,21,0.24978493,1,False,163,21
557.0,0.7570458,1.8143736,1.0,1.2121212,0.9703832752613241,0.6392046138089855,2000.0,1,0.23480129,1,False,164,1
263.0,0.54687244,2.2311387,1.1114049,1.5263158,0.9392857142857143,0.8064650453117351,162.44265187297748,18,0.3324834,0,False,165,1
658.0,0.80370706,2.1095824,1.0508537,1.3421053,0.9719350073855244,0.7735115405614439,80.02186344604414,18,0.31436914,1,False,165,2
354.0,0.5674089,1.8205472,0.90687555,1.3157895,0.9567567567567568,0.7065550808855889,80.02186344604414,18,0.27129722,0,False,165,3
783.0,0.9069943,2.485985,1.2383524,1.1842105,0.9678615574783683,0.7764433868065719,394.0671928956933,18,0.3704605,1,False,165,4
578.0,0.8778615,2.611455,1.3008533,1.3157895,0.9730639730639731,0.6441742494070706,305.3663896757383,18,0.389158,1,False,165,5
741.0,0.86447567,2.0045457,0.99853134,1.1842105,0.9711664482306684,0.6336563442491772,208.83279070730006,18,0.2987166,1,False,165,6
514.0,0.8006256,1.8442043,0.9186599,1.2105263,0.9661654135338346,0.3965669214591596,219.61616184332615,18,0.27482262,0,False,165,7
1212.0,0.9111759,2.3709831,1.1810662,1.2105263,0.9805825242718447,0.6306655904681567,162.03350284816716,18,0.35332298,1,False,165,8
728.0,0.87543637,2.3128974,1.1521317,1.2368422,0.9771812080536912,0.6077093014376755,29.50585587154537,18,0.34466708,1,False,165,9
857.0,0.83523464,2.168857,1.0803803,1.2105263,0.9683615819209039,0.8288192828325532,76.74525025997319,18,0.32320225,1,False,165,10
594.0,0.6331221,2.0026138,0.997569,1.3157895,0.9674267100977199,0.7837264152612737,29.50585587154537,18,0.29842874,1,False,165,11
958.0,0.89608264,2.16446,1.07819,1.1578947,0.957042957042957,0.5514936057384451,76.74525025997319,18,0.322547,1,False,165,12
826.0,0.8909225,1.8817065,0.93734103,1.0,0.9683470105509965,0.7260556707367029,106.72296228631878,18,0.28041115,1,False,165,13
490.0,0.6944778,1.5738453,0.7839851,1.0,0.962671905697446,0.8534962152996576,234.1168197970541,18,0.23453382,1,False,165,14
579.0,0.7231874,1.5192256,0.75677717,0.92105263,0.9666110183639399,0.7867278587256085,173.68441844717213,18,0.2263944,1,False,165,15
688.0,0.8608755,2.0104423,1.0014687,1.0526316,0.975886524822695,0.6183821854549899,106.72296228631878,18,0.29959533,1,False,165,16
872.0,0.78362113,1.7062712,0.84995085,0.92105263,0.9721293199554069,0.5540774655185495,302.01068315617,18,0.25426784,1,False,165,17
577.0,0.83171237,1.7410836,0.8672921,0.8947368,0.9713804713804713,0.5340823849361517,173.68441844717213,18,0.2594556,1,False,165,18
780.0,0.82382107,1.8787546,0.9826049,1.1785715,0.9713574097135741,0.737743203734557,265.7090188459034,10,0.20629463,1,False,166,1
569.0,0.9221751,2.7943134,1.4614501,1.1071428,0.967687074829932,0.7721263324773123,289.6385799372632,10,0.30682656,1,False,166,2
542.0,0.78953046,2.019307,1.056115,1.1785715,0.9730700179533214,0.44591917473227777,265.7090188459034,10,0.22172782,1,False,166,3
645.0,0.8789178,1.8554817,0.970433,0.96428573,0.9699248120300752,0.6564212192383618,187.04813168317747,10,0.20373917,1,False,166,4
716.0,0.8902728,1.8911114,0.9890676,0.89285713,0.9675675675675676,0.46463602321773834,48.1281649026501,10,0.20765145,1,False,166,5
452.0,0.5548239,1.9329172,1.0109324,1.1071428,0.9637526652452025,0.4883377399795459,48.1281649026501,10,0.21224189,0,False,166,6
707.0,0.67967385,1.8561325,0.97077334,1.0714285,0.9632152588555858,0.6569571987841444,162.37599070922886,10,0.20381063,1,False,166,7
598.0,0.8347105,2.2275443,1.165025,1.0,0.9707792207792207,0.60980868035657,95.99746333055583,10,0.2445931,1,False,166,8
844.0,0.6539169,2.1407413,1.1196263,1.1785715,0.9712313003452244,0.3448516662922768,95.99746333055583,10,0.2350618,0,False,166,9
548.0,0.7522256,1.447732,0.75717634,0.71428573,0.9750889679715302,0.6065932491646443,539.2448543121434,10,0.15896665,0,False,166,10
492.0,0.854368,2.4969513,0.9241595,1.2142857,0.9742574257425742,0.7840777540187353,52.75253623903126,32,0.27417505,1,False,167,1
627.0,0.9145385,3.518683,1.3023179,1.2142857,0.9631336405529954,0.8040340296176334,52.75253623903126,32,0.3863652,1,False,167,2
615.0,0.7032297,2.543728,0.9414723,1.4285715,0.9579439252336449,0.8336962745619414,108.83324774662212,32,0.27931133,0,False,167,3
548.0,0.5646487,2.2335114,0.8266564,1.25,0.958041958041958,0.8090632436321987,204.781529660832,32,0.24524832,0,False,167,4
480.0,0.8758415,3.0936012,1.1449887,1.2142857,0.96,0.8297062980239036,52.06477133182779,32,0.33968955,1,False,167,5
705.0,0.9185927,3.0600305,1.1325636,1.1071428,0.9631147540983607,0.8813362844135164,127.89591338998095,32,0.33600336,1,False,167,6
502.0,0.79800016,2.1030164,0.7783582,1.1428572,0.9672447013487476,0.7406660785062821,96.25384424373854,32,0.23091945,1,False,167,7
591.0,0.8938854,2.8687456,1.0617661,1.1428572,0.967266775777414,0.7635366191705402,52.06477133182779,32,0.31499952,1,False,167,8
1039.0,0.8961445,4.060326,1.5027882,1.5,0.974671669793621,0.8424528999805628,186.4791970527457,32,0.4458397,1,False,167,9
655.0,0.8661997,2.8576336,1.0576534,1.1428572,0.9604105571847508,0.7988976520699413,96.25384424373854,32,0.31377938,1,False,167,10
707.0,0.822886,2.6319964,0.9741417,1.25,0.9751724137931035,0.73062779368021,140.37703899656466,32,0.28900352,1,False,167,11
1109.0,0.8923425,3.6286874,1.3430321,1.25,0.9736611062335382,0.7819872474465723,122.64811763993572,32,0.39844412,1,False,167,12
411.0,0.8270884,2.1409454,0.7923963,0.9285714,0.9491916859122402,0.821436138848351,120.37661585043685,32,0.2350842,1,False,167,13
727.0,0.89430106,2.9516604,1.0924542,1.0714285,0.9732262382864793,0.5886376884791223,120.37661585043685,32,0.3241039,1,False,167,14
563.0,0.88596106,2.7589443,1.0211271,1.1785715,0.9706896551724138,0.8347623443673895,87.40306216741833,32,0.3029429,1,False,167,15
913.0,0.8978631,2.5871928,0.9575592,1.1785715,0.968186638388123,0.6694702206779484,272.0213609065021,32,0.2840839,1,False,167,16
652.0,0.8775953,2.0724692,0.76705223,1.0714285,0.9644970414201184,0.8320180959062751,100.87241437187792,32,0.22756526,1,False,167,17
598.0,0.7321923,2.3635333,0.87477946,1.1428572,0.9723577235772358,0.7160804316242944,40.00205819478852,32,0.2595252,0,False,167,18
585.0,0.91756666,2.6678264,0.987403,0.78571427,0.9766277128547579,0.6212672972451053,202.82106789704235,32,0.29293782,1,False,167,19
980.0,0.81174475,2.4873178,0.920594,1.1785715,0.9683794466403162,0.7490377597622756,160.6628476224344,32,0.27311724,1,False,167,20
666.0,0.82624394,2.2690904,0.83982474,1.1785715,0.9708454810495627,0.6280285039284783,87.40306216741833,32,0.24915503,1,False,167,21
553.0,0.55906826,2.5105915,0.9292079,1.3928572,0.9839857651245552,0.7564600685897394,48.196998605663666,32,0.2756728,0,False,167,22
460.0,0.730324,2.206677,0.81672454,1.1071428,0.9623430962343096,0.8596271914968574,40.00205819478852,32,0.24230179,1,False,167,23
642.0,0.8959624,2.0409434,0.7553841,0.89285713,0.9756838905775076,0.5259603500217891,144.39920996696299,32,0.22410358,1,False,167,24
590.0,0.9120438,2.8930385,1.0707574,1.0714285,0.9719934102141681,0.7009394120934495,48.196998605663666,32,0.31766698,1,False,167,25
640.0,0.84360296,2.1410155,0.7924223,1.0714285,0.963855421686747,0.8500434760360628,116.27260655195191,32,0.23509191,1,False,167,26
547.0,0.89084846,2.735897,1.012597,1.1785715,0.9647266313932981,0.8590284898280508,160.82857076555428,32,0.30041224,1,False,167,27
974.0,0.86987555,3.095886,1.1458343,1.1785715,0.978894472361809,0.529141667022904,350.0198924922195,32,0.33994043,1,False,167,28
615.0,0.65158623,2.8078978,1.0392455,1.3214285,0.9654631083202512,0.6349882206215006,69.29391721354585,32,0.3083182,0,False,167,29
635.0,0.9115393,2.7659168,1.0237077,1.1071428,0.9709480122324159,0.40597131730579344,160.82857076555428,32,0.30370852,1,False,167,30
580.0,0.8430697,3.010899,1.1143794,1.5,0.9618573797678275,0.8801985071055562,56.49201392509466,32,0.33060855,1,False,167,31
646.0,0.89470047,3.1109576,1.1514125,1.1428572,0.9685157421289355,0.8585689219540843,56.49201392509466,32,0.34159535,1,False,167,32
469.0,0.9198713,3.259636,1.4346055,1.2820513,0.96900826446281,0.6436855446075184,272.10129253177377,7,0.49853256,1,False,168,1
624.0,0.86058944,2.0825937,0.9165749,1.1025641,0.9765258215962441,0.6210989268091549,357.4561454242761,7,0.31851432,1,False,168,2
689.0,0.8975156,2.2889733,1.007405,1.2051282,0.9649859943977591,0.7339951167469074,113.42821560594184,7,0.35007825,1,False,168,3
456.0,0.55797213,1.9146987,0.84268224,1.3589743,0.9559748427672956,0.4443585379311257,113.42821560594184,7,0.29283628,1,False,168,4
832.0,0.9213142,2.7047276,1.1903837,1.3333334,0.9674418604651163,0.7188683671445445,190.7074508571442,7,0.41366422,1,False,168,5
668.0,0.87045324,2.272148,1.0,1.1538461,0.9681159420289855,0.4279052642757916,357.4561454242761,7,0.34750497,1,False,168,6
336.0,0.5518674,1.5570055,0.68525714,1.1282052,0.7850467289719626,0.7437870114696106,611.1094928658284,7,0.23813024,0,False,168,7
