area,mean_prob,contrast,rel_contrast,local_bg,solidity,eccentricity,nn_dist,n_objects,intensity,label,border,image,obj
987.0,0.97639775,2.2538557,1.0662923,1.2222222,0.9791666666666666,0.6993588706911449,90.1373504263037,32,0.23864354,1,True,0,1
947.0,0.9784656,2.2671986,1.0726048,1.2222222,0.9702868852459017,0.6042566199364737,90.1373504263037,32,0.2400563,1,False,0,2
800.0,0.96592224,1.8914351,0.8948322,1.1481482,0.970873786407767,0.620982633236083,124.67896286449356,32,0.2002696,0,False,0,3
944.0,0.96903396,2.7399952,1.2962834,1.4444444,0.9731958762886598,0.5539997600881028,376.5210262169177,32,0.29011714,1,False,0,4
612.0,0.9703648,1.8464051,0.87352866,1.0,0.966824644549763,0.7405740863452408,212.9533887427969,32,0.19550173,1,False,0,5
795.0,0.9799792,2.5196834,1.1920545,1.1111112,0.9695121951219512,0.7739939580461856,155.54010838936642,32,0.26679,1,False,0,6
758.0,0.985358,3.07339,1.4540114,1.1481482,0.9680715197956578,0.6767291872635972,155.54010838936642,32,0.32541776,1,False,0,7
1172.0,0.97647,2.6316836,1.2450415,1.2592592,0.973421926910299,0.5478716659149734,111.32678794425912,32,0.27864885,1,False,0,8
643.0,0.9668303,1.9293818,0.9127847,1.1481482,0.9625748502994012,0.6272623586444951,58.918568565559916,32,0.2042875,1,False,0,9
579.0,0.96965486,2.1798759,1.0312927,1.1851852,0.9698492462311558,0.5945280300416148,73.46953046583842,32,0.23081039,1,False,0,10
714.0,0.98239315,2.6759,1.2659601,1.1111112,0.9609690444145357,0.5530022319590223,58.918568565559916,32,0.2833306,1,False,0,11
628.0,0.9267477,2.2515924,1.0652215,1.3703704,0.9736434108527132,0.8078637474363828,111.0267254950777,32,0.2384039,1,False,0,12
781.0,0.9803931,1.8238251,0.86284614,0.962963,0.9774718397997497,0.707534860582134,89.1307758868591,32,0.1931109,1,False,0,13
802.0,0.9631159,1.9948739,0.94376874,1.2592592,0.9604790419161676,0.7610806460203713,117.70118719625124,32,0.21122195,1,False,0,14
892.0,0.97403187,1.7179456,0.8127548,1.1111112,0.9612068965517241,0.6067630628925589,73.46953046583842,32,0.18190011,1,False,0,15
1018.0,0.98117524,2.2504184,1.0646662,1.074074,0.9695238095238096,0.8060538921395354,110.68234780731517,32,0.2382796,1,False,0,16
421.0,0.9874079,3.0446029,1.4403924,1.0,0.9722863741339491,0.5893942904539051,176.8642168593942,32,0.32236972,1,True,0,17
169.0,0.7682022,1.7479728,0.8269606,1.2592592,0.8325123152709359,0.7987064629700199,89.1307758868591,32,0.18507947,0,False,0,18
898.0,0.97417766,2.0232203,0.95717937,1.074074,0.9718614718614719,0.6663823790981465,140.15959277011328,32,0.21422333,1,False,0,19
747.0,0.97825414,1.9240419,0.91025835,1.1111112,0.9701298701298702,0.7581881490526793,110.68234780731517,32,0.20372209,1,False,0,20
853.0,0.97559106,1.8269289,0.8643145,1.074074,0.9671201814058957,0.5215928381539586,155.59807667818419,32,0.19343953,1,False,0,21
553.0,0.821399,1.8838658,0.8912512,1.1851852,0.9650959860383944,0.7748281306997383,143.30980619282633,32,0.19946814,1,False,0,22
810.0,0.9812627,2.4313672,1.1502724,1.074074,0.9735576923076923,0.5476187803746696,47.35823405564313,32,0.25743887,1,False,0,23
654.0,0.9622978,1.8012799,0.85218006,1.0,0.9703264094955489,0.6972515243894963,47.35823405564313,32,0.19072375,1,False,0,24
754.0,0.9737034,1.5769231,0.74603754,0.8518519,0.9691516709511568,0.6731964194046428,156.54871907417512,32,0.16696833,1,False,0,25
214.0,0.7641579,2.7185879,1.2861557,2.0,0.895397489539749,0.6775591614290624,198.5889804394865,32,0.28785047,0,False,0,26
854.0,0.9850085,2.3681586,1.1203686,1.037037,0.9704545454545455,0.7331982998026144,103.74863943464818,32,0.2507462,1,False,0,27
1094.0,0.9853824,2.7866817,1.3183706,1.037037,0.9707187222715173,0.6991445727143606,147.68811333323566,32,0.2950604,1,False,0,28
960.0,0.9785299,1.637307,0.774605,0.7407407,0.9706774519716885,0.5759745703860628,276.3755163539116,32,0.17336193,1,False,0,29
957.0,0.9728139,2.0439646,0.96699345,0.9259259,0.9550898203592815,0.7981185762670607,156.54871907417512,32,0.21641977,1,False,0,30
604.0,0.98103946,2.5938802,1.2271569,1.2222222,0.9773462783171522,0.4649137406838112,233.96882893590507,32,0.27464613,1,True,0,31
839.0,0.97938335,2.0475874,0.9687074,0.962963,0.9733178654292344,0.7629510882713325,134.63365697742609,32,0.21680339,1,False,0,32
796.0,0.96954435,1.7424623,1.0,1.117647,0.9683698296836983,0.769250937296933,606.4400582655409,5,0.2323283,1,False,1,1
763.0,0.9748142,1.932619,1.109131,1.2058823,0.9633838383838383,0.7927844650734548,654.103351655483,5,0.25768253,1,False,1,2
768.0,0.9681365,1.6686199,0.9576218,0.9411765,0.9746192893401016,0.6238965268638956,606.4400582655409,5,0.22248264,1,False,1,3
857.0,0.9787071,1.8104194,1.0390006,1.0,0.9694570135746606,0.7854510023017058,654.103351655483,5,0.24138926,1,False,1,4
764.0,0.96663135,1.0669079,0.61229897,0.5588235,0.9707750952986023,0.6223926694980845,620.1213052289713,5,0.14225438,0,False,1,5
930.0,0.9771437,1.8728641,0.9821505,1.0727273,0.9518935516888434,0.6686870387368259,43.07701935944389,35,0.4039511,1,False,2,1
935.0,0.9861814,2.321614,1.2174798,1.0181818,0.9719334719334719,0.553171778079416,43.07701935944389,35,0.5007403,1,False,2,2
748.0,0.9756591,2.1894748,1.1481847,1.1818181,0.9664082687338501,0.8111306194108876,73.55016429823247,35,0.47223967,1,False,2,3
1147.0,0.98529875,2.4318776,1.2753034,1.1636363,0.9753401360544217,0.7518388560319035,73.55016429823247,35,0.5245226,1,False,2,4
659.0,0.9788572,1.618513,0.84876597,1.0,0.9634502923976608,0.7046166644749576,252.45634185244649,35,0.34909102,1,False,2,5
847.0,0.97807574,1.9634432,1.0296512,1.1272727,0.9625,0.7113954236663108,75.97631974733609,35,0.42348772,1,False,2,6
701.0,0.9760575,1.7340682,0.90936434,1.1818181,0.9409395973154362,0.9013075630030657,61.315253557419176,35,0.3740147,1,False,2,7
585.0,0.96967065,1.6239626,0.85162383,1.1272727,0.975,0.8191870991424982,454.67570722922176,35,0.35026646,1,False,2,8
766.0,0.98218477,2.2444813,1.1770307,1.1818181,0.9683944374209861,0.8297139156153619,48.179350812436354,35,0.4841038,1,False,2,9
578.0,0.9771902,2.069613,1.0853277,1.1454545,0.961730449251248,0.758071828317884,45.420028192692556,35,0.44638714,1,False,2,10
484.0,0.9768177,1.7650263,0.92559916,1.0545454,0.9584158415841584,0.7122965842289685,55.68497717195274,35,0.38069195,1,False,2,11
559.0,0.97741413,1.9291917,1.0116893,1.1454545,0.9539249146757679,0.7591841077882333,45.420028192692556,35,0.41610017,1,False,2,12
847.0,0.9752746,1.9069014,1.0,1.1818181,0.9769319492502884,0.5809322434408267,48.179350812436354,35,0.41129246,1,False,2,13
625.0,0.9775625,1.9901091,1.043635,1.0181818,0.9512937595129376,0.7855996238379273,55.68497717195274,35,0.4292392,1,False,2,14
597.0,0.9758877,1.7981422,0.9429655,1.0727273,0.9644588045234249,0.5158061490973891,72.25121747143349,35,0.38783458,1,False,2,15
698.0,0.9705723,1.3556135,0.7108986,0.96363634,0.9601100412654745,0.7639332730627647,102.82646228342205,35,0.29238722,1,False,2,16
604.0,0.97922945,1.8334436,0.961478,1.0181818,0.9710610932475884,0.71131214115022,57.11634047363672,35,0.39544863,1,False,2,17
628.0,0.97594905,1.9712218,1.0337304,1.0727273,0.9691358024691358,0.41406370475992793,81.20491370176644,35,0.42516547,1,False,2,18
925.0,0.97729784,2.406801,1.2621528,1.2727273,0.965553235908142,0.5869480867701901,46.514941387270774,35,0.51911396,1,False,2,19
825.0,0.9849639,2.2104464,1.1591823,1.1272727,0.9705882352941176,0.5281367141816056,36.73022221157834,35,0.47676292,1,False,2,20
661.0,0.97974485,2.2546554,1.182366,1.1818181,0.964963503649635,0.36838103204733924,79.76212197963805,35,0.48629823,1,False,2,21
1263.0,0.9784248,2.0505867,1.0753502,1.0727273,0.9348630643967432,0.831793529136691,50.7611091714988,35,0.4422834,1,False,2,22
551.0,0.96835387,2.0533576,1.0768032,1.1818181,0.9649737302977233,0.43590138995036753,35.496040309275884,35,0.44288102,1,False,2,23
778.0,0.98147607,2.266768,1.188718,1.0727273,0.9652605459057072,0.601388948842059,46.514941387270774,35,0.48891073,1,False,2,24
887.0,0.9820294,1.859014,0.9748874,1.1090909,0.9693989071038251,0.6178163987708052,35.496040309275884,35,0.4009638,1,False,2,25
849.0,0.9785237,1.9506584,1.0229467,1.0909091,0.9669703872437357,0.6896893904373821,87.63621989493743,35,0.42073026,1,False,2,26
615.0,0.97295636,1.76068,0.9233199,1.0727273,0.9715639810426541,0.5343620047180814,48.87664882139337,35,0.37975448,1,False,2,27
649.0,0.9785239,1.5469114,0.8112173,0.92727274,0.9701046337817638,0.5953827281214507,180.17435671952904,35,0.33364755,1,False,2,28
717.0,0.9858977,2.5697224,1.3475907,1.0727273,0.9755102040816327,0.5789329213595326,118.41698512152536,35,0.5542539,1,False,2,29
985.0,0.9595242,1.6447624,0.8625314,1.0,0.910351201478743,0.7744192266858003,66.8938382857313,35,0.35475266,1,False,2,30
750.0,0.97552407,1.583394,0.8303492,0.96363634,0.9727626459143969,0.51161662624078,66.8938382857313,35,0.34151635,1,False,2,31
783.0,0.9753795,1.8237084,0.9563727,0.94545454,0.9726708074534162,0.346353508540713,144.6310016505675,35,0.39334887,1,False,2,32
699.0,0.97893333,1.6036416,0.8409673,0.90909094,0.9681440443213296,0.4546053722143261,92.01188301027,35,0.3458835,1,False,2,33
883.0,0.98293006,1.8191496,0.953982,0.8363636,0.969264544456641,0.7938759269229467,180.0646675060403,35,0.3923656,1,False,2,34
652.0,0.97062,1.4361963,0.75315714,0.8545455,0.965925925925926,0.6274551093135969,267.00197850582,35,0.30976784,1,False,2,35
635.0,0.984731,2.733967,1.2725924,1.2068965,0.9650455927051672,0.5515952378776624,168.50452911489216,16,0.31092173,1,False,3,1
907.0,0.970764,2.3409498,1.0896529,1.4827586,0.973175965665236,0.6419635990115612,188.8897005319343,16,0.26622567,1,False,3,2
910.0,0.9747344,1.8704054,0.8706264,1.0,0.9711846318036286,0.658635794494026,390.08012988153183,16,0.21271276,1,False,3,3
652.0,0.9498763,1.8855511,0.8776763,1.0689656,0.9546120058565154,0.7445327145338313,262.27433485094286,16,0.21443522,1,False,3,4
138.0,0.8353891,2.0452275,0.95200163,1.5172414,0.9517241379310345,0.7384427577396595,168.50452911489216,16,0.23259449,0,False,3,5
329.0,0.79629767,2.0359502,0.9476833,1.4827586,0.8123456790123457,0.7790666067693698,69.65126542144756,16,0.23153943,0,False,3,6
914.0,0.9773879,2.2732213,1.0581269,1.4137931,0.9785867237687366,0.5919695456315139,69.65126542144756,16,0.2585232,1,False,3,7
829.0,0.9836541,2.6320453,1.2251505,1.2068965,0.9741480611045829,0.6012747781180918,234.87540509245147,16,0.29933065,1,False,3,8
971.0,0.98226345,2.2003622,1.024213,1.2413793,0.9671314741035857,0.7216745880220026,96.44121391734774,16,0.2502373,1,False,3,9
768.0,0.9823246,2.4339082,1.1329226,1.3103448,0.9746192893401016,0.5580966591916643,96.44121391734774,16,0.27679738,1,False,3,10
687.0,0.9561449,1.7978718,0.8368638,1.137931,0.9730878186968839,0.7661418953070426,536.9845192723891,16,0.20446385,1,False,3,11
149.0,0.7330183,2.0650313,0.9612198,1.5862069,0.8054054054054054,0.9285264104349353,188.56450173132384,16,0.2348467,0,False,3,12
525.0,0.96060544,2.2415764,1.0433971,1.2758621,0.9615384615384616,0.692791728774921,56.795975157613945,16,0.25492436,1,False,3,13
840.0,0.98654497,2.3928983,1.1138337,1.0344827,0.9778812572759022,0.425095784984912,56.795975157613945,16,0.27213353,1,False,3,14
889.0,0.9803177,2.0742795,0.9655246,1.1034483,0.9747807017543859,0.7870484187720895,188.56450173132384,16,0.23589845,1,False,3,15
983.0,0.98680645,2.096327,0.9757872,1.0,0.9781094527363184,0.691116323393554,218.0694371302065,16,0.23840584,1,False,3,16
910.0,0.9783042,1.9726032,0.9007586,0.9655172,0.9753483386923901,0.3793443524334595,247.0794306587645,9,0.22433527,1,True,4,1
969.0,0.9831213,2.452724,1.1199983,1.1724138,0.9719157472417251,0.6783945185949873,259.3883369797749,9,0.27893725,1,False,4,2
845.0,0.97997063,1.8496633,0.84462,1.1034483,0.9668192219679634,0.6905720463339545,199.08460696632014,9,0.21035387,1,False,4,3
819.0,0.9815055,2.4086144,1.0998564,1.137931,0.9715302491103203,0.6361163890099536,199.08460696632014,9,0.27392083,1,False,4,4
944.0,0.98136723,1.8530464,0.8461649,1.0689656,0.9742002063983488,0.6286461596711318,88.55887209611411,9,0.21073861,1,False,4,5
816.0,0.98286945,2.515213,1.148533,1.2068965,0.9691211401425178,0.657048653424676,219.54859947326537,9,0.28604382,1,False,4,6
984.0,0.9784461,2.1899354,1.0,1.137931,0.9723320158102767,0.7570650994657471,88.55887209611411,9,0.24905148,1,False,4,7
740.0,0.9741449,2.8251631,1.2900668,1.3103448,0.9711286089238845,0.6697585615572663,153.42480065236919,9,0.3212931,1,False,4,8
828.0,0.9851186,2.1107364,0.963835,1.0344827,0.9672897196261683,0.5906192138524602,163.8502023176451,9,0.24004452,1,False,4,9
832.0,0.9774956,2.4689002,0.9464683,1.2083334,0.9596309111880046,0.8010187062360075,199.7537404772896,50,0.23236708,1,False,5,1
917.0,0.9881061,5.2714467,2.0208418,1.375,0.9776119402985075,0.7313012231525712,146.30094662898307,50,0.4961362,1,False,5,2
562.0,0.9737805,2.0435944,0.7834246,1.2083334,0.9672977624784854,0.6719264312915508,146.30094662898307,50,0.19233829,1,False,5,3
728.0,0.9837432,2.9743016,1.1402171,1.25,0.9629629629629629,0.828089232652117,131.05839995492533,50,0.2799343,0,False,5,4
717.0,0.9782677,2.200372,0.8435263,1.25,0.9755102040816327,0.5340223558239684,158.35681089112956,50,0.20709382,1,False,5,5
567.0,0.97585636,2.705908,1.0373267,1.2083334,0.9561551433389545,0.803340596352606,131.05839995492533,50,0.25467372,1,False,5,6
868.0,0.9850079,3.4621735,1.3272458,1.1666666,0.967670011148272,0.6483613099871637,83.8164506806669,50,0.32585162,1,False,5,7
565.0,0.98078763,2.5600295,0.9814033,1.125,0.9674657534246576,0.48486713573517415,37.868180087982076,50,0.24094395,1,False,5,8
1004.0,0.9782238,2.9502409,1.1309932,1.3333334,0.9672447013487476,0.7175521839799729,37.868180087982076,50,0.27766973,1,False,5,9
778.0,0.97609365,2.1924272,0.8404806,1.1666666,0.9664596273291925,0.7958536332281311,99.79090114084266,50,0.20634608,1,False,5,10
639.0,0.96525866,2.7029212,1.0361817,1.3333334,0.9638009049773756,0.8132476899765377,150.9282860203322,50,0.2543926,1,False,5,11
903.0,0.98818445,3.5425434,1.3580561,1.25,0.9626865671641791,0.7951794911696383,79.07951663107414,50,0.33341584,1,False,5,12
753.0,0.97812784,2.3844068,0.9140772,1.2083334,0.970360824742268,0.7778754417013729,121.10691703788778,50,0.22441477,1,False,5,13
627.0,0.9683746,2.3262892,0.8917975,1.125,0.9646153846153847,0.6325033348740036,79.07951663107414,50,0.21894486,1,False,5,14
856.0,0.97913337,2.7883081,1.0689154,1.125,0.9782857142857143,0.41526633613213493,374.0029550044165,50,0.262429,1,False,5,15
1160.0,0.98670864,3.2506826,1.2461694,1.25,0.9780775716694773,0.6049113817612053,60.96030358797837,50,0.3059466,1,False,5,16
566.0,0.9749251,2.586278,0.9914658,1.3333334,0.9675213675213675,0.2786716860740669,37.86478803248898,50,0.2434144,1,False,5,17
715.0,0.9795291,3.6917832,1.4152681,1.2916666,0.9741144414168937,0.6928424264871367,50.0493285483973,50,0.34746197,1,False,5,18
675.0,0.9819206,2.472284,0.9477655,1.0833334,0.974025974025974,0.6433186701569824,60.96030358797837,50,0.23268555,1,False,5,19
423.0,0.9370452,2.3552995,0.90291876,1.4166666,0.9613636363636363,0.5335835520038866,37.86478803248898,50,0.22167525,1,False,5,20
784.0,0.9830048,3.535555,1.355377,1.0416666,0.9631449631449631,0.6233460706014798,105.5260512893092,50,0.3327581,1,False,5,21
510.0,0.9723815,2.5453432,0.97577316,1.2083334,0.9695817490494296,0.5938246490183771,50.0493285483973,50,0.2395617,1,False,5,22
724.0,0.9816348,2.9486072,1.1303669,1.1666666,0.9783783783783784,0.6691046563594784,51.38050375327764,50,0.27751598,1,False,5,23
685.0,0.9799092,2.9360096,1.1255376,1.2916666,0.9743954480796586,0.6589105185915216,74.16541916487364,50,0.27633032,1,False,5,24
476.0,0.961156,2.2194502,0.8508401,1.2083334,0.9635627530364372,0.6846435427257028,89.1467811968286,50,0.20888944,0,False,5,25
869.0,0.9732777,2.6308017,1.0085342,1.2083334,0.9666295884315906,0.8213293310838288,63.568504270965555,50,0.24760486,1,False,5,26
370.0,0.94274443,2.4207208,0.9279984,1.2083334,0.9685863874345549,0.6687259811919483,74.16541916487364,50,0.22783254,1,False,5,27
675.0,0.98365164,4.1044445,1.5734644,1.375,0.9726224783861671,0.7326480652404973,59.27199023503314,50,0.38630065,1,False,5,28
631.0,0.974929,3.2317088,1.2388957,1.25,0.9767801857585139,0.5467025643085841,29.31613284242999,50,0.30416083,1,False,5,29
334.0,0.92547715,2.7813122,1.0662334,1.4583334,0.9461756373937678,0.7164482109447947,29.31613284242999,50,0.26177058,1,False,5,30
351.0,0.85624987,2.219848,0.85099256,1.2916666,0.9310344827586207,0.7243833300968451,59.27199023503314,50,0.20892687,1,False,5,31
814.0,0.9789967,2.9874592,1.145261,1.2083334,0.9736842105263158,0.725209030723775,130.25690477514502,50,0.28117263,1,False,5,32
378.0,0.97425413,2.5767195,0.9878015,1.1666666,0.9742268041237113,0.6309384032979005,47.01577840682373,50,0.24251479,1,False,5,33
630.0,0.97466826,2.6343915,1.0099105,1.2916666,0.9662576687116564,0.4950963441850033,102.92107660843621,50,0.24794273,1,False,5,34
960.0,0.984786,3.6277778,1.3907312,0.875,0.97165991902834,0.550729727097591,273.79813419072764,50,0.3414379,1,False,5,35
872.0,0.98234123,3.2398224,1.2420061,1.125,0.9732142857142857,0.5882924107834315,49.53021277861983,50,0.30492446,1,False,5,36
481.0,0.9698149,2.2873354,0.87686425,1.3333334,0.9581673306772909,0.547081154591659,102.92107660843621,50,0.21527863,1,False,5,37
651.0,0.9799407,2.6466973,1.0146279,1.0833334,0.9730941704035875,0.4123685064946665,122.20618562047981,50,0.24910092,1,False,5,38
475.0,0.9603752,1.7658772,0.67696005,0.9583333,0.9595959595959596,0.7531221037894708,72.74548529932875,50,0.1662002,1,False,5,39
609.0,0.9687556,1.8092502,0.69358736,1.0833334,0.9712918660287081,0.6415438535210158,49.53021277861983,50,0.17028238,1,False,5,40
868.0,0.9827673,2.9180107,1.1186376,0.8333333,0.967670011148272,0.3345313807043957,95.83772184415791,50,0.2746363,1,False,5,41
773.0,0.97782016,1.9877101,0.76200104,0.9583333,0.9747793190416141,0.5541213751712926,72.74548529932875,50,0.18707861,1,False,5,42
562.0,0.97436523,1.7823992,0.6832938,0.7916667,0.9606837606837607,0.7302314900570902,77.96984927508954,50,0.16775522,1,False,5,43
448.0,0.949634,2.1990328,0.8430129,1.0833334,0.9696969696969697,0.6777008382117238,37.16291907975225,50,0.20696779,1,False,5,44
1320.0,0.98357046,3.2766416,1.256121,0.875,0.9656181419166057,0.7689938736741826,100.04959149498228,50,0.30838978,0,False,5,45
774.0,0.97838503,2.242248,0.85957974,0.9166667,0.9638854296388543,0.846819674073283,37.16291907975225,50,0.21103512,1,False,5,46
517.0,0.97573704,1.7863475,0.6848075,0.7083333,0.9663551401869159,0.7683686963233918,77.96984927508954,50,0.16812682,1,False,5,47
570.0,0.9730734,1.7712718,0.6790281,0.6666667,0.9661016949152542,0.7457894053888657,33.728688325863004,50,0.16670793,1,False,5,48
638.0,0.98624164,3.0160005,1.1562026,0.7083333,0.9696048632218845,0.31329556414205406,33.728688325863004,50,0.28385887,1,False,5,49
686.0,0.976381,1.8668003,0.71564955,0.5833333,0.9772079772079773,0.5667183857117591,64.75800814504554,50,0.17569885,1,False,5,50
559.0,0.9404218,1.9223614,0.99979764,1.0666667,0.9332220367278798,0.8372569209614843,425.31448502220337,2,0.22616017,1,False,6,1
654.0,0.97243226,1.9231397,1.0002024,1.1333333,0.956140350877193,0.7365699864886125,425.31448502220337,2,0.22625174,1,False,6,2
797.0,0.9721386,1.4861041,1.0,0.975,0.9719512195121951,0.7451672426013873,572.094967351644,3,0.23311438,1,False,7,1
529.0,0.94039464,1.4315217,0.96327144,0.975,0.9688644688644689,0.7279192417161945,608.011258799916,3,0.22455242,1,False,7,2
544.0,0.96895105,1.5285386,1.0285542,1.075,0.9679715302491103,0.6839092477952352,572.094967351644,3,0.23977076,1,False,7,3
796.0,0.9705651,1.689147,0.96341383,1.1707317,0.9648484848484848,0.5213430111444786,412.39458965750975,12,0.27158836,0,False,8,1
213.0,0.81427664,1.6683843,0.9515717,1.2195122,0.8129770992366412,0.9027841969025996,86.81450598754833,12,0.26825002,0,False,8,2
689.0,0.9656233,1.4634855,0.8347066,1.0,0.9704225352112676,0.6251747376218239,86.81450598754833,12,0.2353055,0,False,8,3
1258.0,0.98492074,2.7115438,1.5465432,1.097561,0.9751937984496124,0.605877455874578,311.0891366113343,12,0.4359737,1,False,8,4
591.0,0.95150733,1.4227642,0.811481,1.0243902,0.9736408566721582,0.6183431870055748,171.4014191715097,12,0.22875817,0,False,8,5
250.0,0.82652444,1.9232194,1.0969182,1.1707317,0.9328358208955224,0.8333991969849236,215.799456221355,12,0.30922353,0,False,8,6
466.0,0.9640191,1.8174396,1.0365862,1.097561,0.9648033126293996,0.7831606555917185,186.75954710242942,12,0.29221576,0,False,8,7
768.0,0.9813404,1.9035823,1.0857182,1.1219512,0.9709228824273072,0.6831419746070787,215.799456221355,12,0.3060662,0,False,8,8
1458.0,0.9845304,1.6637726,0.9489414,0.7804878,0.9798387096774194,0.65799081922539,248.61242285053078,12,0.26750854,1,False,8,9
1153.0,0.9805094,1.9804329,1.1295502,1.0243902,0.9738175675675675,0.6606453331906649,186.75954710242942,12,0.31842253,1,False,8,10
1066.0,0.98447853,2.6652174,1.5201207,1.0731708,0.9682107175295186,0.6933590013670405,271.0129227872301,12,0.42852518,1,False,8,11
505.0,0.9763875,1.1317073,0.6454752,0.6097561,0.974903474903475,0.8207884744544238,248.61242285053078,12,0.18196079,0,True,8,12
807.0,0.97338474,1.8799895,0.888883,1.0909091,0.9687875150060024,0.729331449140914,131.93980795462707,30,0.24329276,1,False,9,1
949.0,0.96918476,2.1913338,1.0360906,1.3030303,0.9713408393039918,0.7436169079088162,230.063445801985,30,0.2835844,0,False,9,2
1020.0,0.9810954,2.211913,1.0458207,1.060606,0.9751434034416826,0.6303043291971069,82.52018602493389,30,0.28624758,1,False,9,3
983.0,0.97544587,2.1502512,1.0166662,1.2121212,0.9723046488625123,0.6242780087633512,88.12032129185842,30,0.2782678,1,False,9,4
866.0,0.9789571,2.177689,1.0296391,1.1515151,0.9665178571428571,0.5865825355896602,82.52018602493389,30,0.2818186,1,False,9,5
942.0,0.9744492,1.833462,0.86688423,1.1818181,0.9651639344262295,0.7316441671699503,109.70630223564228,30,0.23727155,1,False,9,6
507.0,0.9652579,1.9685017,0.9307327,1.1515151,0.9712643678160919,0.45743405534337456,45.618991945842126,30,0.25474727,0,False,9,7
838.0,0.97990704,2.6500688,1.2529863,1.1515151,0.9676674364896074,0.6684416178984474,28.265843241333766,30,0.34295008,1,False,9,8
474.0,0.9500377,1.9730854,0.93289995,1.1515151,0.9575757575757575,0.7663538082209315,28.265843241333766,30,0.25534046,0,False,9,9
717.0,0.9764052,2.0076497,0.94924235,1.1515151,0.9795081967213115,0.5747125541509248,109.70630223564228,30,0.2598135,1,False,9,10
814.0,0.97720677,2.1214354,1.0030417,1.1515151,0.972520908004779,0.7878398491589339,59.9674415576168,30,0.2745387,1,False,9,11
1066.0,0.9812177,2.1680312,1.0250728,1.0909091,0.9699727024567789,0.6060168366785148,130.1482730900319,30,0.28056875,1,False,9,12
898.0,0.97045135,2.060606,0.97428083,1.1818181,0.9697624190064795,0.8048422160769189,59.9674415576168,30,0.26666668,1,False,9,13
1040.0,0.9767094,2.283683,1.0797545,1.1818181,0.963855421686747,0.7936102484930362,104.49538770678187,30,0.29553545,1,False,9,14
778.0,0.97867,2.1963463,1.0384605,1.1818181,0.9712858926342073,0.8121439342522075,138.34123421332825,30,0.28423306,1,False,9,15
1127.0,0.9780815,2.884058,1.3636194,1.1818181,0.96160409556314,0.661358154521502,104.49538770678187,30,0.37323102,1,False,9,16
698.0,0.9825954,3.031041,1.4331148,1.2121212,0.9735006973500697,0.7339613701325244,87.84037209840963,30,0.39225236,1,False,9,17
807.0,0.9744436,1.6495438,0.77992535,0.969697,0.9699519230769231,0.5538155738339211,115.57583803747548,30,0.21347037,0,False,9,18
461.0,0.9488999,2.0111747,0.950909,1.1515151,0.9624217118997912,0.7514053153713449,134.21964335352257,30,0.26026967,0,False,9,19
882.0,0.98027444,2.1085687,0.99695814,1.060606,0.9702970297029703,0.7124935823393321,77.07667587340916,30,0.27287358,1,False,9,20
544.0,0.9706699,1.756963,0.8307145,1.060606,0.9696969696969697,0.7851122421413836,87.84037209840963,30,0.22737168,1,False,9,21
872.0,0.9829572,2.4495413,1.1581744,0.90909094,0.9678135405105438,0.555533419959558,115.57583803747548,30,0.31699947,1,False,9,22
701.0,0.9804381,1.9067565,0.9015388,1.0,0.9655647382920111,0.8479694860795821,77.07667587340916,30,0.24675673,1,False,9,23
625.0,0.9867766,2.649503,1.2527188,1.0,0.9720062208398134,0.3589830327400188,134.21964335352257,30,0.34287688,1,False,9,24
758.0,0.97789466,1.6472775,0.77885383,0.8181818,0.9680715197956578,0.7185149645472308,235.83793571783832,30,0.21317708,1,False,9,25
436.0,0.97911924,2.098902,0.99238765,0.969697,0.956140350877193,0.57926928491582,65.89455234459737,30,0.2716226,0,False,9,26
761.0,0.9830455,2.6104805,1.2342685,0.969697,0.9681933842239185,0.5158332328213764,65.89455234459737,30,0.3378269,1,False,9,27
420.0,0.9559861,3.1443,1.4866651,1.939394,0.958904109589041,0.6712709219415504,304.8555035266787,30,0.4069094,0,False,9,28
737.0,0.9777133,1.9655442,0.9293344,0.969697,0.9659239842726082,0.661967814531155,201.79347136719431,30,0.25436455,1,False,9,29
870.0,0.9811041,1.5218042,0.71952844,0.8484849,0.9720670391061452,0.5787664823011193,193.46526106159007,30,0.19693936,1,False,9,30
727.0,0.9757834,1.7599195,1.0767677,1.2051282,0.9745308310991957,0.74606422520143,921.0499172260613,4,0.26916417,1,False,10,1
664.0,0.97400784,1.2946014,0.79207313,0.9230769,0.9736070381231672,0.6700580165469552,917.7786461157633,4,0.19799787,0,False,10,2
803.0,0.9752065,1.6094134,0.9846838,1.0769231,0.9686369119420989,0.7226871470981209,750.2899997847603,4,0.24614559,1,False,10,3
867.0,0.9799996,1.6594802,1.0153161,1.051282,0.9708846584546472,0.45438504873800517,750.2899997847603,4,0.25380284,1,False,10,4
545.0,0.9744983,1.9471712,1.0441577,1.125,0.9749552772808586,0.5255750042894194,416.8893110723123,12,0.18326317,0,False,11,1
453.0,0.9558833,1.6100073,0.8633558,1.0416666,0.9658848614072495,0.805829830559382,617.2925062563182,12,0.1515301,1,False,11,2
673.0,0.9825822,2.7082713,1.4522927,1.0,0.9753623188405797,0.47593387216866606,217.24901310966732,12,0.25489613,1,False,11,3
848.0,0.9756838,1.8835496,1.010041,1.0,0.9647326507394767,0.6220807820685643,78.53136367116177,12,0.17727526,1,False,11,4
715.0,0.9686708,1.8342075,0.9835817,1.0,0.9688346883468835,0.6595742592972351,78.53136367116177,12,0.1726313,0,False,11,5
981.0,0.9745541,1.8644665,0.9998079,1.0,0.9712871287128713,0.719587698473174,110.08478450523761,12,0.1754792,1,False,11,6
442.0,0.9636606,1.6734539,0.8973786,0.7083333,0.9650655021834061,0.6325823681880065,27.395622659606225,12,0.15750155,1,False,11,7
863.0,0.9729352,1.9308614,1.0354117,1.0416666,0.9674887892376681,0.6865518288644553,110.08478450523761,12,0.18172812,0,False,11,8
516.0,0.9703577,1.8526324,0.9934619,0.7083333,0.9644859813084112,0.7415423859574072,27.395622659606225,12,0.1743654,1,False,11,9
733.0,0.9596132,1.7332311,0.92943376,1.0,0.9695767195767195,0.7567455079048571,62.839158643981904,12,0.16312763,1,False,11,10
747.0,0.9853339,1.8651829,1.000192,0.625,0.9739243807040417,0.33492057598968816,140.4772145632975,12,0.17554662,1,False,11,11
727.0,0.98405397,2.4246905,1.3002243,0.875,0.9503267973856209,0.7124150840961736,62.839158643981904,12,0.22820617,1,False,11,12
309.0,0.91262454,2.2540455,1.1181382,1.3235294,0.9596273291925466,0.7206387073016157,75.79851241691621,37,0.30053937,0,True,12,1
804.0,0.9785332,2.38795,1.1845626,1.2941177,0.9804878048780488,0.7715533707659045,149.60036887031413,37,0.31839332,1,False,12,2
572.0,0.97052985,1.9222028,0.9535248,1.1764706,0.9629629629629629,0.7936389269919581,75.79851241691621,37,0.2562937,1,False,12,3
810.0,0.9845583,2.232571,1.1074855,1.117647,0.9574468085106383,0.801942139718775,109.27717374429143,37,0.29767612,1,False,12,4
1096.0,0.971125,1.8889277,0.9370184,1.2352941,0.9699115044247788,0.3360036876660563,158.00632887765335,37,0.251857,1,False,12,5
691.0,0.97538453,2.4460287,1.2133731,1.0,0.9787535410764873,0.7369384325579481,90.62960759685289,37,0.32613716,1,True,12,6
874.0,0.9718216,2.2023487,1.0924935,1.2352941,0.9646799116997793,0.6533886321194325,171.01080501080943,37,0.2936465,1,False,12,7
372.0,0.8219493,2.0158918,1.0,1.3529412,0.859122401847575,0.8037791777344819,106.6492683931001,37,0.26878557,1,False,12,8
719.0,0.97814214,2.020085,1.0020801,1.117647,0.970310391363023,0.81172184988129,106.6492683931001,37,0.2693447,1,False,12,9
794.0,0.97802734,1.8556082,0.92048997,1.0588236,0.9647630619684082,0.8031465670325042,109.27717374429143,37,0.24741443,1,False,12,10
953.0,0.9750203,1.8282514,0.9069194,1.0294118,0.9645748987854251,0.8507552157084023,90.62960759685289,37,0.24376684,1,False,12,11
237.0,0.80195767,2.4056838,1.1933596,1.7352941,0.79,0.9509565745619261,23.180381028228204,37,0.32075784,0,False,12,12
803.0,0.9659158,2.8160942,1.396947,1.6470588,0.9447058823529412,0.8626201865833703,23.180381028228204,37,0.37547922,1,False,12,13
479.0,0.96190184,1.4597814,0.72413677,0.9117647,0.958,0.7778375525456523,91.75628702750996,37,0.19463752,0,True,12,14
535.0,0.9593476,1.9503573,0.9674911,1.3088236,0.9692028985507246,0.5246431931804149,192.07678365543595,37,0.26004764,1,False,12,15
1013.0,0.98023015,1.8145869,0.900141,1.0,0.9703065134099617,0.7380613928848618,221.60209413293688,37,0.24194491,1,False,12,16
889.0,0.9844766,2.2566996,1.1194547,1.117647,0.9737130339539978,0.5128447609063533,286.1202207077609,37,0.30089328,1,False,12,17
818.0,0.96906877,1.8768877,0.93104583,1.117647,0.9726516052318668,0.7544195995404078,117.8955555448342,37,0.25025168,1,False,12,18
642.0,0.9758278,2.143073,1.0630894,1.1470588,0.9697885196374623,0.654853473517452,48.490405135904155,37,0.2857431,1,False,12,19
755.0,0.9779084,2.3474095,1.1644521,1.1470588,0.9704370179948586,0.6505638567693911,48.490405135904155,37,0.31298792,1,False,12,20
864.0,0.9862281,2.9974468,1.4869086,1.1764706,0.9675251959686451,0.6561399227879404,97.7129312005439,37,0.39965957,1,False,12,21
528.0,0.9658656,2.458946,1.2197808,1.1764706,0.9617486338797814,0.8008865135466348,56.78719082311167,37,0.32785946,1,False,12,22
889.0,0.9741551,1.6827234,0.834729,1.0588236,0.966304347826087,0.5505869013307864,76.26628884513897,37,0.22436312,1,False,12,23
585.0,0.95059514,1.5547009,0.77122235,1.0882353,0.9300476947535771,0.6692560432105921,97.43684404478702,37,0.20729345,0,False,12,24
583.0,0.9787987,1.9461205,0.9653894,1.0294118,0.9700499168053245,0.741391091735125,81.65053178519462,37,0.25948274,1,False,12,25
803.0,0.98283476,3.2103875,1.5925395,1.2647059,0.9628297362110312,0.6677917494457898,96.40471008569293,37,0.42805168,1,False,12,26
1019.0,0.9780278,1.8351902,0.91036147,1.0588236,0.9667931688804554,0.4758231690055566,116.0683036430838,37,0.24469203,1,False,12,27
186.0,0.97521055,2.3480394,1.1647646,1.2058823,0.9789473684210527,0.9257824424090972,74.69786795827495,37,0.3130719,0,True,12,28
586.0,0.9800546,1.9975909,0.9909217,1.0882353,0.9638157894736842,0.702823685126683,102.23849490063103,37,0.26634544,1,False,12,29
759.0,0.97271997,1.8887856,0.9369479,1.0588236,0.9668789808917198,0.7632865528919816,100.19420057395618,37,0.2518381,1,False,12,30
567.0,0.96793705,1.7332193,0.8597779,1.117647,0.9725557461406518,0.6459031637786616,74.69786795827495,37,0.2310959,0,True,12,31
815.0,0.97558236,2.0313966,1.0076913,1.1764706,0.9725536992840096,0.7723892742750519,85.18234545154839,37,0.27085286,1,False,12,32
828.0,0.98222846,2.156046,1.0695246,0.9705882,0.965034965034965,0.6511758128830721,247.49251636824886,37,0.28747278,1,False,12,33
834.0,0.98496515,2.472528,1.2265182,1.0294118,0.9708963911525029,0.5880998123865908,96.45433873498139,37,0.3296704,1,False,12,34
856.0,0.9523298,1.957566,0.971067,1.0294118,0.9116080937167199,0.5956003256358959,85.18234545154839,37,0.2610088,0,False,12,35
250.0,0.7715547,1.6647059,0.8257913,1.3235294,0.7739938080495357,0.8290568123964396,100.19420057395618,37,0.22196078,0,False,12,36
1081.0,0.97708917,1.7906351,0.88825953,0.85294116,0.9600355239786856,0.8622999838532145,247.49251636824886,37,0.23875134,1,False,12,37
1147.0,0.98085487,2.3844116,1.1244934,0.96,0.9770017035775128,0.6899653260749737,340.0165485944934,5,0.23376583,1,False,14,1
926.0,0.9822621,2.120432,1.0,1.12,0.9645833333333333,0.7157971325639458,487.05333262359335,5,0.20788549,1,False,14,2
677.0,0.97506446,1.8064401,0.85192084,1.0,0.9671428571428572,0.6658128319927925,193.3457658661164,5,0.17710197,1,False,14,3
852.0,0.9805759,2.3441784,1.1055193,1.12,0.9748283752860412,0.7789701450241577,193.3457658661164,5,0.22982141,1,False,14,4
615.0,0.96586955,1.6906017,0.7972912,1.08,0.9777424483306836,0.603349842881997,487.05333262359335,5,0.16574526,1,False,14,5
1477.0,0.9782221,2.3782616,1.3450432,1.2307693,0.9762062128222075,0.4543777202331979,947.4656160181776,5,0.24248941,1,False,15,1
529.0,0.97305316,1.7210267,0.9733392,1.1153846,0.9653284671532847,0.517896246149387,490.91001791651513,5,0.17547722,1,False,15,2
648.0,0.98209035,2.1090338,1.1927795,1.1538461,0.9773755656108597,0.44878595706236607,378.6849760114543,5,0.21503873,1,False,15,3
533.0,0.9588717,1.3717709,0.77581507,1.0,0.9586330935251799,0.4673206874431156,378.6849760114543,5,0.13986683,0,False,15,4
868.0,0.9829231,1.7681674,1.0,0.7692308,0.9720044792833147,0.7645615279487361,947.4656160181776,5,0.18028373,1,False,15,5
864.0,0.9739521,1.702286,1.0631236,1.15,0.968609865470852,0.6233385681695812,296.87625361076,14,0.26702526,1,False,16,1
1425.0,0.9857761,1.9967369,1.2470161,1.075,0.9807295251204404,0.422040582213512,188.3189767858689,14,0.31321365,1,False,16,2
1060.0,0.98210543,1.9668633,1.2283592,1.175,0.9689213893967094,0.7055634513909733,88.67605255633343,14,0.30852756,1,False,16,3
794.0,0.96681166,1.6617444,1.0378042,1.175,0.9694749694749695,0.6282667867142955,88.67605255633343,14,0.26066577,1,False,16,4
881.0,0.9767426,1.9213679,1.1999462,1.1,0.9681318681318681,0.788429678586044,103.75364683670574,14,0.30139104,1,False,16,5
1022.0,0.97936225,1.5613258,0.97509015,1.1,0.972407231208373,0.6682884578339077,103.75364683670574,14,0.24491386,1,False,16,6
1059.0,0.9757971,1.4983475,0.9357585,1.05,0.9706691109074244,0.706830005252736,110.24720521020053,14,0.2350349,1,False,16,7
960.0,0.97985536,1.6089323,1.0048217,1.0,0.9706774519716885,0.6823314501683819,234.40806176386496,14,0.25238153,1,False,16,8
717.0,0.98139626,1.7366108,1.0845603,0.975,0.9689189189189189,0.40759720802095084,171.12528470762936,14,0.27240953,1,False,16,9
991.0,0.97592145,1.5934914,0.99517846,1.05,0.9734774066797642,0.5951190980951115,448.6852631573389,14,0.24995944,1,False,16,10
418.0,0.76648414,1.3696172,0.85536295,1.025,0.8969957081545065,0.7608809985365792,129.16705404474448,14,0.21484193,0,False,16,11
949.0,0.88843584,1.3118283,0.81927216,0.925,0.9528112449799196,0.6240817914656986,234.58539150084397,14,0.20577697,1,False,16,12
877.0,0.9718835,1.4459236,0.9030183,1.0,0.9669239250275634,0.5380684463210047,129.16705404474448,14,0.22681154,1,False,16,13
602.0,0.9724811,1.2772009,0.79764646,0.85,0.9709677419354839,0.5256580303073305,234.58539150084397,14,0.20034525,0,True,16,14
150.0,0.7251237,2.3673334,0.98851514,1.7,0.8333333333333334,0.5583442840412459,198.91639919169353,24,0.1856732,0,False,17,1
807.0,0.98325807,2.738352,1.1434394,1.3,0.9781818181818182,0.6165981267221375,169.46087108638545,24,0.2147727,0,True,17,2
892.0,0.9690018,2.5259528,1.054749,1.45,0.9643243243243244,0.5119326473100018,169.46087108638545,24,0.19811395,0,False,17,3
589.0,0.9649051,2.0752122,0.8665356,1.2,0.971947194719472,0.743416425330244,56.17825290669555,24,0.16276175,1,False,17,4
669.0,0.9708075,2.306876,0.9632702,1.2,0.9639769452449568,0.7508494880182011,56.17825290669555,24,0.18093145,1,False,17,5
847.0,0.9752625,2.4187722,1.0099941,1.0,0.9635949943117179,0.8302949415632714,38.566076046992976,24,0.18970762,1,False,17,6
854.0,0.9771377,2.508665,1.0475303,1.05,0.9660633484162896,0.8058230279274844,38.566076046992976,24,0.19675805,1,False,17,7
846.0,0.9806592,2.6004138,1.0858413,0.95,0.9690721649484536,0.8336939709974817,91.09302127822257,24,0.20395401,1,False,17,8
971.0,0.97999,2.4146755,1.0082835,1.3,0.9729458917835672,0.6051928365164122,210.86464759727286,24,0.18938631,1,False,17,9
838.0,0.9704502,2.4460025,1.0213646,1.3,0.9744186046511628,0.5007601529086554,98.67620922920906,24,0.19184333,1,False,17,10
758.0,0.97778064,2.180739,0.9105998,0.95,0.9570707070707071,0.6835124625873308,69.18232386223063,24,0.17103834,1,False,17,11
822.0,0.96770155,2.3523116,0.9822425,1.35,0.9591598599766628,0.5612638044276297,150.39854015275395,24,0.18449502,1,False,17,12
509.0,0.94324905,2.0781925,0.86778,1.25,0.9514018691588785,0.8251508263322782,98.67620922920906,24,0.16299549,1,False,17,13
933.0,0.9854363,2.6394427,1.1021384,1.25,0.9810725552050473,0.6638094331879519,150.39854015275395,24,0.20701511,1,False,17,14
847.0,0.9740779,2.5759149,1.0756114,1.25,0.9735632183908046,0.6912893871569068,309.3267092273551,24,0.20203255,0,True,17,15
767.0,0.9744101,2.3125162,0.9656254,1.05,0.9647798742138365,0.627183649157203,163.15161320557436,24,0.18137382,1,False,17,16
1005.0,0.9744481,2.4769652,1.0342935,1.25,0.9747817652764307,0.49263569991075246,166.0448271657328,24,0.19427177,1,False,17,17
847.0,0.97916764,2.4199529,1.0104872,1.25,0.9735632183908046,0.3640307536579571,194.9129201828645,24,0.18980022,1,False,17,18
1002.0,0.9830222,2.375,0.9917164,1.0,0.9756572541382668,0.5587921059410019,163.15161320557436,24,0.18627451,1,False,17,19
792.0,0.9808054,2.6981692,1.1266605,1.2,0.9717791411042945,0.6189764534976976,215.5391566199479,24,0.2116211,1,False,17,20
635.0,0.9698381,1.7762206,0.7416872,0.95,0.9724349157733537,0.27926066907638364,177.30631372113842,24,0.13931142,1,False,17,21
368.0,0.8497872,1.3282609,0.554635,0.55,0.9435897435897436,0.7728572161295807,56.399048063464036,24,0.104177326,0,False,17,22
720.0,0.9702318,1.8631945,0.7780044,0.7,0.9809264305177112,0.7178152549192561,56.399048063464036,24,0.1461329,0,False,17,23
270.0,0.94600874,2.0501852,0.8560852,1.15,0.967741935483871,0.9149387676680611,778.0064135492335,24,0.16079883,0,True,17,24
141.0,0.9119605,2.3266351,0.8569316,1.1111112,0.9591836734693877,0.9036189783467697,245.45447088653623,19,0.16423307,0,True,18,1
716.0,0.98227525,3.3099008,1.2190819,1.1666666,0.9662618083670715,0.7756312179133257,373.3376702054128,19,0.23364004,1,False,18,2
782.0,0.9723316,2.4746377,0.91144305,1.4444444,0.9714285714285714,0.71376248617207,269.2334311289618,19,0.17468031,0,False,18,3
496.0,0.9739508,2.9639337,1.0916574,1.3333334,0.9649805447470817,0.47935647676623705,167.23513083781594,19,0.20921884,1,False,18,4
749.0,0.9856834,4.4983683,1.6568108,1.3333334,0.9714656290531777,0.8175583602892709,105.08957099172478,19,0.31753188,1,False,18,5
698.0,0.95780355,2.7833493,1.0251458,1.4444444,0.9381720430107527,0.8164756937274474,79.13358247900493,19,0.19647172,1,False,18,6
841.0,0.96978635,3.1918352,1.1755967,1.4444444,0.9711316397228638,0.788269127041134,90.20847492664087,19,0.22530602,1,False,18,7
664.0,0.9881695,4.102828,1.5111278,1.1111112,0.972181551976574,0.5528584588771983,208.97826083280586,19,0.2896114,1,False,18,8
539.0,0.9195042,2.338693,0.8613727,1.4444444,0.9506172839506173,0.759026929380273,174.88366212400368,19,0.16508421,1,False,18,9
495.0,0.9590357,2.5965207,0.9563342,1.3333334,0.9686888454011742,0.6724024191108905,79.13358247900493,19,0.18328382,1,False,18,10
473.0,0.9397783,2.9396288,1.0827056,1.5555556,0.9574898785425101,0.705289805533012,93.97381411458586,19,0.20750321,1,False,18,11
664.0,0.9737188,2.4626005,0.90700954,1.2222222,0.9651162790697675,0.8098104382493226,105.08957099172478,19,0.17383063,1,False,18,12
568.0,0.9744168,2.5891042,0.9536026,1.1111112,0.9627118644067797,0.745784062744308,174.88366212400368,19,0.1827603,1,False,18,13
496.0,0.9733237,2.3178763,0.85370564,1.1666666,0.9744597249508841,0.4146215029197669,112.88990972242173,19,0.16361481,1,False,18,14
653.0,0.9814655,3.3712778,1.2416879,1.1111112,0.9790104947526237,0.7768970312717817,159.14760294591866,19,0.23797256,1,False,18,15
381.0,0.9244907,2.4687955,0.90929127,1.2222222,0.9596977329974811,0.7566707464327787,159.14760294591866,19,0.17426792,0,False,18,16
637.0,0.97964394,3.147654,1.1593242,1.3333334,0.9710365853658537,0.5723813952431702,311.46926400517947,19,0.22218734,1,False,18,17
564.0,0.96841323,2.4758668,0.9118957,1.2222222,0.9641025641025641,0.7215416757561125,311.46926400517947,19,0.17476706,1,False,18,18
863.0,0.97293746,2.7150767,1.0,1.0555556,0.955703211517165,0.8972599362273831,495.23248493453616,19,0.19165248,0,False,18,19
451.0,0.97444373,2.2053673,1.0027045,1.0344827,0.9761904761904762,0.8826730225613988,143.88563867364547,59,0.25080648,0,True,19,1
942.0,0.9721835,2.3224614,1.0559431,1.2413793,0.9741468459152016,0.7023853120586431,272.082019364427,59,0.26412305,0,False,19,2
606.0,0.9698079,1.8670195,0.8488694,1.1034483,0.964968152866242,0.8877406410998369,296.11538862067755,59,0.2123277,0,False,19,3
794.0,0.9813863,1.9953965,0.907238,1.0,0.9682926829268292,0.8179169455960722,143.88563867364547,59,0.22692744,1,False,19,4
1509.0,0.9811874,2.8339846,1.2885151,1.2068965,0.9550632911392405,0.7672525243860492,168.37878025821428,59,0.3222963,1,False,19,5
702.0,0.9814502,2.710335,1.2322959,1.2068965,0.9696132596685083,0.5810620641692912,89.530832685047,59,0.30823418,1,False,19,6
744.0,0.9766327,2.3705504,1.0778075,1.1724138,0.9562982005141388,0.8532953502555203,40.05823611300631,59,0.26959202,1,False,19,7
753.0,0.9730382,2.2086368,1.004191,1.2068965,0.9691119691119691,0.823056357104354,40.05823611300631,59,0.2511783,1,False,19,8
964.0,0.98120624,2.26996,1.0320725,1.1034483,0.9757085020242915,0.689954813913509,163.71164024615274,59,0.2581523,1,False,19,9
724.0,0.980141,2.199419,1.0,1.137931,0.9692101740294511,0.7174779099571434,93.3617141938191,59,0.25013,1,False,19,10
587.0,0.96725523,2.330083,1.0594083,1.1724138,0.9622950819672131,0.8347607147224934,93.3617141938191,59,0.26498982,0,False,19,11
545.0,0.96819276,2.4222715,1.1013234,1.1724138,0.956140350877193,0.8277898491531749,82.72278222868384,59,0.275474,1,False,19,12
846.0,0.9876406,3.3359013,1.5167193,1.2068965,0.9724137931034482,0.49685657074100803,130.27990929769206,59,0.379377,1,False,19,13
481.0,0.96261144,1.5478529,0.7037553,0.9655172,0.962,0.6653581145543276,55.962901514965736,59,0.17603032,1,False,19,14
732.0,0.94937015,2.1424534,0.9740997,1.2068965,0.9656992084432717,0.747253298304419,107.39431292796488,59,0.24365157,0,False,19,15
591.0,0.9573807,2.0602136,0.9367081,1.1724138,0.9501607717041801,0.8898565827752699,82.72278222868384,59,0.2342988,1,False,19,16
608.0,0.9744335,1.8594601,0.8454324,0.9655172,0.9666136724960255,0.7728341276028029,55.962901514965736,59,0.21146801,1,False,19,17
968.0,0.9858726,3.5888429,1.6317232,1.3103448,0.968968968968969,0.6395130880647225,211.56236371291791,59,0.40814292,1,False,19,18
169.0,0.8099719,2.0481534,0.93122476,1.5517242,0.9086021505376344,0.6759327059565391,42.88546651370438,59,0.23292725,0,False,19,19
867.0,0.97430074,2.5839796,1.1748464,1.2758621,0.9601328903654485,0.7604774754899393,42.88546651370438,59,0.29386434,1,False,19,20
724.0,0.9812787,2.2761002,1.0348643,1.137931,0.9653333333333334,0.7039001539921671,72.93923903743114,59,0.2588506,1,False,19,21
608.0,0.9592903,2.0590403,0.93617463,1.137931,0.9743589743589743,0.6791741706356708,38.516183023741945,59,0.23416537,0,False,19,22
855.0,0.95815575,2.1770115,0.9898121,1.3103448,0.9553072625698324,0.5622392750385278,38.516183023741945,59,0.2475817,0,False,19,23
758.0,0.917237,2.3806298,1.0823903,1.4827586,0.9680715197956578,0.6753245949022996,72.93923903743114,59,0.27073827,0,False,19,24
623.0,0.98041624,1.8680468,0.84933645,0.9310345,0.9719188767550702,0.600571956944305,158.11603325664643,59,0.21244453,0,False,19,25
915.0,0.9778651,2.3049934,1.048001,1.1724138,0.9796573875802997,0.5939217638456403,35.25127844501521,59,0.26213652,0,False,19,26
510.0,0.88300157,1.8312373,0.8326005,1.1034483,0.9586466165413534,0.6374078762919734,114.84668045037867,59,0.20825836,0,False,19,27
649.0,0.98101044,1.9844854,0.9022771,1.137931,0.9572271386430679,0.6842495714579846,35.25127844501521,59,0.22568657,1,False,19,28
937.0,0.97656614,2.3740845,1.0794144,1.1724138,0.9689762150982419,0.5957248149105712,50.21395866883573,59,0.26999393,0,False,19,29
450.0,0.8128863,2.2243679,1.0113434,1.4137931,0.8490566037735849,0.8577902438551918,74.43074723811479,59,0.25296733,0,False,19,30
768.0,0.96555644,1.6684177,0.758572,1.0344827,0.9721518987341772,0.7498336358524555,164.50227964279867,59,0.18974163,0,False,19,31
819.0,0.98529255,2.9118774,1.3239303,1.1034483,0.9738406658739596,0.6496442230814288,96.66664404277662,59,0.33115467,1,False,19,32
439.0,0.8541552,2.1536407,0.9791862,1.3103448,0.9420600858369099,0.8113775727794841,50.21395866883573,59,0.24492384,1,False,19,33
590.0,0.97681075,1.9811807,0.90077454,1.0,0.959349593495935,0.6414538550591684,134.64666985728667,59,0.22531074,0,False,19,34
765.0,0.9836748,3.1563218,1.4350706,1.0689656,0.9757653061224489,0.6102882782152023,82.32064782129324,59,0.35895425,1,False,19,35
867.0,0.98211664,2.4224238,1.1013926,1.1724138,0.9708846584546472,0.48743036165090986,126.67074136898454,59,0.27549133,1,False,19,36
845.0,0.9796314,2.090961,0.9506879,0.82758623,0.9679266895761741,0.7992628541913751,143.2040436790492,59,0.23779558,1,False,19,37
725.0,0.9825519,3.3201427,1.5095544,1.1724138,0.9679572763684913,0.7396313751698459,110.0011729160303,59,0.37758487,1,False,19,38
781.0,0.98386484,2.8657777,1.3029703,1.0689656,0.97625,0.6669036511153005,107.02312481783153,59,0.32591197,1,False,19,39
761.0,0.9621412,1.6535412,0.75180817,0.9310345,0.9669631512071156,0.6259622469679205,149.08924386189935,59,0.18804978,0,False,19,40
572.0,0.9787794,2.4066193,1.0942068,1.0344827,0.9694915254237289,0.31975714048869364,82.32064782129324,59,0.27369398,1,False,19,41
1068.0,0.97974914,2.625791,1.1938567,1.0689656,0.9735642661804923,0.6910183867669591,85.44679113886353,59,0.2986194,1,False,19,42
692.0,0.98280925,2.4310346,1.1053076,1.0344827,0.9611111111111111,0.3481931935401549,91.84653921426823,59,0.2764706,1,False,19,43
597.0,0.97194386,1.63796,0.7447239,1.0,0.9754901960784313,0.6219044557298067,64.92719000325035,59,0.1862778,0,False,19,44
1062.0,0.9757689,2.3906097,1.0869278,1.1724138,0.968094804010939,0.771019209662901,113.85477067957493,59,0.27187327,1,False,19,45
836.0,0.98407656,1.9424601,0.8831696,0.7241379,0.9766355140186916,0.4909233500834592,143.2040436790492,59,0.22090723,1,False,19,46
495.0,0.9454358,1.8996865,0.8637219,1.1034483,0.9724950884086444,0.48782328863399793,77.58668150438007,59,0.21604277,0,False,19,47
723.0,0.9785494,2.2108552,1.0051997,1.0,0.965287049399199,0.7697805459157796,45.274131609035365,59,0.2514306,1,False,19,48
500.0,0.95306545,1.6932414,0.7698585,0.9655172,0.9615384615384616,0.7498300251643588,85.44679113886353,59,0.19256471,0,False,19,49
623.0,0.96212727,1.7649306,0.8024531,1.0344827,0.9719188767550702,0.39899669326122217,45.274131609035365,59,0.2007176,1,False,19,50
805.0,0.9337939,2.068323,0.9403951,1.2413793,0.9426229508196722,0.4798417327714967,64.92719000325035,59,0.23522104,0,False,19,51
1221.0,0.916281,1.9311192,0.8780133,1.0,0.920814479638009,0.6749095492897942,91.84653921426823,59,0.21961747,1,False,19,52
778.0,0.97331464,1.7953639,0.8162901,0.9310345,0.9652605459057072,0.7948367717693531,50.0077979913467,59,0.20417863,1,False,19,53
853.0,0.9811837,1.6497151,0.75006855,0.9310345,0.9638418079096045,0.8369183605515881,77.58668150438007,59,0.18761465,1,False,19,54
757.0,0.98138404,2.1512322,0.9780911,0.9310345,0.9594423320659062,0.7833504741978171,80.72526587497265,59,0.24464995,1,False,19,55
735.0,0.978501,1.9941356,0.9066647,1.0344827,0.9671052631578947,0.5512089877390718,50.0077979913467,59,0.22678405,1,False,19,56
1065.0,0.98164105,2.5621176,1.1649065,0.9655172,0.9699453551912568,0.8211119833017051,113.85477067957493,59,0.29137808,1,False,19,57
449.0,0.9819456,2.5339837,1.152115,0.8965517,0.9760869565217392,0.8817984960086401,143.05511722868016,59,0.28817853,0,True,19,58
162.0,0.9797785,1.8903788,0.8594901,0.8965517,0.9418604651162791,0.9653996939968041,105.82513655852905,59,0.21498427,0,True,19,59
1072.0,0.9805908,4.19059,1.1068939,1.375,0.9701357466063348,0.23513867703329114,97.19366097072583,16,0.26293898,0,False,20,1
321.0,0.9495169,2.6035826,0.68770504,1.1875,0.963963963963964,0.5062785787738133,94.24046257540128,16,0.16336204,0,False,20,2
548.0,0.97219026,2.3569798,0.6225679,1.0625,0.9597197898423818,0.6963956639978356,126.71397833105415,16,0.14788893,0,True,20,3
1103.0,0.9817339,4.579216,1.2095449,1.375,0.9709507042253521,0.7677778148414232,111.96791262839002,16,0.28732336,0,False,20,4
753.0,0.97583103,6.060757,1.6008761,1.375,0.916058394160584,0.9225954713751968,94.24046257540128,16,0.3802828,1,False,20,5
643.0,0.9822381,6.539561,1.7273464,1.25,0.9611360239162929,0.5317657576631359,77.29595074102716,16,0.41032538,1,False,20,6
384.0,0.9178098,2.947754,0.77861375,1.4375,0.9458128078817734,0.872023288180248,111.96791262839002,16,0.1849571,0,False,20,7
487.0,0.9562662,4.8797483,1.2889268,2.0625,0.960552268244576,0.3076896149306952,28.403788160065915,16,0.3061803,0,False,20,8
572.0,0.9650887,5.244646,1.3853102,1.5625,0.9581239530988275,0.5397343613527841,28.403788160065915,16,0.32907584,0,False,20,9
834.0,0.98334163,4.082284,1.0782863,1.3125,0.9708963911525029,0.5958764893178392,35.106215807753635,16,0.2561433,0,False,20,10
498.0,0.9726249,2.664031,0.70367175,1.25,0.97265625,0.7462095060468503,381.31815515108366,16,0.1671549,1,False,20,11
499.0,0.9470768,2.680486,0.7080181,1.4375,0.9670542635658915,0.7156576756331913,49.16492011066095,16,0.16818735,0,False,20,12
310.0,0.9734501,3.489516,0.9217137,1.5,0.9717868338557993,0.7367481641831424,35.106215807753635,16,0.21895002,0,True,20,13
401.0,0.94222087,3.0988154,0.8185148,1.5,0.9570405727923628,0.6397822436673152,66.53406222678312,16,0.19443548,0,False,20,14
710.0,0.96903884,2.6955106,0.7119867,1.4375,0.9712722298221614,0.7198420726351007,308.43261885092954,16,0.16913007,1,False,20,15
851.0,0.9842924,4.5852675,1.2111433,1.25,0.9561797752808989,0.7801654676301962,308.43261885092954,16,0.28770307,1,False,20,16
395.0,0.7092761,1.694888,1.0103372,1.2115384,0.9250585480093677,0.8617577157598606,560.3784117923979,19,0.34562424,1,False,21,1
943.0,0.97771716,1.4487112,0.86358917,1.0192307,0.9671794871794872,0.5799491483223123,213.71955116575484,19,0.29542345,1,False,21,2
784.0,0.9741379,1.6922095,1.0087405,1.1346154,0.9607843137254902,0.7931915753859972,87.46534829000962,19,0.34507802,1,False,21,3
123.0,0.7256177,1.438399,0.85744196,1.1923077,0.727810650887574,0.9153852896509238,87.46534829000962,19,0.29332057,0,False,21,4
935.0,0.9744814,1.7327025,1.0328789,1.1346154,0.9689119170984456,0.5014531744523077,106.73989189524852,19,0.3533354,1,False,21,5
1077.0,0.972109,1.534926,0.9149826,1.0192307,0.9480633802816901,0.7025728301642398,67.09696806994131,19,0.31300452,1,False,21,6
907.0,0.9798588,1.5970442,0.95201176,1.0769231,0.975268817204301,0.7027777398910782,214.42571166642307,19,0.32567176,1,False,21,7
555.0,0.94576293,1.6775467,1.0,1.1538461,0.977112676056338,0.4977729792232764,169.2904658924855,19,0.34208795,1,False,21,8
651.0,0.97689104,1.6786009,1.0006284,1.0961539,0.9601769911504425,0.7764009832524731,182.7851030239588,19,0.34230292,1,False,21,9
753.0,0.9836358,1.8967719,1.130682,1.0192307,0.9653846153846154,0.8267470389598658,67.09696806994131,19,0.38679272,1,False,21,10
827.0,0.9805207,1.5164403,0.903963,0.90384614,0.9638694638694638,0.7310063417973209,201.1923396832009,19,0.3092349,1,False,21,11
962.0,0.98591244,1.9848872,1.1832083,1.0384616,0.9687814702920443,0.7247788070109744,169.2904658924855,19,0.4047613,1,False,21,12
770.0,0.97750926,1.7604395,1.0494131,1.0961539,0.9673366834170855,0.39804013904294355,156.56514341926092,19,0.3589916,1,False,21,13
866.0,0.98564816,1.7379863,1.0360285,1.0192307,0.9741282339707537,0.479592334207068,156.56514341926092,19,0.3544129,1,False,21,14
730.0,0.97755647,2.0077713,1.1968497,1.1923077,0.9656084656084656,0.8634693129420161,192.61817009106755,19,0.40942788,1,False,21,15
909.0,0.9821678,1.4574765,0.86881423,0.9423077,0.9659936238044633,0.6618919967647674,192.61817009106755,19,0.2972109,1,False,21,16
794.0,0.9796016,1.5498693,0.9238904,1.0192307,0.9671132764920828,0.6504054304935686,43.45224741226799,19,0.31605178,1,False,21,17
735.0,0.977474,1.537729,0.91665345,0.9807692,0.9696569920844327,0.8195351711992364,43.45224741226799,19,0.3135761,1,False,21,18
753.0,0.98092204,1.5105987,0.9004808,0.84615386,0.9753886010362695,0.7166149277211591,462.96311124604443,19,0.30804366,1,False,21,19
136.0,0.7837309,0.94584274,0.725935,0.75,0.8888888888888888,0.8725313307669815,884.1341867832425,3,0.19287774,0,False,22,1
717.0,0.9736512,1.4319011,1.0989852,1.0384616,0.9663072776280324,0.706565246880685,559.4060254946336,3,0.2919955,1,False,22,2
840.0,0.97661597,1.3029304,1.0,0.90384614,0.9688581314878892,0.8028486828508032,559.4060254946336,3,0.2656956,1,False,22,3
595.0,0.9649882,1.535126,0.98582923,1.1375,0.9738134206219312,0.8014129710361348,246.30033885284328,10,0.48160815,0,False,23,1
564.0,0.97378516,1.5730497,1.0101831,1.0875,0.9591836734693877,0.6631590104053648,246.30033885284328,10,0.49350578,1,False,23,2
829.0,0.9794239,1.6674759,1.0708219,1.075,0.9495990836197021,0.7306660388156907,449.3436382729983,10,0.5231297,1,False,23,3
948.0,0.9798574,1.3385812,0.85961187,0.9875,0.9673469387755103,0.5778976430709406,343.82596606882373,10,0.41994703,1,False,23,4
941.0,0.98163,1.4685042,0.943046,1.025,0.9791883454734651,0.5330695192019161,86.82789168554125,10,0.46070722,1,False,23,5
775.0,0.9858436,1.604613,1.0304525,1.05,0.9748427672955975,0.6173262135979217,107.20215871801746,10,0.50340796,1,False,23,6
1254.0,0.98235726,1.8584728,1.1934766,1.075,0.9698375870069605,0.8047983561882722,86.82789168554125,10,0.5830503,1,False,23,7
659.0,0.97881126,1.551821,0.9965505,1.05,0.9648609077598829,0.7034003105948599,222.66920358861267,10,0.4868458,1,False,23,8
781.0,0.9761161,1.562564,1.0034494,1.0125,0.9618226600985221,0.5788213288130651,135.82159755716447,10,0.49021617,1,False,23,9
864.0,0.9722386,1.4241898,0.9145881,1.1125,0.968609865470852,0.801473482754851,320.28280999284976,10,0.44680467,1,False,23,10
380.0,0.950744,1.787594,0.95789033,1.1428572,0.9547738693467337,0.7618012106523151,522.4724658737014,7,0.19628483,0,False,24,1
880.0,0.9800437,2.2616477,1.2119142,1.1428572,0.9691629955947136,0.7455993814349453,138.78962625235133,7,0.24833779,1,False,24,2
1034.0,0.9751794,2.0009673,1.0722274,1.0714285,0.9690721649484536,0.6858611935188185,138.78962625235133,7,0.21971405,1,False,24,3
1004.0,0.9752202,1.8661782,1.0,1.1428572,0.970048309178744,0.8177961639621169,72.0470290737341,7,0.20491368,1,False,24,4
736.0,0.96095806,1.6465935,0.88233453,1.0,0.9620915032679739,0.735857874909118,227.5821738318218,7,0.18080242,1,False,24,5
932.0,0.98652565,2.4053495,1.2889174,1.0714285,0.9779643231899265,0.4743079466872253,522.4724658737014,7,0.2641168,1,False,24,6
818.0,0.9772006,1.7654558,0.9460275,1.1428572,0.970344009489917,0.7004564754388649,72.0470290737341,7,0.19385397,1,False,24,7
465.0,0.9540921,1.9832534,1.2955565,1.2978723,0.9647302904564315,0.47708512723804836,142.15394622112245,27,0.3655408,1,False,25,1
774.0,0.9813444,1.7102369,1.1172091,1.1276596,0.9687108886107635,0.7870103291235664,136.14996378647191,27,0.31522015,1,True,25,2
611.0,0.9770172,1.7610823,1.1504236,1.1489362,0.9729299363057324,0.8166317237137938,306.4568036548297,27,0.32459164,1,False,25,3
824.0,0.9818299,1.909342,1.2472742,1.1914893,0.9660023446658851,0.6068749530363099,193.07036601817754,27,0.35191795,1,False,25,4
517.0,0.96827775,1.5008025,0.98039645,1.1276596,0.9699812382739212,0.6442487157253167,136.14996378647191,27,0.2766185,1,False,25,5
811.0,0.98063976,2.1612666,1.4118433,1.1276596,0.9724220623501199,0.6593946306872847,236.6886695261403,27,0.3983511,1,False,25,6
860.0,0.9849802,2.059797,1.3455585,1.0851064,0.9492273730684326,0.8229220281808176,277.2267073253056,27,0.37964886,0,False,25,7
920.0,0.9736084,1.5318456,1.0006752,1.106383,0.9735449735449735,0.7591117948592023,109.63057851293769,27,0.28234017,1,False,25,8
614.0,0.98314077,2.2056968,1.4408673,1.0425532,0.9715189873417721,0.5323045773285224,85.26587685137208,27,0.40654022,1,False,25,9
622.0,0.98500854,2.0276732,1.3245738,1.0851064,0.9673405909797823,0.6474554888882491,80.61355274320981,27,0.373728,1,False,25,10
745.0,0.9850029,1.8640012,1.2176553,1.0212766,0.9700520833333334,0.6588288623103339,70.67616924623715,27,0.343561,1,False,25,11
608.0,0.9631934,1.4836227,0.9691737,1.0425532,0.9635499207606973,0.4912698884144787,49.04401990401487,27,0.273452,1,False,25,12
733.0,0.975458,1.5308119,1.0,0.9787234,0.9619422572178478,0.603137416920566,49.04401990401487,27,0.28214964,1,False,25,13
760.0,0.9739977,1.3870101,0.90606177,0.9148936,0.9669211195928753,0.7239051068915476,80.61355274320981,27,0.255645,1,False,25,14
976.0,0.97752655,1.8567536,1.2129208,1.0425532,0.9711442786069652,0.7089073585924156,78.09363147170907,27,0.34222516,1,False,25,15
280.0,0.8082441,1.4234803,0.9298858,1.0212766,0.8615384615384616,0.753634208449495,103.44368155816373,27,0.26236695,0,False,25,16
894.0,0.9802481,1.4483316,0.9461199,0.9574468,0.9685807150595883,0.7763807145770559,101.51627094797283,27,0.2669474,1,False,25,17
427.0,0.9094496,1.3871644,0.9061625,0.9148936,0.9660633484162896,0.546589764744121,92.80529048343004,27,0.25567344,1,False,25,18
1592.0,0.9822311,1.6017587,1.0463458,0.80851066,0.8834628190899001,0.8426512310099374,92.80529048343004,27,0.29522613,0,False,25,19
657.0,0.95529145,1.4405582,0.94104195,0.9787234,0.9633431085043989,0.4720370972162596,153.69173403525926,27,0.26551467,1,False,25,20
581.0,0.97417825,1.8522724,1.2099935,1.0,0.9651162790697675,0.5712089616108237,118.36592669312225,27,0.34139922,1,False,25,21
808.0,0.9811885,1.3789762,0.90081364,0.68085104,0.9711538461538461,0.6333131977577837,84.23596857434984,27,0.25416425,1,False,25,22
716.0,0.9767125,1.3335612,0.8711463,0.89361703,0.9636608344549125,0.6154814794855792,144.87363480075624,27,0.24579363,1,False,25,23
957.0,0.9813453,1.1619645,0.75905114,0.7234042,0.9686234817813765,0.6397745952473235,84.23596857434984,27,0.214166,1,False,25,24
451.0,0.9649358,1.225598,0.8006196,0.82978725,0.9595744680851064,0.6235536208562267,146.36132508402335,27,0.22589453,1,False,25,25
721.0,0.9810227,1.443651,0.9430623,0.85106385,0.9703903095558546,0.554877154144171,88.76509957266119,27,0.26608467,1,False,25,26
131.0,0.937459,1.2830924,0.8381777,0.82978725,0.9357142857142857,0.9265534258747588,88.76509957266119,27,0.23649155,0,True,25,27
864.0,0.97199106,1.7827848,1.1746066,1.2391304,0.9675251959686451,0.6660678200319735,227.91689776602007,10,0.3216004,1,False,26,1
780.0,0.9659981,1.6730212,1.1022877,1.1956521,0.9701492537313433,0.7641302830596024,96.1874759784852,10,0.30179992,1,False,26,2
727.0,0.96242386,1.5626458,1.0295657,1.1521739,0.9706275033377837,0.5657378062638928,155.90147917278264,10,0.28188905,0,False,26,3
850.0,0.98097426,1.6954987,1.1170973,1.1521739,0.9725400457665904,0.645021049800112,96.1874759784852,10,0.30585468,1,False,26,4
736.0,0.97625864,1.4229974,0.9375568,1.0869565,0.9633507853403142,0.4199752103081787,255.6100192065804,10,0.25669757,1,False,26,5
783.0,0.9663498,1.3198956,0.8696272,1.0,0.9738805970149254,0.5711319851865408,250.05061966222655,10,0.23809882,1,False,26,6
792.0,0.97799283,1.5496541,1.021006,1.0652174,0.9646772228989038,0.8099350430694723,67.42623944606535,10,0.27954546,1,False,26,7
230.0,0.7996688,1.4579395,0.96057886,1.2608696,0.696969696969697,0.8846433738884499,67.42623944606535,10,0.26300085,0,False,26,8
758.0,0.98195165,1.4858896,0.978994,0.9782609,0.9717948717948718,0.6400549902066668,831.7729661736972,10,0.26804283,1,False,26,9
1342.0,0.97677135,1.4505442,0.95570636,0.9130435,0.9696531791907514,0.5503989722965956,504.1808213696376,10,0.2616668,1,False,26,10
938.0,0.98340315,1.8773606,1.081743,1.0357143,0.9670103092783505,0.681725450028524,117.43536730570922,9,0.20614156,1,False,27,1
839.0,0.9802016,1.639622,0.94475704,1.1071428,0.9721900347624566,0.8018173403346855,117.43536730570922,9,0.18003693,1,False,27,2
916.0,0.96412414,1.7354959,1.0,1.1428572,0.9662447257383966,0.6498599325688091,333.5297260571153,9,0.19056426,1,False,27,3
801.0,0.9740065,1.9921973,1.1479124,1.1785715,0.9697336561743342,0.5368083017636128,189.71601480133987,9,0.21875107,1,False,27,4
270.0,0.85057145,1.5955026,0.91933525,1.25,0.903010033444816,0.6507755695802151,159.1766077533197,9,0.17519245,0,False,27,5
635.0,0.9752414,1.5806524,0.91077846,1.0357143,0.9635811836115327,0.5034106846706279,189.71601480133987,9,0.17356183,1,False,27,6
824.0,0.9845984,1.9007022,1.0951926,1.1785715,0.9648711943793911,0.8043869164890989,159.1766077533197,9,0.20870456,1,False,27,7
1001.0,0.9752157,1.8373412,1.0586836,1.0357143,0.9690222652468539,0.7859247672894855,304.58073816784594,9,0.20174727,1,False,27,8
641.0,0.97241783,1.3287832,0.7656504,0.8214286,0.9712121212121212,0.7537447725245614,304.58073816784594,9,0.1459056,1,False,27,9
803.0,0.9810586,1.5637786,1.0304291,1.0816326,0.9780755176613886,0.7183143429240488,404.94268718047414,5,0.3004908,1,False,28,1
1341.0,0.98593086,1.8593953,1.2252214,1.0816326,0.976693372177713,0.669476344253513,404.94268718047414,5,0.35729554,1,False,28,2
792.0,0.98375666,1.5175995,1.0,1.0816326,0.9801980198019802,0.6181466927202809,539.7054115155298,5,0.29161716,1,False,28,3
337.0,0.92317176,1.4044087,0.9254146,1.0612245,0.9413407821229051,0.6889845176886551,319.97319702963915,5,0.26986676,0,False,28,4
546.0,0.9663247,1.1265979,0.7423552,0.79591835,0.9767441860465116,0.7350867757781617,319.97319702963915,5,0.21648352,0,False,28,5
884.0,0.9861039,2.3758671,1.3012357,1.1666666,0.9724972497249725,0.7418430449837218,178.89033681037301,7,0.27951378,1,False,29,1
892.0,0.9832895,1.9155083,1.0491023,1.2,0.9802197802197802,0.5707916689499991,178.89033681037301,7,0.22535391,1,False,29,2
728.0,0.9751902,1.9582418,1.072507,1.1,0.9616908850726552,0.5970264250620843,175.4338260521533,7,0.23038138,1,False,29,3
591.0,0.9734238,1.7957699,0.983523,1.1,0.9736408566721582,0.5137027168677745,175.4338260521533,7,0.21126704,1,False,29,4
432.0,0.9631562,1.5616512,0.8552988,1.0,0.9578713968957872,0.6795594339042045,244.1254213318237,7,0.18372367,1,False,29,5
829.0,0.9577221,1.8258545,1.0,1.1666666,0.9662004662004662,0.7580768336839742,213.3998979052238,7,0.21480641,0,False,29,6
692.0,0.97357494,1.524133,0.8347505,0.96666664,0.9651324965132496,0.8078990633081115,213.3998979052238,7,0.17930976,1,False,29,7
666.0,0.98414403,2.0253983,1.1140422,1.2033899,0.9779735682819384,0.5154533893525182,316.5815846383285,8,0.46862155,1,False,30,1
1000.0,0.9808862,1.8928814,1.0411531,1.0508474,0.9746588693957114,0.6971469848030877,316.5815846383285,8,0.43796077,1,False,30,2
710.0,0.97918683,1.483027,0.81571835,1.0677966,0.9712722298221614,0.4509103984749718,145.76421012967947,8,0.34313172,1,False,30,3
754.0,0.96321315,1.4223576,0.782348,1.0169492,0.9556400506970849,0.7940303042323941,98.36705002200864,8,0.3290945,1,False,30,4
1118.0,0.98258257,1.7745975,0.9760927,1.2033899,0.9738675958188153,0.6635428704840475,98.36705002200864,8,0.41059315,1,False,30,5
777.0,0.98320425,1.8615274,1.0239073,1.1355932,0.9749058971141782,0.7475412545943236,167.3677486178415,8,0.43070635,0,True,30,6
651.0,0.98644286,2.6117578,1.436561,1.0932204,0.9774774774774775,0.3506685153571419,472.8453889289668,8,0.60428905,1,False,30,7
779.0,0.9731082,1.3341311,0.73382026,0.9661017,0.9713216957605985,0.7575347655834592,345.04752287315085,8,0.3086813,1,False,30,8
851.0,0.9856947,2.0106568,1.1783129,1.2413793,0.969248291571754,0.6641682795580539,259.5509932606009,16,0.45732588,1,False,31,1
166.0,0.82569534,1.5548401,0.91118884,1.2758621,0.9021739130434783,0.8017168208983284,122.00935725769868,16,0.3536499,0,False,31,2
454.0,0.9634391,1.5927389,0.93339884,1.2068965,0.9659574468085106,0.5494718883122559,122.00935725769868,16,0.36227,1,False,31,3
626.0,0.98129946,1.5530187,0.91012144,0.9655172,0.9705426356589147,0.5621321787960276,282.35545090412023,16,0.3532356,1,False,31,4
905.0,0.9851595,1.9053344,1.1165904,1.2413793,0.9637912673056444,0.8170398507367541,272.4717394826783,16,0.43337017,1,False,31,5
499.0,0.94230646,1.3896067,0.8143565,1.0689656,0.9522900763358778,0.6646453023783103,205.45481923496237,16,0.31606743,1,False,31,6
597.0,0.96302474,1.6404147,0.96133846,1.2586207,0.9598070739549839,0.6782354286354004,223.53361992118755,16,0.37311393,1,False,31,7
706.0,0.96701056,1.6856501,0.9878479,1.2586207,0.9684499314128944,0.6870314824843946,47.728336482750585,16,0.38340276,1,False,31,8
760.0,0.98015714,1.8288113,1.0717453,1.2586207,0.9731113956466069,0.6569447330381522,56.149907848349166,16,0.4159649,1,False,31,9
1097.0,0.97630256,2.0663252,1.2109364,1.3448275,0.981216457960644,0.7664526000733557,47.728336482750585,16,0.46998766,1,False,31,10
907.0,0.97194886,1.7271223,1.0121521,1.2586207,0.9742212674543501,0.5902038323397193,67.21066920162578,16,0.39283568,1,False,31,11
871.0,0.9823462,1.5954907,0.9350115,0.9655172,0.9699331848552338,0.43626237433040904,120.02332156795163,16,0.3628959,1,False,31,12
1053.0,0.97837466,1.9326227,1.1325822,1.2758621,0.9634034766697164,0.6237170444441839,67.21066920162578,16,0.43957692,1,False,31,13
561.0,0.9788916,2.0866985,1.2228758,1.1896552,0.9672413793103448,0.7629163836729682,128.66151282854526,16,0.47462165,1,False,31,14
990.0,0.9875222,1.838645,1.0775081,0.9137931,0.9744094488188977,0.6527244686989718,76.80819311044094,16,0.41820163,1,False,31,15
565.0,0.9441648,1.5915167,0.93268263,1.0862069,0.9658119658119658,0.7282391066478112,76.80819311044094,16,0.36199203,1,False,31,16
304.0,0.9738994,2.199224,1.0943197,1.1794872,0.9681528662420382,0.7246527826678035,135.27859125217282,34,0.3363519,0,True,32,1
661.0,0.9824101,2.4737966,1.2309452,1.2307693,0.9720588235294118,0.5569664158516298,70.924949416066,34,0.37834534,1,False,32,2
460.0,0.8773427,1.6047938,0.798535,1.2564102,0.9072978303747534,0.8544988135484639,278.2304390485398,34,0.24543904,1,False,32,3
862.0,0.98269266,1.8260455,0.90862846,1.1794872,0.9740112994350283,0.5828857755483748,126.15794220354378,34,0.27927753,1,False,32,4
618.0,0.9713581,2.2014356,1.0954201,1.3076923,0.965625,0.687500916958492,42.068015024617026,34,0.33669016,1,False,32,5
672.0,0.97727895,1.8840048,0.93746865,1.1538461,0.9710982658959537,0.6010326227806627,42.068015024617026,34,0.2881419,1,False,32,6
674.0,0.98026156,2.6632807,1.3252313,1.3333334,0.9683908045977011,0.5534489549452529,116.90934663155831,34,0.4073253,1,False,32,7
613.0,0.9764725,1.8344836,0.9128272,1.1794872,0.9745627980922098,0.45485692435262265,126.15794220354378,34,0.2805681,1,False,32,8
819.0,0.97280234,2.000626,0.9954986,1.2564102,0.9669421487603306,0.840264184950386,96.65452198751656,34,0.30597812,1,False,32,9
828.0,0.9836579,2.2921777,1.1405728,1.2564102,0.9706916764361079,0.5704495631761161,96.65452198751656,34,0.35056835,1,False,32,10
909.0,0.9829918,2.7936025,1.3900785,1.2307693,0.9690831556503199,0.7183784757255733,161.11453771972913,34,0.42725682,1,False,32,11
726.0,0.9794229,1.8537827,0.9224303,1.1025641,0.9628647214854111,0.6883064333127781,161.11453771972913,34,0.2835197,1,False,32,12
1049.0,0.9846482,2.8710616,1.4286216,1.2051282,0.9730983302411874,0.7003172702334073,77.16895384736462,34,0.43910354,1,False,32,13
672.0,0.9722748,1.8194064,0.9053249,1.0769231,0.9696969696969697,0.7539721019107487,107.50841930325879,34,0.27826214,1,False,32,14
784.0,0.9547406,1.8785322,0.9347455,1.2307693,0.969097651421508,0.6268028342260015,188.83179779780193,34,0.28730494,0,False,32,15
1086.0,0.97799045,2.0087595,0.99954575,1.1025641,0.9661921708185054,0.6802509174740778,100.62056061077338,34,0.30722204,0,False,32,16
729.0,0.9813596,2.1695333,1.0795457,1.1538461,0.96684350132626,0.6566870275530283,145.2407227170165,34,0.33181095,1,False,32,17
1288.0,0.9792829,1.9949435,0.992671,1.1794872,0.9757575757575757,0.5512350286178633,77.16895384736462,34,0.305109,0,False,32,18
887.0,0.98273015,2.2319832,1.1106204,1.0256411,0.973655323819978,0.687692975308551,145.2407227170165,34,0.34136215,1,False,32,19
608.0,0.97740096,2.0105853,1.0004543,1.0769231,0.9759229534510433,0.7726739880614903,188.83179779780193,34,0.3075013,1,False,32,20
736.0,0.9832505,1.873711,0.93234646,1.0,0.9583333333333334,0.7474118014135692,182.0199104922691,34,0.28656757,1,False,32,21
919.0,0.97614914,2.1453085,1.0674917,1.051282,0.9745493107104984,0.3322179565981154,177.54560601335982,34,0.32810602,1,False,32,22
417.0,0.9418231,1.6401647,0.81613535,0.974359,0.9564220183486238,0.5421315705946486,93.3795914675282,34,0.25084874,1,False,32,23
750.0,0.9708633,1.7039658,0.8478824,0.974359,0.974025974025974,0.6835664711456299,133.27484457707885,34,0.26060653,0,True,32,24
382.0,0.86165404,1.4724123,0.73266286,1.051282,0.8946135831381733,0.8334837728038464,99.99804465617129,34,0.22519249,0,False,32,25
562.0,0.9476523,1.5664294,0.7794451,1.0,0.8992,0.8463647088931335,93.3795914675282,34,0.23957156,1,False,32,26
627.0,0.9683474,1.6499816,0.8210202,0.974359,0.9646153846153847,0.45247850072807505,133.27484457707885,34,0.25235012,0,False,32,27
851.0,0.980284,1.6582602,0.8251396,0.9230769,0.9725714285714285,0.4334820581191619,165.28532699750247,34,0.25361627,1,False,32,28
911.0,0.9834976,2.1667652,1.0781684,0.8717949,0.9764201500535906,0.5698898644971702,74.88456125208748,34,0.33138764,1,False,32,29
658.0,0.9830059,2.2502143,1.1196921,0.8974359,0.9676470588235294,0.6254747158311521,74.88456125208748,34,0.34415042,1,False,32,30
661.0,0.985766,3.0851467,1.5351491,0.974359,0.969208211143695,0.6935990264014904,165.28532699750247,34,0.47184598,1,False,32,31
909.0,0.98231715,2.4012017,1.1948224,0.94871795,0.9763694951664876,0.6007177617282697,80.91597396333289,34,0.3672426,1,False,32,32
1386.0,0.9847925,2.0944426,1.0421811,0.84615386,0.9591695501730104,0.6332442117538207,394.0424088035077,34,0.3203265,1,False,32,33
483.0,0.9874705,2.1199768,1.0548867,0.8717949,0.9837067209775967,0.8085444868289525,110.78253965437763,34,0.32423174,1,True,32,34
1073.0,0.97643006,2.6140494,1.035031,1.25,0.969286359530262,0.7828303715566911,123.61228981530155,32,0.24602818,0,False,33,1
498.0,0.9525416,1.8191934,0.72030824,0.875,0.9632495164410058,0.45060686475035405,123.61228981530155,32,0.1712182,0,False,33,2
744.0,0.97953486,2.1692429,0.8589101,1.25,0.9612403100775194,0.5531021807414824,84.13543121860306,32,0.20416403,1,False,33,3
864.0,0.97281617,1.8892747,0.74805695,1.1666666,0.9653631284916201,0.6529978642236355,84.13543121860306,32,0.1778141,1,False,33,4
932.0,0.98482716,2.0691166,0.8192652,1.0833334,0.9529652351738241,0.721742237481247,88.72436336621884,32,0.19474038,1,False,33,5
1342.0,0.9783661,3.1232922,1.2366652,1.3333334,0.9817117776152158,0.6867448476094894,150.62029151244744,32,0.29395694,1,False,33,6
796.0,0.98416585,2.7132015,1.0742902,0.9583333,0.9754901960784313,0.6592512729962428,141.18131126173358,32,0.25536016,1,True,33,7
498.0,0.77266586,1.875,0.7424049,1.2916666,0.941398865784499,0.7675987106040096,132.43269235662453,32,0.1764706,0,False,33,8
874.0,0.9859142,2.9813597,1.1804671,0.8333333,0.9711111111111111,0.6072557648504008,140.32364931587688,32,0.28059858,1,False,33,9
1291.0,0.9853417,4.004809,1.5857011,1.2916666,0.9743396226415094,0.5571706112993504,104.04369869268668,32,0.3769232,1,False,33,10
837.0,0.98432714,2.6017025,1.0301422,1.1666666,0.9721254355400697,0.6572757324561456,84.33228337829978,32,0.24486612,1,False,33,11
1132.0,0.9864454,2.439046,0.9657384,1.125,0.9716738197424892,0.6078466315053049,132.43269235662453,32,0.22955726,1,False,33,12
805.0,0.9680045,2.2798655,0.9027111,1.2916666,0.9781287970838396,0.6863064271440847,84.33228337829978,32,0.21457557,1,False,33,13
1363.0,0.9817401,2.9805882,1.1801617,1.0416666,0.9728765167737331,0.5322511296388641,108.72884243209742,32,0.28052595,1,False,33,14
670.0,0.9787175,3.1577113,1.2502935,1.125,0.975254730713246,0.6985211671133725,31.24430410521069,32,0.29719636,1,False,33,15
1112.0,0.9540493,2.756295,1.0913529,1.4583334,0.9771528998242531,0.7579196661059583,104.04369869268668,32,0.25941598,0,False,33,16
987.0,0.98511857,2.8884246,1.1436696,1.4166666,0.9545454545454546,0.7479362546641353,104.31532763062106,32,0.27185172,1,False,33,17
331.0,0.8640926,2.4676485,0.9770636,1.4583334,0.9511494252873564,0.7441012822197103,31.24430410521069,32,0.23224927,0,False,33,18
1006.0,0.9719442,2.486746,0.9846253,1.4166666,0.9748062015503876,0.43012234214610295,80.2684995961025,32,0.2340467,0,False,33,19
1172.0,0.98324096,2.297675,0.9097627,1.125,0.9701986754966887,0.7438601917510479,94.38261446922552,32,0.21625176,1,False,33,20
841.0,0.9738633,1.8924891,0.7493296,0.9583333,0.9677790563866513,0.5046401841642635,50.428563658723746,32,0.17811662,1,False,33,21
1274.0,0.9835885,3.9970891,1.5826445,1.0416666,0.977743668457406,0.6395270583797157,56.85536200690208,32,0.37619662,1,False,33,22
1109.0,0.9816967,2.5359557,1.0041097,1.1666666,0.9635099913119027,0.7050519694128069,80.2684995961025,32,0.23867819,1,False,33,23
1009.0,0.9800095,2.5151966,0.9958902,1.125,0.971126082771896,0.6121605579354744,45.79835897994527,32,0.23672439,1,False,33,24
275.0,0.9593537,2.739091,1.0845411,1.0,0.9649122807017544,0.8962414030143542,56.85536200690208,32,0.2577968,0,True,33,25
861.0,0.96744907,2.0169861,0.79862416,1.1666666,0.9728813559322034,0.7674324053471444,45.79835897994527,32,0.18983398,1,False,33,26
1660.0,0.978743,3.304719,1.308501,1.1666666,0.891993551853842,0.7399365287015123,145.42226355591973,32,0.31103238,1,False,33,27
1024.0,0.98510647,3.208659,1.2704661,1.25,0.973384030418251,0.5253688626011568,226.5316686987498,32,0.30199143,1,False,33,28
705.0,0.9607955,2.2381797,0.8862056,1.4583334,0.9644322845417237,0.7953831036756025,85.28357022104852,32,0.2106522,1,False,33,29
1295.0,0.98488593,4.388771,1.7377306,1.2083334,0.9729526671675433,0.6056482468298421,215.99606780256906,32,0.4130608,1,False,33,30
948.0,0.9716462,2.1869726,0.8659302,1.1666666,0.9713114754098361,0.7362923392749766,145.42226355591973,32,0.20583272,0,False,33,31
789.0,0.97207886,2.418462,0.95758826,1.2916666,0.9669117647058824,0.7661324220293408,85.28357022104852,32,0.22761996,1,False,33,32
466.0,0.9068263,1.7467364,1.016924,1.25,0.9648033126293996,0.8112472069809535,147.64204919284492,6,0.32879743,0,False,34,1
732.0,0.9621462,1.4144751,0.82348645,1.0416666,0.9669749009247027,0.673615409312378,940.4513002337987,6,0.26625413,0,False,34,2
673.0,0.98106587,1.9552068,1.1382924,1.2291666,0.9739507959479016,0.6405035019668132,147.64204919284492,6,0.36803892,1,False,34,3
576.0,0.9774407,1.6510416,0.961212,1.2291666,0.9713322091062394,0.7833505516647374,96.0561764592886,6,0.3107843,1,False,34,4
842.0,0.98614776,1.9932452,1.1604378,1.1666666,0.9655963302752294,0.6440256560940752,96.0561764592886,6,0.3751991,1,False,34,5
722.0,0.9651819,1.6885966,0.9830759,1.0833334,0.9525065963060686,0.8330601473202367,197.39564773304392,6,0.31785348,1,False,34,6
468.0,0.90561146,1.7922772,1.1844883,1.2380953,0.9285714285714286,0.8443469365225742,490.272753598181,9,0.2951986,0,False,35,1
1289.0,0.9650305,1.5589974,1.0303173,1.0476191,0.9648203592814372,0.23444884878776637,272.30729383865514,9,0.25677603,1,False,35,2
713.0,0.9723727,1.5131236,1.0,1.1190476,0.9609164420485176,0.5639894888635643,246.48747436045332,9,0.24922037,0,False,35,3
705.0,0.9773548,1.4752449,0.9749665,1.0,0.9604904632152589,0.7592188770918381,272.30729383865514,9,0.24298151,1,False,35,4
1071.0,0.9846358,1.8884665,1.2480583,1.0714285,0.970988213961922,0.7607482151559001,199.29944524037322,9,0.31104153,1,False,35,5
870.0,0.9851983,2.1969075,1.4519022,1.1190476,0.9775280898876404,0.5756907899605241,199.29944524037322,9,0.36184362,1,False,35,6
898.0,0.97229356,1.2174939,0.8046229,0.85714287,0.9666307857911733,0.7511874935004554,348.2173340265748,9,0.2005284,1,False,35,7
846.0,0.9748402,1.3356974,0.88274175,0.97619045,0.9646522234891676,0.7215706225420234,90.41728110675794,9,0.21999721,1,False,35,8
522.0,0.88337654,1.3409506,0.88621354,1.0,0.8802698145025295,0.7398009742328522,90.41728110675794,9,0.22086245,1,False,35,9
669.0,0.97550637,1.5732436,0.90979326,1.0909091,0.962589928057554,0.8289827062773074,122.05044502301213,27,0.27146164,1,False,36,1
1013.0,0.98134214,2.453693,1.4189496,1.1590909,0.9703065134099617,0.6649436813832923,122.05044502301213,27,0.4233823,1,False,36,2
1001.0,0.9812975,1.7671418,1.021923,1.0227273,0.978494623655914,0.6728318926892649,110.84443342774674,27,0.3049186,1,False,36,3
353.0,0.7838878,1.7406644,1.0066112,1.25,0.721881390593047,0.8363973373681801,56.057804286189636,27,0.30034992,0,False,36,4
1325.0,0.9790699,2.4609778,1.4231623,1.1136364,0.9650400582665696,0.8060776462897511,56.057804286189636,27,0.42463928,1,False,36,5
827.0,0.9825559,1.5997032,0.9250946,1.0681819,0.9740871613663133,0.5887708688895121,96.92264474635974,27,0.2760272,1,False,36,6
848.0,0.95414305,1.6036931,0.92740196,1.0454545,0.9702517162471396,0.6486261093908284,170.9070276659725,27,0.2767157,1,False,36,7
791.0,0.9847923,2.3059707,1.333523,1.1590909,0.9669926650366748,0.7734373930885654,124.42847099608557,27,0.39789298,1,False,36,8
650.0,0.9688634,1.4956294,0.86490965,1.0,0.9572901325478645,0.8326459860696409,78.62378012333805,27,0.2580694,1,False,36,9
714.0,0.98199445,1.6986568,0.98231864,1.0,0.9532710280373832,0.7108265289227754,170.9070276659725,27,0.29310155,1,False,36,10
915.0,0.97899485,1.6463488,0.9520694,1.1590909,0.9692796610169492,0.6723585040955119,89.84259767625437,27,0.28407586,1,False,36,11
739.0,0.9805487,1.6163734,0.9347349,0.95454544,0.9698162729658792,0.8693778107753889,78.62378012333805,27,0.27890363,1,False,36,12
721.0,0.96938527,1.6405246,0.9487013,1.1363636,0.9664879356568364,0.7333322798715953,89.84259767625437,27,0.28307092,1,False,36,13
788.0,0.9741614,1.8931125,1.0947708,1.25,0.9704433497536946,0.7616892702838527,124.42847099608557,27,0.3266547,1,False,36,14
670.0,0.957814,1.4267639,0.82508534,0.97727275,0.9357541899441341,0.8389389891771297,140.25805456341718,27,0.2461867,0,False,36,15
831.0,0.9781801,1.7126956,0.99043715,1.0454545,0.9719298245614035,0.43719557433538114,138.4734790020448,27,0.29552394,1,False,36,16
957.0,0.9595849,1.8030304,1.042677,1.2045455,0.9589178356713427,0.5320817608883859,174.05633920863295,27,0.31111112,1,False,36,17
812.0,0.9817508,1.729232,1.0,1.0454545,0.9689737470167065,0.6829840110184189,84.49303903895935,27,0.29837728,1,False,36,18
839.0,0.98197025,1.6149096,0.9338884,1.0227273,0.9721900347624566,0.7512100957842397,307.8785172229923,27,0.27865106,1,False,36,19
842.0,0.97966963,1.719445,0.9943403,1.0454545,0.9655963302752294,0.7118126083800437,84.49303903895935,27,0.29668856,1,False,36,20
676.0,0.93913096,1.6298077,0.9425038,1.1136364,0.9561527581329562,0.7819803394018852,72.95214985211871,27,0.28122172,1,False,36,21
654.0,0.9793145,1.7462121,1.0098195,1.1363636,0.9674556213017751,0.7006417238319588,81.41295304032553,27,0.3013072,1,False,36,22
1400.0,0.9748134,2.3293831,1.3470622,1.1363636,0.8810572687224669,0.6852428818318655,180.6264931918353,27,0.40193278,0,False,36,23
710.0,0.97825015,1.7381881,1.0051793,1.1136364,0.962059620596206,0.7983325524737368,72.95214985211871,27,0.29992265,1,False,36,24
827.0,0.97765183,1.732137,1.0016799,1.0454545,0.9627473806752037,0.7998269767130305,139.5403423627486,27,0.29887855,1,False,36,25
723.0,0.9797367,1.7736703,1.0256983,1.0,0.9665775401069518,0.7645219436170269,184.41945757913874,27,0.3060451,1,False,36,26
735.0,0.9823169,1.7998143,1.0408171,1.0227273,0.9620418848167539,0.7227166820323951,139.5403423627486,27,0.3105562,1,False,36,27
604.0,0.9808172,3.367616,1.3504894,1.2,0.9648562300319489,0.7084432285042237,234.70472004483696,33,0.33015844,1,False,37,1
505.0,0.9740186,3.1457424,1.2615131,1.44,0.9637404580152672,0.685108072064672,334.40314342961443,33,0.3084061,1,False,37,2
423.0,0.90140295,2.3575413,0.9454269,1.28,0.950561797752809,0.7202321768474655,234.70472004483696,33,0.23113151,0,False,37,3
793.0,0.97489876,2.1158638,0.8485088,1.12,0.9706242350061199,0.7060674890778913,241.95144815618156,33,0.20743763,1,False,37,4
533.0,0.97068024,1.9678049,0.78913385,1.08,0.9690909090909091,0.6204717681912548,305.05797646942545,33,0.19292204,1,False,37,5
790.0,0.9821258,2.5674937,1.0296224,1.2,0.9838107098381071,0.48228619962056496,456.7723365398494,33,0.25171506,1,False,37,6
690.0,0.9812861,3.5772173,1.4345442,1.08,0.9623430962343096,0.6596903920244046,241.95144815618156,33,0.3507076,1,False,37,7
926.0,0.9758828,2.0073435,0.8049897,0.96,0.93158953722334,0.8356310288685985,190.4898389832748,33,0.19679838,0,False,37,8
850.0,0.9653533,2.4981177,1.0018011,1.24,0.963718820861678,0.8345174101818632,58.56106742130569,33,0.2449135,1,False,37,9
530.0,0.9865308,3.2238493,1.2928357,0.96,0.977859778597786,0.5427559346290746,213.83083402611692,33,0.31606364,1,False,37,10
606.0,0.9693326,2.14066,0.8584526,1.16,0.964968152866242,0.1768176348028201,46.12958399660296,33,0.20986864,1,False,37,11
931.0,0.9793055,3.4337702,1.3770187,1.2,0.9647668393782384,0.8328442900095333,46.12958399660296,33,0.33664414,1,False,37,12
692.0,0.9789482,2.9845088,1.1968548,1.12,0.9558011049723757,0.5691379297086528,127.7471473322417,33,0.2925989,1,False,37,13
485.0,0.97483087,2.0447836,0.820004,0.84,0.9719438877755511,0.5485152658863194,43.721983361807084,33,0.20046897,1,False,37,14
897.0,0.98783106,2.6549833,1.0647078,1.0,0.9739413680781759,0.6944287847692043,88.34522874957378,33,0.26029247,1,False,37,15
451.0,0.97209,1.9143237,0.76768667,0.84,0.9719827586206896,0.5737994157473011,43.721983361807084,33,0.1876788,1,False,37,16
932.0,0.9867347,3.939528,1.5798389,1.04,0.9718456725755996,0.34641164832344457,71.53498811167559,33,0.38622823,1,False,37,17
530.0,0.9769697,1.7278491,0.6929062,0.76,0.9636363636363636,0.6868859259481946,86.59306454754339,33,0.16939697,1,False,37,18
527.0,0.9712813,1.6239848,0.6512543,0.76,0.9705340699815838,0.8107694444474571,104.06790821586848,33,0.1592142,1,False,37,19
901.0,0.9767186,2.1777136,0.87331194,1.12,0.9698600645855759,0.683693840513822,173.00915161242474,33,0.21350133,1,False,37,20
890.0,0.98627985,4.687685,1.8798666,1.0,0.9705561613958561,0.46315917545563806,57.14339079777959,33,0.459577,1,False,37,21
455.0,0.9737691,2.4936264,1.0,0.94,0.9619450317124736,0.8220041338439288,126.47494548328146,33,0.24447317,0,False,37,22
868.0,0.9714918,2.5202765,1.0106874,1.04,0.9730941704035875,0.42012335368380427,54.57521941199109,33,0.24708593,1,False,37,23
792.0,0.97844905,1.7988888,0.72139466,0.76,0.9705882352941176,0.7776342288715515,202.24736419198663,33,0.17636165,1,False,37,24
597.0,0.9830958,2.2293468,0.89401793,0.6,0.9660194174757282,0.8000549242799391,119.78717891044572,33,0.21856341,1,False,37,25
629.0,0.9835149,2.104038,0.84376633,0.84,0.9647239263803681,0.6338148029438562,54.57521941199109,33,0.20627825,1,False,37,26
696.0,0.9781347,3.138046,1.2584267,1.04,0.9653259361997226,0.7044235829896556,39.45758056261866,33,0.30765158,1,False,37,27
418.0,0.9804746,2.6355982,1.0569339,0.72,0.9675925925925926,0.3148503850941173,104.85041354276504,33,0.25839198,1,False,37,28
754.0,0.98323786,2.6508222,1.0630391,1.0,0.9691516709511568,0.805398666977032,39.45758056261866,33,0.25988454,1,False,37,29
733.0,0.9803102,2.290696,0.91862035,1.0,0.9619422572178478,0.7986559961634416,173.00915161242474,33,0.22457802,1,False,37,30
945.0,0.9481285,2.6440635,1.0603286,1.04,0.8790697674418605,0.7407148981337324,236.4464668983454,33,0.2592219,1,False,37,31
621.0,0.9825288,1.9136876,0.76743156,0.64,0.968798751950078,0.5597515804293289,104.85041354276504,33,0.18761644,1,False,37,32
663.0,0.9526161,2.1255505,0.8523933,1.2,0.9608695652173913,0.8286349555342057,92.00089280003778,33,0.2083873,0,False,37,33
601.0,0.981815,1.4966598,1.0,0.98507464,0.9709208400646203,0.40067288615704055,2000.0,1,0.39324003,1,False,38,1
549.0,0.97464937,1.620765,1.0149736,1.1384616,0.9699646643109541,0.4920355200965762,97.42840222908198,11,0.41313618,1,False,39,1
332.0,0.9329731,1.7268304,1.0813951,1.1230769,0.9540229885057471,0.6276343222879306,303.12563331489804,11,0.44017243,0,True,39,2
718.0,0.9691363,1.4996358,0.9391188,1.0769231,0.9689608636977058,0.7595056860430368,81.11197020739411,11,0.3822601,1,False,39,3
1052.0,0.9786349,1.5375987,0.96289235,1.1076924,0.9704797047970479,0.6566317659049961,97.42840222908198,11,0.39193693,1,False,39,4
1053.0,0.981967,1.7797794,1.1145535,1.0769231,0.9669421487603306,0.7429825114910625,81.11197020739411,11,0.45366925,1,False,39,5
630.0,0.97005826,1.42779,0.8941267,1.0615385,0.9707241910631741,0.36150597408662216,359.89702930281885,11,0.36394647,1,False,39,6
677.0,0.9768258,1.3309624,0.83349025,0.9692308,0.9685264663805436,0.6521487136593365,171.5019079240782,11,0.33926493,1,False,39,7
670.0,0.9637994,1.5968542,1.0,1.0769231,0.9626436781609196,0.6615733258629263,171.5019079240782,11,0.40704128,1,False,39,8
653.0,0.956199,1.4907763,0.9335707,1.0307692,0.9617083946980854,0.873207133872098,548.8665636715078,11,0.3800018,0,False,39,9
388.0,0.96504384,2.0151863,1.2619727,1.1692308,0.9486552567237164,0.5848632941834992,447.57053905362545,11,0.5136749,0,False,39,10
136.0,0.8833977,1.828733,1.1452097,1.3384615,0.8831168831168831,0.9773839117772376,254.34407921257775,11,0.46614763,0,True,39,11
145.0,0.7040174,1.4633229,0.9659724,1.1363636,0.4931972789115646,0.91624816879284,488.69670823617554,6,0.25249493,0,False,40,1
526.0,0.97474676,1.5427324,1.0183923,1.1818181,0.9740740740740741,0.5669879767233378,319.010526696897,6,0.26619697,1,False,40,2
512.0,0.9009266,1.6461736,1.0866762,1.1818181,0.9606003752345216,0.7708492455798353,233.0190703049104,6,0.28404564,1,False,40,3
626.0,0.98121756,1.8445759,1.2176461,1.1136364,0.9705426356589147,0.7621639540686012,280.8632075707742,6,0.31827977,1,False,40,4
677.0,0.9750111,1.4870082,0.9816076,1.0454545,0.9783236994219653,0.5165116430721259,233.0190703049104,6,0.2565818,1,False,40,5
560.0,0.968117,1.3290585,0.87734145,1.0454545,0.9688581314878892,0.6985928678516126,263.88541261774566,6,0.22932774,1,False,40,6
654.0,0.9797371,1.5622365,0.8825091,1.027027,0.9688888888888889,0.4409880149195389,1330.197439029834,2,0.22667746,1,False,41,1
723.0,0.977947,1.9782063,1.1174909,1.1351352,0.9704697986577181,0.6333000038582596,1330.197439029834,2,0.28703386,1,False,41,2
606.0,0.9562972,2.0303218,1.2338066,1.25,0.9696,0.7653908925325503,77.17800827346355,10,0.25478548,1,False,42,1
548.0,0.9743082,2.080178,1.2641038,1.140625,0.9699115044247788,0.7486750140258317,77.17800827346355,10,0.26104194,1,False,42,2
427.0,0.97283924,1.7228484,1.0469581,1.09375,0.9617117117117117,0.7995498711356941,234.5891518470219,10,0.21620059,1,False,42,3
670.0,0.9751363,1.5844682,0.96286577,1.15625,0.9724238026124818,0.419902531493365,234.5891518470219,10,0.19883522,1,False,42,4
909.0,0.9688005,1.6975385,1.0315775,1.09375,0.9721925133689839,0.4751380284338925,84.03600457427899,10,0.21302444,1,False,42,5
680.0,0.98042494,1.8194393,1.1056554,1.0625,0.9659090909090909,0.6820800874750261,84.03600457427899,10,0.22832179,1,False,42,6
225.0,0.8279796,1.5758333,0.9576184,1.25,0.75,0.8421386127686601,314.666334540834,10,0.19775163,0,False,42,7
681.0,0.9786261,1.5936123,0.96842253,0.9375,0.9632248939179632,0.7891794722432494,179.60739974973893,10,0.19998272,1,False,42,8
437.0,0.9765547,1.4254863,0.86625403,0.84375,0.9689578713968958,0.48627269324625977,233.3531368446791,10,0.17888457,1,False,42,9
410.0,0.93143576,1.1963415,0.727005,0.71875,0.9468822170900693,0.741603215554476,366.2587256475818,10,0.15012912,1,False,42,10
239.0,0.9761764,1.772828,1.1580286,1.0294118,0.952191235059761,0.9625665827679075,234.44955501695335,8,0.47275412,0,True,43,1
643.0,0.9779013,1.577143,1.0302052,1.0588236,0.9698340874811463,0.48664211776029476,169.5284111103822,8,0.42057145,1,False,43,2
789.0,0.9700199,1.4846604,0.96979475,1.0882353,0.9506024096385542,0.7573279514910929,473.3982711020052,8,0.39590946,1,False,43,3
520.0,0.9692721,1.4444287,0.943515,1.0441177,0.9558823529411765,0.5425004156259381,169.5284111103822,8,0.38518098,0,False,43,4
569.0,0.9768045,1.4257987,0.9313457,1.0147059,0.964406779661017,0.3920040243684964,227.03157206919465,8,0.38021296,1,False,43,5
811.0,0.97293985,1.3736128,0.8972573,1.0147059,0.9677804295942721,0.5984353124462771,275.65865849054455,8,0.36629674,1,False,43,6
1017.0,0.9837038,1.6238939,1.0607435,1.0147059,0.9612476370510397,0.7492740812828288,227.03157206919465,8,0.43303835,1,False,43,7
756.0,0.98167783,1.6394141,1.0708814,0.9852941,0.9704749679075738,0.6433370604738073,525.7241651496405,8,0.4371771,1,False,43,8
532.0,0.97145665,1.7771566,0.9383419,1.2368422,0.9690346083788707,0.7438012353557494,115.37231628920827,6,0.2648312,1,False,44,1
782.0,0.9767161,1.999125,1.0555416,1.0263158,0.9702233250620348,0.6154536863703457,115.37231628920827,6,0.29790884,1,False,44,2
952.0,0.9787936,2.2148385,1.1694388,1.2368422,0.9596774193548387,0.7466575455534411,234.3625261985887,6,0.33005437,1,False,44,3
882.0,0.97829753,2.1106637,1.1144342,1.1578947,0.9724366041896362,0.6762989218088811,234.3625261985887,6,0.31453025,1,False,44,4
754.0,0.97990084,1.7887406,0.9444583,1.1315789,0.9592875318066157,0.7547162179913257,129.90414335976075,6,0.26655743,1,False,44,5
627.0,0.9783809,1.7493914,0.92368186,1.1315789,0.9661016949152542,0.7085731963125004,129.90414335976075,6,0.26069364,1,False,44,6
856.0,0.96650994,1.9898537,1.2120242,1.2777778,0.9596412556053812,0.7151692160192081,63.68642992984201,47,0.4213808,0,False,45,1
1294.0,0.979605,2.0124364,1.2257794,1.2222222,0.9599406528189911,0.8999355793408811,63.68642992984201,47,0.426163,0,False,45,2
851.0,0.971943,1.690386,1.0296178,1.2592592,0.9637599093997735,0.730754656352889,168.03540468688962,47,0.3579641,1,False,45,3
619.0,0.98513305,1.9454018,1.1849484,1.1851852,0.9717425431711146,0.5232158993444214,53.32177905827027,47,0.41196743,1,False,45,4
1071.0,0.9849467,1.9366289,1.1796049,1.2037038,0.9780821917808219,0.7483642005055333,53.32177905827027,47,0.41010967,1,False,45,5
425.0,0.98487824,2.449063,1.4917296,1.2407408,0.9725400457665904,0.704677990351555,110.42026525937295,47,0.51862514,1,True,45,6
719.0,0.97688985,1.6417607,1.0,1.1481482,0.9690026954177897,0.8107420001698825,110.42026525937295,47,0.34766695,1,False,45,7
1029.0,0.9843622,1.5707446,0.95674396,0.962963,0.9616822429906542,0.7279581775181649,330.3088268886718,47,0.33262828,1,False,45,8
808.0,0.9609194,1.7770673,1.0824156,1.2222222,0.9341040462427745,0.8228288620469059,68.17718227737996,47,0.37632012,1,False,45,9
595.0,0.9822282,2.177342,1.3262237,1.1666666,0.9565916398713826,0.824229039924229,64.87810702376234,47,0.4610842,1,False,45,10
743.0,0.97625494,1.5048851,0.9166288,1.1296296,0.9776315789473684,0.6569642486779869,92.07154300519414,47,0.31868154,1,False,45,11
867.0,0.9819708,2.0659788,1.2583921,1.2222222,0.9774520856820744,0.6394343021921108,63.67529149737699,47,0.4375014,1,False,45,12
616.0,0.9390885,1.6760161,1.0208651,1.1851852,0.9700787401574803,0.6451696447669772,79.05111062734476,47,0.35492104,0,False,45,13
760.0,0.97973245,1.7896929,1.0901058,1.1481482,0.9571788413098237,0.8588921110892491,64.87810702376234,47,0.37899378,1,False,45,14
635.0,0.9758412,1.6543306,1.0076563,1.1481482,0.9635811836115327,0.7351271033596571,63.67529149737699,47,0.35032883,1,False,45,15
577.0,0.97762877,1.6050453,0.9776366,1.0555556,0.9713804713804713,0.8094848968936909,79.05111062734476,47,0.33989194,1,False,45,16
127.0,0.73154145,1.7158064,1.0451014,1.3703704,0.7341040462427746,0.9106274276713232,83.74811615326664,47,0.36334723,0,False,45,17
691.0,0.97242165,1.9150988,1.1664908,1.1851852,0.96105702364395,0.8234029216652531,83.74811615326664,47,0.40555033,1,False,45,18
858.0,0.97403,1.4234871,0.86704904,1.074074,0.9705882352941176,0.5502501647399265,243.79051295851758,47,0.30144432,1,False,45,19
1071.0,0.97983915,1.777553,1.0827113,1.1481482,0.9666064981949458,0.7698235101724742,149.97422314617344,47,0.376423,1,False,45,20
638.0,0.9777013,1.6790608,1.0227196,1.0555556,0.9608433734939759,0.3875865420781826,206.84450841809178,47,0.35556582,1,False,45,21
520.0,0.86651516,1.6800569,1.0233263,1.0555556,0.87248322147651,0.748992990031301,330.3088268886718,47,0.35577676,0,False,45,22
1278.0,0.9724129,1.7087898,1.0408276,1.0925926,0.8987341772151899,0.8349170747061144,83.0737473959644,47,0.36186138,1,False,45,23
681.0,0.97356254,1.6599227,1.0110625,1.037037,0.9714693295292439,0.6934533344883632,152.3915703753683,47,0.35151306,1,False,45,24
672.0,0.9755249,1.5318011,0.9330234,1.0555556,0.981021897810219,0.7249410231447311,185.21339970559362,47,0.3243814,1,False,45,25
622.0,0.97429377,1.7073656,1.0399601,1.0555556,0.9643410852713178,0.43886459985148346,59.114568632703005,47,0.36155978,1,False,45,26
600.0,0.9639998,1.6314814,0.99373883,1.1111112,0.970873786407767,0.7574875915295691,127.13019576560258,47,0.3454902,1,False,45,27
570.0,0.98189247,1.5861598,0.96613336,0.962963,0.9644670050761421,0.7824217493995328,172.76142522887983,47,0.33589268,1,False,45,28
707.0,0.9783181,1.923778,1.1717774,1.1111112,0.9684931506849315,0.7133788124323063,52.35249027546914,47,0.4073883,1,False,45,29
762.0,0.96861607,1.5911344,0.9691634,1.074074,0.9596977329974811,0.33922353720458626,59.114568632703005,47,0.3369461,0,False,45,30
870.0,0.9702306,1.5672414,0.95461017,1.0925926,0.967741935483871,0.7239083603846046,115.27222877312445,47,0.3318864,1,False,45,31
550.0,0.9681063,1.4510437,0.8838339,1.037037,0.9700176366843033,0.6747219275859632,76.10862289838185,47,0.30727986,1,False,45,32
747.0,0.9739204,1.703431,1.0375636,1.074074,0.9651162790697675,0.7913053358335661,40.49004975077194,47,0.36072657,1,False,45,33
772.0,0.9751653,1.5458885,0.9416041,1.1111112,0.9710691823899371,0.569777283596325,52.35249027546914,47,0.32736462,1,False,45,34
566.0,0.95651793,1.6244601,0.98946214,1.0555556,0.954468802698145,0.8221534836667874,40.49004975077194,47,0.34400332,1,False,45,35
1142.0,0.9852276,1.7322274,1.0551035,0.9814815,0.9735720375106565,0.4559118273170881,109.83059805174275,47,0.36682463,1,False,45,36
356.0,0.90276206,1.2464628,0.7592232,0.9444444,0.8317757009345794,0.5944401468255195,128.56821050140752,47,0.26395682,1,False,45,37
1174.0,0.97586167,1.0794845,0.6575163,0.5925926,0.9475383373688459,0.562821413256727,199.9516276968557,47,0.22859672,0,False,45,38
562.0,0.8880602,1.3050613,0.7949157,0.9444444,0.8659476117103235,0.8518800917399654,95.96448902244941,47,0.27636594,1,False,45,39
595.0,0.9772313,1.3238406,0.80635417,0.8148148,0.9770114942528736,0.5813537419614776,95.96448902244941,47,0.28034273,1,False,45,40
511.0,0.97876406,1.4412191,0.87784964,0.7962963,0.9587242026266416,0.4587791447462894,100.40091429957627,47,0.30519933,1,False,45,41
768.0,0.9823475,1.5516251,0.9450982,1.0185186,0.9588014981273408,0.6955328623056773,197.62212006363205,47,0.32857946,1,False,45,42
523.0,0.95823,1.3841088,0.84306365,0.962963,0.966728280961183,0.5080356367527,211.70518802116186,47,0.2931054,1,False,45,43
571.0,0.9760075,1.1667639,0.7106784,0.7222222,0.9677966101694915,0.5594695228901084,120.0109604911214,47,0.24707942,1,False,45,44
829.0,0.97020835,1.1867936,0.7228785,0.6481481,0.953970080552359,0.5996842578242626,74.48483119356102,47,0.251321,0,False,45,45
560.0,0.9671474,1.0206679,0.62169105,0.5740741,0.9739130434782609,0.48016642650819574,53.4441059945922,47,0.21614145,0,False,45,46
800.0,0.97912717,1.0022917,0.610498,0.6296296,0.9732360097323601,0.5929752152546384,53.4441059945922,47,0.21225,0,True,45,47
1139.0,0.9868537,7.677557,2.1675582,1.7368422,0.9776824034334763,0.7293949471920734,185.65819443524558,55,0.57205325,1,True,46,1
797.0,0.98185885,4.3194876,1.2194948,1.3157895,0.9719512195121951,0.5567187501709622,185.01887205529454,55,0.3218442,1,False,46,2
697.0,0.974643,2.9889753,0.8438593,1.3157895,0.9761904761904762,0.7031109075888679,77.108440761439,55,0.22270797,1,False,46,3
520.0,0.9768977,3.8427124,1.0848898,1.3684211,0.966542750929368,0.5288176548950828,63.774009955280604,55,0.28631976,1,False,46,4
797.0,0.9843511,4.5382686,1.2812619,1.2105263,0.9695863746958637,0.7401381694080029,95.11719200176775,55,0.3381455,1,False,46,5
887.0,0.9818494,4.2212663,1.1917646,1.4210526,0.9768722466960352,0.7039996929391684,37.2023025173291,55,0.31452572,1,False,46,6
497.0,0.9511591,2.2856083,0.645282,1.3157895,0.9726027397260274,0.36590509238319,37.2023025173291,55,0.17030023,0,False,46,7
950.0,0.9847903,6.399889,1.806842,1.5789474,0.9664292980671414,0.6269368274701715,153.47841207972428,55,0.47685447,0,False,46,8
707.0,0.9771551,3.5831163,1.0115995,1.1578947,0.9684931506849315,0.6617009709578549,95.11719200176775,55,0.26697728,1,False,46,9
772.0,0.9828216,3.2715435,0.92363507,1.2631578,0.9662077596996246,0.5372904598301314,110.85085139926505,55,0.24376206,1,False,46,10
1018.0,0.98647535,4.317341,1.2188888,1.1578947,0.9649289099526066,0.636769065971328,195.4178364223465,55,0.3216842,1,False,46,11
880.0,0.97739756,3.3317585,0.9406352,1.3684211,0.9575625680087051,0.7048497603688888,111.57937749776924,55,0.24824867,1,False,46,12
802.0,0.98457044,3.951306,1.1155484,1.3157895,0.9662650602409638,0.6243670005501987,111.57937749776924,55,0.29441103,1,False,46,13
832.0,0.98609513,4.020939,1.1352073,1.2631578,0.9742388758782201,0.6782105516211656,58.9533005995439,55,0.29959935,1,False,46,14
804.0,0.98204535,3.1630661,0.8930093,1.2105263,0.962874251497006,0.5567073646601339,49.31826727675014,55,0.23567945,1,False,46,15
701.0,0.9641221,2.259629,0.6379474,1.1052631,0.9722607489597781,0.7681357495225086,52.91305040996853,55,0.16836452,1,False,46,16
934.0,0.98342824,4.834216,1.364815,1.3684211,0.9688796680497925,0.681720797446816,49.31826727675014,55,0.3601965,1,False,46,17
812.0,0.97458774,2.2146747,0.6252557,1.1578947,0.9712918660287081,0.7192955596110564,231.4713025305583,55,0.16501498,1,False,46,18
653.0,0.9788058,3.0391715,0.8580309,1.2631578,0.9631268436578171,0.6556064020208524,43.053003659030566,55,0.22644807,1,False,46,19
830.0,0.98330605,3.6793277,1.0387623,1.2631578,0.969626168224299,0.46878793256157975,41.795735074748826,55,0.274146,1,False,46,20
775.0,0.98680884,4.651681,1.3132809,1.4210526,0.9773013871374527,0.7065330084495851,52.91305040996853,55,0.34659582,1,False,46,21
1338.0,0.9826664,5.0083785,1.4139853,1.2631578,0.9265927977839336,0.7718352623352752,130.16718655768534,55,0.37317333,0,False,46,22
799.0,0.9811611,3.769317,1.0641685,1.2105263,0.9696601941747572,0.3054131598460387,43.053003659030566,55,0.28085107,1,False,46,23
616.0,0.9616493,2.3328776,0.6586272,1.2631578,0.967032967032967,0.5615842344192628,41.795735074748826,55,0.17382225,0,False,46,24
534.0,0.9606065,2.8340232,0.80011266,1.2631578,0.960431654676259,0.7039201900038576,50.93358793998777,55,0.21116252,0,False,46,25
808.0,0.9828896,3.4189682,0.96525663,1.1842105,0.9723225030084236,0.4732957147281991,87.25747170023158,55,0.25474665,1,False,46,26
616.0,0.9616604,2.6479836,0.7475892,1.2631578,0.9700787401574803,0.3367224885067705,45.80071590352662,55,0.19730073,0,False,46,27
949.0,0.98344165,3.5056293,0.98972315,1.2631578,0.9803719008264463,0.49838708040855667,80.56653310528688,55,0.26120374,1,False,46,28
631.0,0.9842736,3.2462256,0.9164872,1.1578947,0.9707692307692307,0.26411899681579715,87.06410964587039,55,0.24187563,1,False,46,29
829.0,0.98650366,5.579709,1.5752856,1.4210526,0.9718640093786636,0.5458267131670195,53.25901192444227,55,0.41574302,1,False,46,30
735.0,0.96484107,2.3675618,0.6684194,1.3157895,0.9735099337748344,0.5018863378417159,50.93358793998777,55,0.17640656,1,False,46,31
942.0,0.9867454,6.0309534,1.7026826,1.3157895,0.9671457905544147,0.48495327625068385,45.80071590352662,55,0.44936514,1,False,46,32
886.0,0.981798,3.9829512,1.1244825,1.2105263,0.9714912280701754,0.7412469633643287,87.25747170023158,55,0.2967689,1,False,46,33
662.0,0.9759481,3.4647005,0.97816795,1.3157895,0.9636098981077147,0.7038306499697172,56.7078073164745,55,0.25815415,1,False,46,34
831.0,0.98547965,3.8215847,1.0789249,1.1578947,0.9685314685314685,0.48970285330856345,111.19737081198261,55,0.2847455,1,False,46,35
869.0,0.98389685,4.29871,1.2136288,1.3157895,0.9775028121484814,0.7491815707346672,93.75898527195675,55,0.32029605,1,False,46,36
1014.0,0.98288846,3.775511,1.0659171,1.2631578,0.9740634005763689,0.7041454968066596,56.7078073164745,55,0.28131258,1,False,46,37
736.0,0.97764057,3.1449516,0.88789517,1.2631578,0.9709762532981531,0.6927247255791177,62.079073584532395,55,0.23432972,1,False,46,38
865.0,0.98471934,4.4502587,1.2564147,1.1052631,0.9654017857142857,0.5681028379330754,130.16718655768534,55,0.3315879,1,False,46,39
622.0,0.97496575,3.5287697,0.99625623,1.2631578,0.9583975346687211,0.799177254849094,62.079073584532395,55,0.26292792,1,False,46,40
919.0,0.9806409,3.5546076,1.0035509,1.3684211,0.975583864118896,0.6879297573512709,108.25177175818504,55,0.26485312,1,False,46,41
1117.0,0.9842137,4.1135087,1.161342,1.3684211,0.9729965156794426,0.6495284546955443,128.63933811798174,55,0.30649674,1,False,46,42
1159.0,0.9768393,3.3059807,0.93335754,1.2105263,0.9747687132043734,0.6216897127784923,133.9220842666279,55,0.24632797,1,False,46,43
1596.0,0.969,2.6582904,0.75049907,1.2105263,0.8996617812852311,0.7862706501627275,96.41955815247987,55,0.19806871,1,False,46,44
680.0,0.98014206,2.6698143,0.7537525,1.1052631,0.9742120343839542,0.5057332729759372,190.04770739110916,55,0.19892734,1,False,46,45
607.0,0.971119,2.045435,0.57747525,1.1052631,0.9650238473767886,0.6626194571956212,75.65176835690202,55,0.15240495,1,False,46,46
860.0,0.9835421,5.3370256,1.5067701,1.2631578,0.9695603156708005,0.7702294655904368,71.71075514392831,55,0.39766073,1,False,46,47
799.0,0.97707826,2.1420853,0.604762,1.1052631,0.9626506024096385,0.6792694773571529,75.65176835690202,55,0.15960637,1,False,46,48
1040.0,0.9738164,3.1614878,0.89256376,1.1578947,0.9719626168224299,0.690736916333067,96.41955815247987,55,0.23556183,0,False,46,49
911.0,0.98162216,3.5420303,1.0,1.2631578,0.9764201500535906,0.45967623913545985,123.0910799714917,55,0.263916,1,False,46,50
881.0,0.9810956,2.9273553,0.8264625,1.1578947,0.9681318681318681,0.7500782370239628,71.71075514392831,55,0.21811667,1,False,46,51
1105.0,0.9834245,3.9260776,1.1084257,1.1578947,0.9770114942528736,0.6362903758809462,174.63873810327868,55,0.29253128,1,False,46,52
584.0,0.95327467,2.1435654,0.60517985,0.94736844,0.9589490968801314,0.7738390580204296,388.42899510377737,55,0.15971664,0,False,46,53
1089.0,0.9816583,4.1259966,1.1648676,1.0526316,0.9740608228980322,0.6157164891937714,174.63873810327868,55,0.3074272,1,False,46,54
645.0,0.97814393,2.5092614,0.70842457,1.0,0.9641255605381166,0.7078112723171615,456.66124711373004,55,0.18696459,1,False,46,55
260.0,0.939825,1.8221612,0.7221953,1.1428572,0.9811320754716981,0.7918583981525069,221.9955439769807,52,0.15006033,0,True,47,1
157.0,0.9780864,3.8850472,1.5397996,1.3809524,0.9691358024691358,0.6826231268638148,77.89968925163019,52,0.31994507,0,True,47,2
278.0,0.92738485,2.4998288,0.99078214,1.5238096,0.9652777777777778,0.835172851683765,77.89968925163019,52,0.20586824,0,True,47,3
827.0,0.956429,2.773248,1.0991491,1.4761904,0.9473081328751431,0.7926755826194701,221.9955439769807,52,0.22838514,0,True,47,4
529.0,0.9601289,2.1821046,0.8648553,1.3333334,0.9653284671532847,0.8241247850142572,209.9968668759474,52,0.17970273,0,False,47,5
645.0,0.9813484,3.6048725,1.4287552,1.1428572,0.9713855421686747,0.7273900102531806,63.661120831665365,52,0.29687187,1,False,47,6
608.0,0.97694075,2.4142387,0.95685935,1.1904762,0.9666136724960255,0.6494966184388684,63.661120831665365,52,0.19881965,1,False,47,7
705.0,0.97349083,2.170753,0.8603562,1.1666666,0.9710743801652892,0.7872707432581454,99.45502571191228,52,0.1787679,1,False,47,8
539.0,0.97552615,2.5219543,0.99955136,1.1428572,0.9676840215439856,0.5696348872634734,52.26356876179649,52,0.20769036,1,False,47,9
631.0,0.98211,3.0282242,1.2002064,1.2380953,0.9648318042813455,0.5666080722125867,92.6712349603586,52,0.24938317,1,False,47,10
722.0,0.9752424,2.06945,0.82020575,1.0952381,0.9730458221024259,0.6950159415216594,74.11701039468885,52,0.1704253,1,False,47,11
541.0,0.97360665,2.2584279,0.89510524,1.1904762,0.9730215827338129,0.45412247635027325,52.26356876179649,52,0.18598819,1,False,47,12
551.0,0.97097075,2.0225563,0.80161995,1.1428572,0.9632867132867133,0.7597291627833767,52.70491247138808,52,0.16656347,1,False,47,13
527.0,0.9810932,2.796964,1.1085486,1.0952381,0.9599271402550091,0.7481018456883001,49.17249637726926,52,0.23033822,1,False,47,14
747.0,0.98233235,2.8430548,1.1268163,1.1428572,0.9663648124191462,0.8079810129973659,93.42227110461113,52,0.23413393,1,False,47,15
738.0,0.91960096,2.5069687,0.99361193,1.4761904,0.9710526315789474,0.5408482339987952,52.70491247138808,52,0.20645624,1,False,47,16
498.0,0.96377796,2.7005162,1.0703225,1.4285715,0.9651162790697675,0.6187874658142907,99.45502571191228,52,0.22239546,1,False,47,17
1309.0,0.9714656,2.7615047,1.0944947,1.2380953,0.8886625933469111,0.7209379106632134,49.17249637726926,52,0.22741802,0,False,47,18
607.0,0.9783145,2.2428021,0.8889122,1.2380953,0.9712,0.32770307548209104,63.14475277317755,52,0.18470135,1,False,47,19
504.0,0.9719568,2.7816517,1.1024798,1.1904762,0.9636711281070746,0.49512425441774177,119.90440720160211,52,0.22907719,1,False,47,20
582.0,0.98048216,2.3303058,0.9235934,1.1428572,0.9765100671140939,0.570568417811675,59.061726387022354,52,0.19190754,1,False,47,21
487.0,0.95799077,2.240442,0.88797677,1.1904762,0.9643564356435643,0.5892422143169371,63.14475277317755,52,0.18450698,1,False,47,22
532.0,0.9791425,2.666577,1.0568712,1.0952381,0.9637681159420289,0.8306781828298861,62.81001227787041,52,0.21960047,1,False,47,23
678.0,0.9759647,2.2833264,0.90497357,1.1904762,0.9617021276595744,0.8151535173449697,70.37266892890494,52,0.18803863,1,False,47,24
496.0,0.9690502,2.280818,0.90397936,1.1428572,0.96875,0.471544379852309,84.63427340850961,52,0.18783207,1,False,47,25
692.0,0.97845775,2.502546,0.9918591,1.0476191,0.9624478442280946,0.6077922750122883,62.81001227787041,52,0.20609203,1,False,47,26
375.0,0.94753516,2.8765714,1.1401002,1.6190476,0.9615384615384616,0.5887146520765916,56.52453497753684,52,0.23689412,1,False,47,27
444.0,0.9195084,2.1630201,0.8572914,1.1904762,0.9446808510638298,0.8065905099971233,84.63427340850961,52,0.17813107,0,False,47,28
641.0,0.97594625,3.732041,1.4791571,1.2857143,0.9682779456193353,0.5498841583756101,56.52453497753684,52,0.30734453,1,False,47,29
481.0,0.96197397,1.9904959,0.78891313,1.0952381,0.9658634538152611,0.46215654273127305,47.502491957789765,52,0.16392319,1,False,47,30
577.0,0.97820336,2.5446067,1.0085294,1.1904762,0.9616666666666667,0.49023519954705286,37.88750041288868,52,0.20955585,1,False,47,31
650.0,0.9678253,2.840073,1.1256346,1.4285715,0.9629629629629629,0.45141942029107995,40.617503925728165,52,0.23388837,1,False,47,32
514.0,0.9721176,2.7695942,1.097701,1.3333334,0.9625468164794008,0.5515625108596414,40.617503925728165,52,0.22808424,1,False,47,33
631.0,0.97536385,2.8982718,1.1487011,1.1904762,0.9752704791344667,0.7256700898216231,47.502491957789765,52,0.23868121,1,False,47,34
519.0,0.96468943,2.4666483,0.9776314,1.2857143,0.9719101123595506,0.5660701269612345,32.032404989432536,52,0.20313574,1,False,47,35
670.0,0.9788035,2.5027008,0.9919204,1.0952381,0.9710144927536232,0.7818787437107111,32.032404989432536,52,0.20610477,1,False,47,36
463.0,0.96352863,2.3166718,0.9181897,1.1904762,0.9686192468619247,0.7561910313560831,87.75463054444715,52,0.19078474,0,False,47,37
343.0,0.9578185,2.943357,1.1665701,1.1428572,0.9634831460674157,0.6114128896264788,33.497678287145234,52,0.2423941,1,False,47,38
959.0,0.97671527,3.2930133,1.3051529,1.3333334,0.9429695181907571,0.858893036421805,43.320378118176826,52,0.27118933,0,False,47,39
819.0,0.9658108,3.1502414,1.2485666,1.4285715,0.9703791469194313,0.6781167365308675,33.497678287145234,52,0.25943163,1,False,47,40
509.0,0.98207843,3.8783798,1.537157,1.1428572,0.9640151515151515,0.6419303636467042,48.66812064549037,52,0.319396,1,False,47,41
642.0,0.97249883,1.8618157,0.737912,0.85714287,0.963963963963964,0.7674371836623642,243.50231251662706,52,0.15332599,0,False,47,42
684.0,0.97222865,2.7991507,1.1094154,1.2380953,0.9593267882187938,0.3734442414134817,46.08189903788413,52,0.2305183,1,False,47,43
576.0,0.9811088,2.8915343,1.1460307,1.0476191,0.9616026711185309,0.7672591721904483,33.07725198764694,52,0.23812635,1,False,47,44
466.0,0.9478388,2.5242183,1.0004487,1.3333334,0.9708333333333333,0.716314919482965,33.07725198764694,52,0.2078768,0,False,47,45
232.0,0.8243345,2.5605502,1.0148485,1.5714285,0.9547325102880658,0.770414567959264,71.24444512945678,52,0.21086884,0,False,47,46
632.0,0.98162067,2.3300934,0.9235092,0.9047619,0.9634146341463414,0.6853607834928483,185.17206217470567,52,0.19189005,1,False,47,47
615.0,0.9832428,3.3938832,1.3451316,1.0476191,0.9777424483306836,0.38374143585497905,41.732624072444885,52,0.27949625,1,False,47,48
678.0,0.98304915,2.7914736,1.1063726,1.0,0.9685714285714285,0.5664540948987503,95.484161436434,52,0.22988605,1,False,47,49
603.0,0.9733972,2.328832,0.9230092,1.0952381,0.9741518578352181,0.49096645856070326,75.53746660480812,52,0.19178617,1,False,47,50
561.0,0.98173773,2.366862,0.9380821,1.0,0.9807692307692307,0.5009671751112927,75.53746660480812,52,0.19491805,1,False,47,51
630.0,0.9777677,2.375208,0.94138986,0.95238096,0.9647779479326187,0.499405351897889,179.7736852193346,52,0.19560535,0,True,47,52
165.0,0.8335612,1.6586114,1.4183216,1.2658228,0.8168316831683168,0.7631971066461604,672.1491472903841,5,0.5138443,0,False,48,1
943.0,0.97089887,1.249312,1.0683191,0.89873415,0.9681724845995893,0.5820463692519172,138.2372342444452,5,0.38704178,1,False,48,2
690.0,0.97618747,1.1694185,1.0,0.84810126,0.9636871508379888,0.5241035554437101,138.2372342444452,5,0.3622904,1,False,48,3
785.0,0.9731433,1.1586713,0.9908098,0.835443,0.9631901840490797,0.8303303554901841,336.0394695927814,5,0.35896093,1,False,48,4
648.0,0.956824,1.079485,0.92309564,0.835443,0.972972972972973,0.7266161344039832,336.0394695927814,5,0.3344287,1,False,48,5
630.0,0.9807997,1.8222222,1.0,1.1090909,0.963302752293578,0.6970007659085874,386.58171132154035,11,0.39302832,1,False,49,1
719.0,0.98256654,2.0880516,1.1458819,1.1636363,0.9676985195154778,0.6335518469250773,62.84040703179392,11,0.45036405,1,False,49,2
746.0,0.9798731,1.5701438,0.8616643,1.0363636,0.9675745784695201,0.69324242629162,67.094751199493,11,0.33865848,1,False,49,3
672.0,0.976468,1.6643668,0.91337204,1.0727273,0.9696969696969697,0.5006061381977559,62.84040703179392,11,0.35898107,1,False,49,4
846.0,0.9760667,1.8258543,1.0019932,1.2,0.9635535307517085,0.3041222317183247,219.13204992683956,11,0.39381173,1,False,49,5
969.0,0.9812679,1.7864339,0.9803601,1.1090909,0.9719157472417251,0.5495366090562895,219.13204992683956,11,0.38530928,1,False,49,6
702.0,0.95606303,1.8445997,1.0122803,1.2363636,0.9669421487603306,0.7762657498629612,138.8518965567554,11,0.39785486,1,False,49,7
699.0,0.9773064,1.9821823,1.087783,1.0,0.966804979253112,0.7775329794943932,194.029133105119,11,0.4275295,1,False,49,8
620.0,0.97219867,1.4536071,0.7977112,1.0727273,0.9733124018838305,0.644676241256991,138.8518965567554,11,0.31352308,0,False,49,9
834.0,0.9841396,2.112383,1.1592345,1.0363636,0.9641618497109826,0.367742093524927,261.8978336141904,11,0.45561197,1,False,49,10
684.0,0.9792109,1.5942849,0.87491244,0.96363634,0.972972972972973,0.4424772897491287,261.8978336141904,11,0.34386536,1,False,49,11
850.0,0.969294,1.4304471,0.9328561,0.94,0.9561304836895388,0.7936522346034458,555.501177095701,17,0.28047982,1,False,50,1
869.0,0.97648776,1.6028308,1.0452749,1.08,0.9687848383500557,0.8629719125632581,365.7845316443631,17,0.31428054,1,False,50,2
825.0,0.9775249,1.533406,1.0,1.06,0.972877358490566,0.7470409813814715,182.73069496834847,17,0.30066785,1,False,50,3
172.0,0.8204771,1.4240699,0.9286972,1.26,0.8557213930348259,0.8765349111909524,27.905577725504923,17,0.27922937,0,False,50,4
717.0,0.973927,1.6164296,1.0541432,1.08,0.9611260053619303,0.6638538497170383,27.905577725504923,17,0.31694698,1,False,50,5
1007.0,0.9806147,1.4912016,0.9724767,1.04,0.9748305905130688,0.7550450585706073,182.73069496834847,17,0.29239246,1,False,50,6
806.0,0.9697914,1.5252854,0.9947042,1.1,0.9583828775267539,0.8501650846410786,176.84915130778086,17,0.29907554,1,False,50,7
827.0,0.9805573,1.6417171,1.0706342,1.12,0.9695193434935522,0.7260790780943677,176.84915130778086,17,0.32190531,1,False,50,8
954.0,0.9839215,1.6277568,1.0615302,1.06,0.9774590163934426,0.4828422540549155,373.1909139799852,17,0.319168,1,False,50,9
864.0,0.97855574,1.5374768,1.0026547,1.02,0.968609865470852,0.7344662467266334,93.96311061816549,17,0.30146605,1,False,50,10
647.0,0.97499806,1.5679443,1.0225239,1.08,0.9642324888226528,0.8434013789676453,171.3164207807186,17,0.30744007,1,False,50,11
1048.0,0.97967994,1.6917557,1.1032666,1.08,0.9730733519034355,0.7357913191190313,125.72396697146758,17,0.3317168,1,False,50,12
645.0,0.9627634,1.3793489,0.89953274,0.98,0.9641255605381166,0.7912684996677062,93.96311061816549,17,0.27046058,0,False,50,13
638.0,0.9431168,1.441348,0.93996495,1.12,0.9579579579579579,0.7154642241425445,95.3604162813387,17,0.28261724,0,False,50,14
567.0,0.9734778,1.7655026,1.1513602,1.06,0.9561551433389545,0.6112130209377656,95.3604162813387,17,0.34617698,1,False,50,15
848.0,0.9794329,1.3751651,0.8968043,0.8,0.9691428571428572,0.7183470803381263,288.3184739293472,17,0.2696402,1,False,50,16
902.0,0.9571287,1.5043902,0.98107755,1.04,0.9709364908503767,0.5299658540816399,485.20217088303656,17,0.29497847,1,False,50,17
1049.0,0.9646892,1.953305,1.2674096,1.2372881,0.9193689745836985,0.7114306513299493,277.2858580923971,14,0.45194116,1,False,51,1
907.0,0.9757426,1.486181,0.9643144,0.9830508,0.969017094017094,0.7305812524890075,194.45325749190465,14,0.3438615,1,False,51,2
767.0,0.9577118,1.5039886,0.97586894,0.9491525,0.970886075949367,0.7742548589656485,239.9476778519152,14,0.3479817,1,False,51,3
832.0,0.96493,1.5783694,1.0241312,1.101695,0.9663182346109176,0.6148731483261849,194.45325749190465,14,0.36519134,1,False,51,4
646.0,0.97520345,1.9834968,1.2869997,1.5084746,0.9787878787878788,0.6137256916486163,165.20849012365764,14,0.4589267,1,False,51,5
532.0,0.95039904,1.276507,0.82826656,0.88135594,0.9655172413793104,0.5588370694288242,282.8938122602198,14,0.29534867,1,False,51,6
712.0,0.98260635,2.7067938,1.7563138,1.4576272,0.9544235924932976,0.8828481952933338,165.20849012365764,14,0.6262778,1,False,51,7
527.0,0.9716899,1.6209437,1.0517557,1.101695,0.96875,0.7846841276722426,239.9476778519152,14,0.37504184,1,False,51,8
525.0,0.92567706,1.8070703,1.1725246,1.3220339,0.9615384615384616,0.6428045928619551,197.538047703309,14,0.41810644,1,False,51,9
602.0,0.9817657,1.766006,1.1458799,0.9491525,0.9540412044374009,0.7053975822880063,207.53879287254605,14,0.4086053,1,False,51,10
680.0,0.97611225,1.4467099,0.93870336,0.91525424,0.9672830725462305,0.7208897228660295,178.9226833917624,14,0.33472896,1,False,51,11
763.0,0.98090136,1.4580935,0.9460897,0.8305085,0.9682741116751269,0.6684069897740413,85.07968822975978,14,0.33736283,1,False,51,12
945.0,0.98290706,1.4079993,0.91358584,0.8135593,0.963302752293578,0.7507120027938414,85.07968822975978,14,0.3257724,1,False,51,13
1023.0,0.9770002,1.3964081,0.90606487,0.8305085,0.9798850574712644,0.5653014299791993,191.0682191586332,14,0.3230905,1,False,51,14
148.0,0.9098593,2.4530582,0.8841328,1.3684211,0.961038961038961,0.9369233324446511,170.52670612939195,50,0.1827769,0,True,52,1
756.0,0.9865613,3.3644528,1.2126182,1.1052631,0.9642857142857143,0.7311205659124795,82.50349558200402,50,0.2506847,1,False,52,2
762.0,0.97848934,2.583575,0.93117374,1.1052631,0.9694656488549618,0.8607986122106157,89.08888983822419,50,0.19250166,1,False,52,3
848.0,0.98549265,4.6926513,1.6913284,1.2631578,0.9702517162471396,0.7877189861691486,170.52670612939195,50,0.34964854,1,False,52,4
672.0,0.9821683,3.097196,1.1162934,1.0526316,0.9710982658959537,0.6738528421132528,83.89620039321484,50,0.23077147,1,False,52,5
574.0,0.97662205,4.5953603,1.6562626,1.0526316,0.9679595278246206,0.8636033851976423,60.991765296706376,50,0.3423994,1,False,52,6
736.0,0.9829254,3.218893,1.1601555,1.1052631,0.9709762532981531,0.6768762121264386,48.71421385158532,50,0.23983908,1,False,52,7
597.0,0.96555287,2.2251608,0.8019939,1.1052631,0.9629032258064516,0.676861604814638,48.71421385158532,50,0.16579631,1,False,52,8
939.0,0.98259974,3.2736955,1.1799074,1.2105263,0.9710444674250258,0.7131284476421097,61.40180547490086,50,0.24392241,1,False,52,9
499.0,0.9746583,2.5368633,0.9143379,1.1052631,0.965183752417795,0.44616740756390105,37.408283365252686,50,0.18902119,1,False,52,10
646.0,0.9816131,3.1563468,1.1376126,1.0,0.9641791044776119,0.7577371525011156,60.991765296706376,50,0.23517878,1,False,52,11
667.0,0.9723993,2.4930956,0.89856315,1.0,0.9680696661828737,0.5478454063451917,37.408283365252686,50,0.18576007,1,False,52,12
740.0,0.9845287,5.3938837,1.944067,1.3157895,0.9736842105263158,0.7843994867736135,104.0311988743641,50,0.4018972,1,False,52,13
669.0,0.98007536,2.51837,0.90767246,1.0,0.9584527220630372,0.8027330114135646,93.77053199971252,50,0.18764326,1,False,52,14
986.0,0.97727513,2.48073,0.8941063,1.1578947,0.974308300395257,0.573177866929843,86.48245300872527,50,0.18483871,1,False,52,15
460.0,0.96025497,2.2679634,0.81742084,1.0526316,0.9623430962343096,0.8828070935083031,63.26722561574264,50,0.16898552,0,False,52,16
811.0,0.98188484,3.8061523,1.3718158,1.2105263,0.9771084337349397,0.7042897231493171,63.26722561574264,50,0.28359565,1,False,52,17
695.0,0.97330755,2.0948884,0.75504106,0.94736844,0.9666203059805285,0.8368724407290987,93.77053199971252,50,0.15608972,1,False,52,18
758.0,0.9843924,3.2768366,1.1810396,0.94736844,0.9607097591888466,0.7665329861613169,86.48245300872527,50,0.24415645,1,False,52,19
828.0,0.97818124,2.9565854,1.0656143,1.2631578,0.9661610268378062,0.7743437793090919,74.47598630771155,50,0.2202946,1,False,52,20
805.0,0.9843853,4.782543,1.7237272,1.4210526,0.9698795180722891,0.7228079279494796,39.120570329595544,50,0.35634637,1,False,52,21
885.0,0.9830238,2.2480524,0.81024444,0.94736844,0.974669603524229,0.7833327392315249,74.47598630771155,50,0.16750194,1,False,52,22
864.0,0.96904105,2.9041789,1.046726,1.2105263,0.9632107023411371,0.8472582672405762,39.120570329595544,50,0.21638979,1,False,52,23
826.0,0.9751733,2.5082197,0.90401417,1.1052631,0.9740566037735849,0.6943535326286219,158.09234354927636,50,0.18688695,1,False,52,24
783.0,0.9846481,3.3821335,1.2189907,1.1052631,0.97875,0.7608918000638516,107.66961357194056,50,0.2520021,1,False,52,25
1220.0,0.97497636,2.531924,0.91255766,1.1052631,0.8997050147492626,0.643346825210066,85.0765830882078,50,0.18865316,0,False,52,26
1595.0,0.975075,2.908629,1.04833,1.2631578,0.9140401146131805,0.9208858785651196,92.89613217952231,50,0.21672137,0,False,52,27
562.0,0.95124227,2.4266717,0.8746226,1.3684211,0.9672977624784854,0.8315849110201605,191.23796219161255,50,0.18081082,1,False,52,28
891.0,0.97972125,3.1477938,1.1345298,1.1578947,0.969532100108814,0.7127444372158341,85.0765830882078,50,0.2345415,1,False,52,29
782.0,0.98130107,4.1691346,1.5026422,1.4210526,0.9595092024539877,0.8348140704234266,92.89613217952231,50,0.31064138,1,False,52,30
705.0,0.98049784,2.2742069,0.8196711,1.0,0.9670781893004116,0.7095462297397716,45.36683765528067,50,0.1694507,1,False,52,31
448.0,0.7960467,2.5858786,0.93200403,1.6315789,0.9313929313929314,0.8226885869416474,45.36683765528067,50,0.19267331,0,False,52,32
711.0,0.9840797,3.784884,1.3641503,1.1578947,0.9595141700404858,0.7745114132715282,70.50075636877828,50,0.28201097,1,False,52,33
801.0,0.9813392,3.4520006,1.2441722,1.2631578,0.9720873786407767,0.7806662555724118,150.88684076752392,50,0.2572079,1,False,52,34
873.0,0.9812171,3.5155241,1.2670674,1.1578947,0.9657079646017699,0.8857533589382146,105.75553850749849,50,0.26194102,1,False,52,35
571.0,0.95708424,2.477924,0.893095,1.2631578,0.9612794612794613,0.7868493309532396,97.33121491952973,50,0.18462965,1,False,52,36
724.0,0.98058814,2.2004943,0.7931036,0.94736844,0.9602122015915119,0.7491817964628091,171.9511090719071,50,0.1639584,1,False,52,37
681.0,0.9794678,3.8013756,1.3700942,1.2631578,0.9728571428571429,0.7553253276672697,70.50075636877828,50,0.28323975,1,False,52,38
737.0,0.97085685,2.9417982,1.0602847,1.3157895,0.9684625492772667,0.7982396088906669,94.75293639942548,50,0.2191928,1,False,52,39
534.0,0.9569956,2.2782378,0.82112396,1.1052631,0.9535714285714286,0.7537562423116223,78.95755762665607,50,0.16975105,0,False,52,40
491.0,0.9603528,2.589238,0.9332148,1.1578947,0.958984375,0.6826956385194386,192.11331701628993,50,0.1929236,1,False,52,41
595.0,0.9656611,2.3090668,0.83223534,1.3157895,0.9690553745928339,0.5907315527682372,121.13811129518213,50,0.1720481,1,False,52,42
624.0,0.9773051,2.4297402,0.8757285,0.84210527,0.9659442724458205,0.8415973078723786,115.55549942627367,50,0.18103947,1,False,52,43
610.0,0.9823763,3.7716997,1.3593984,1.1578947,0.9606299212598425,0.7127030675863685,78.95755762665607,50,0.2810286,1,False,52,44
884.0,0.9768751,2.7177305,0.97952616,1.0,0.9724972497249725,0.7563993717905116,115.55549942627367,50,0.20249757,1,False,52,45
1119.0,0.97778994,2.9515545,1.0638012,1.2105263,0.961340206185567,0.6858514448723426,121.13811129518213,50,0.21991976,1,False,52,46
646.0,0.97249526,2.136386,0.7699976,1.1052631,0.9584569732937686,0.7640737778618757,130.44735225852185,50,0.1591817,1,False,52,47
750.0,0.97876495,2.3352282,0.84166443,1.0,0.9803921568627451,0.5726411109828612,130.44735225852185,50,0.17399739,1,False,52,48
633.0,0.97841537,2.8283029,1.0193788,1.0,0.9708588957055214,0.7445839565407452,44.85448962702484,50,0.21073629,1,False,52,49
167.0,0.9202874,2.720769,0.9806213,1.3684211,0.9597701149425287,0.9498631055047705,44.85448962702484,50,0.20272397,0,True,52,50
556.0,0.97023594,2.5217626,1.1472104,1.4,0.9703315881326352,0.8649544278349776,111.53553980035757,30,0.29667795,0,True,53,1
1756.0,0.97501785,2.2469058,1.0221715,1.2,0.7967332123411979,0.8821655671840339,113.79838315367441,30,0.26434186,0,False,53,2
650.0,0.9790212,2.1289744,0.96852165,1.1666666,0.9687034277198212,0.5603543425718464,61.668979840539855,30,0.25046757,1,False,53,3
961.0,0.9819148,2.300659,1.046625,1.1333333,0.9222648752399232,0.82707009983941,181.10657484284582,30,0.27066576,1,False,53,4
941.0,0.9829921,2.3144174,1.0528841,1.1333333,0.9592252803261978,0.6670885969771333,55.904205752536946,30,0.2722844,1,False,53,5
732.0,0.96931833,2.1074226,0.95871717,1.2,0.9656992084432717,0.7808046951665876,32.95975813923452,30,0.24793208,1,False,53,6
979.0,0.9724418,2.0709226,0.94211245,1.1666666,0.9693069306930693,0.7935588281664689,32.95975813923452,30,0.24363796,1,False,53,7
893.0,0.98144966,2.3313925,1.0606065,1.1333333,0.9674972914409534,0.7794036640643475,55.904205752536946,30,0.27428147,1,False,53,8
962.0,0.98561144,2.5575883,1.1635084,1.1,0.969758064516129,0.36382247113315713,113.79838315367441,30,0.30089277,1,False,53,9
795.0,0.96447587,2.104612,0.95743865,1.1333333,0.9730722154222766,0.7411238185592697,197.15156132597338,30,0.24760142,1,False,53,10
705.0,0.97595096,2.0721986,0.94269294,1.2,0.980528511821975,0.5210074634291171,234.1476571225926,30,0.24378808,1,False,53,11
878.0,0.98304194,2.3549354,1.0713167,1.0333333,0.9755555555555555,0.34434341113609573,134.949789927744,30,0.27705124,1,False,53,12
748.0,0.9710178,2.257219,1.0268632,1.2,0.9701686121919585,0.45867691800760474,114.78657121155457,30,0.2655552,1,False,53,13
391.0,0.90665835,1.7832907,0.81126183,1.0666667,0.9606879606879607,0.7445067327825934,40.075552853787975,30,0.20979892,1,False,53,14
940.0,0.97441405,2.1494327,0.97782856,1.1333333,0.9601634320735445,0.7839678007733984,133.11779687846024,30,0.25287443,1,False,53,15
693.0,0.97910184,2.0084176,0.91367745,1.0333333,0.976056338028169,0.5193484519594588,40.075552853787975,30,0.23628442,1,False,53,16
790.0,0.9807574,2.661013,1.2105587,1.2,0.966952264381885,0.39564738560326257,114.78657121155457,30,0.3130603,1,False,53,17
704.0,0.97996104,2.933428,1.334487,1.3333334,0.967032967032967,0.6536199083962553,338.0680737222426,30,0.34510916,1,False,53,18
996.0,0.97884995,2.018909,0.9184502,1.2,0.9717073170731707,0.654665640456941,133.11779687846024,30,0.2375187,1,False,53,19
643.0,0.97890365,1.8117677,0.82421666,1.0,0.9669172932330827,0.6692970492716251,71.0222861464151,30,0.21314915,1,False,53,20
927.0,0.98605317,3.0756202,1.3991735,1.1,0.9727177334732424,0.7573882661508866,124.52149708491925,30,0.3618377,1,False,53,21
933.0,0.982436,1.8734906,0.8522959,0.95,0.9759414225941423,0.7715428246997503,71.0222861464151,30,0.22041065,1,False,53,22
921.0,0.9840431,2.6884909,1.223059,1.2333333,0.9704952581664911,0.6101378204096578,146.0483549438816,30,0.31629303,1,False,53,23
830.0,0.98191655,2.912008,1.3247424,1.1333333,0.9651162790697675,0.8363725182224074,58.12432385529786,30,0.3425892,1,False,53,24
930.0,0.97880805,2.102509,0.9564819,1.1666666,0.976890756302521,0.6595118298099014,83.59113214392536,30,0.24735399,1,False,53,25
836.0,0.979793,1.9887959,0.904751,1.0,0.9554285714285714,0.8624524452630304,58.12432385529786,30,0.23397598,1,False,53,26
898.0,0.9785325,2.4454715,1.1125038,1.2,0.9666307857911733,0.8522724327314248,83.59113214392536,30,0.28770253,1,False,53,27
1139.0,0.98057675,2.465379,1.1215601,1.0,0.9726729291204099,0.6561196878694142,96.17162766070474,30,0.2900446,1,False,53,28
823.0,0.9811955,1.6343459,0.7435032,0.8,0.9716646989374262,0.738005489015072,248.76702991030558,30,0.19227599,1,False,53,29
715.0,0.97481084,1.8302097,0.8326064,1.0,0.9727891156462585,0.6553061357059684,96.17162766070474,30,0.2153188,1,False,53,30
755.0,0.97883123,3.0319438,1.0856824,1.2941177,0.95448798988622,0.8890420727648749,147.5489480866816,46,0.20212959,1,False,54,1
608.0,0.9788883,2.2558048,0.8077615,1.0588236,0.9696969696969697,0.7186987896288135,65.03854284642466,46,0.15038699,1,False,54,2
698.0,0.9756748,2.8263106,1.012049,1.1764706,0.9721448467966574,0.7267429845811713,110.73437064630252,46,0.1884207,1,False,54,3
502.0,0.96506745,2.3695805,0.84850246,1.0,0.9653846153846154,0.6467811597749684,178.8430505992404,46,0.15797202,1,False,54,4
694.0,0.9772337,3.303187,1.1828095,1.4117647,0.9747191011235955,0.4702017290847353,86.00917986334413,46,0.22021246,1,False,54,5
781.0,0.9712946,2.9285984,1.0486764,1.2941177,0.9689826302729528,0.821116703003733,56.591474406544556,46,0.19523989,1,False,54,6
722.0,0.9722626,2.4003584,0.8595235,0.9411765,0.9704301075268817,0.5548514455412082,68.09277643765121,46,0.1600239,1,False,54,7
662.0,0.9806207,4.0726852,1.4583524,1.1764706,0.9525179856115108,0.8149460639052463,56.591474406544556,46,0.27151236,1,False,54,8
174.0,0.96088415,3.4016228,1.2180575,1.4117647,0.9775280898876404,0.8840997096315902,55.55422418866313,46,0.22677486,0,True,54,9
697.0,0.97559714,3.6937294,1.3226554,1.3529412,0.9508867667121419,0.8390291102321457,143.97896744684388,46,0.24624863,1,False,54,10
657.0,0.9743418,2.4133763,0.8641849,1.2352941,0.9633431085043989,0.7132572960896019,55.55422418866313,46,0.16089176,1,False,54,11
723.0,0.9717013,2.509804,0.8987139,1.117647,0.9757085020242915,0.8250350157625306,67.63677249307976,46,0.16732027,1,False,54,12
635.0,0.9804403,2.3722095,0.84944385,0.7647059,0.9739263803680982,0.7590886480839708,68.09277643765121,46,0.15814729,1,False,54,13
849.0,0.9818376,3.5424373,1.2684805,1.3529412,0.9736238532110092,0.7332780396276583,143.97896744684388,46,0.2361625,1,False,54,14
530.0,0.98013526,3.0876803,1.1056405,0.88235295,0.9724770642201835,0.44012511484822675,112.67795372227037,46,0.20584536,1,False,54,15
668.0,0.97763777,2.4247093,0.86824304,1.0588236,0.9723435225618632,0.6443954179045459,106.4307626216917,46,0.16164729,1,False,54,16
595.0,0.95957196,2.0357883,0.72897774,0.88235295,0.9738134206219312,0.351349269125932,162.0086990520254,46,0.13571922,1,False,54,17
609.0,0.9714167,3.0642326,1.0972444,1.2941177,0.9682034976152624,0.6708305634680711,118.5165834194536,46,0.20428216,1,False,54,18
737.0,0.97589135,2.9195466,1.0454351,1.0588236,0.9722955145118733,0.7614850356476399,106.4307626216917,46,0.19463645,0,False,54,19
638.0,0.9782271,2.8821685,1.0320506,1.0588236,0.9710806697108066,0.6884382571846595,112.23472967136658,46,0.19214457,1,False,54,20
604.0,0.98136204,5.2955785,1.8962476,1.2941177,0.9664,0.8336713185130746,132.47402650515275,46,0.35303855,1,False,54,21
768.0,0.98099965,3.474035,1.243987,1.4705882,0.9660377358490566,0.6270774749213885,53.30720505930399,46,0.23160233,1,False,54,22
651.0,0.96877253,2.3691156,0.848336,1.117647,0.9531478770131772,0.8591909599015651,118.13921557783002,46,0.15794103,1,False,54,23
434.0,0.87737614,2.7590132,0.98795104,1.5882353,0.9538461538461539,0.6620247485518737,53.30720505930399,46,0.18393421,1,False,54,24
541.0,0.96444935,1.9957594,0.71464413,0.9411765,0.9783001808318263,0.6017718102896544,126.06511950726876,46,0.13305062,1,False,54,25
596.0,0.97179604,2.3674495,0.8477394,1.1764706,0.952076677316294,0.7112179427851596,98.4509315813367,46,0.15782997,1,False,54,26
763.0,0.97632635,2.8671653,1.0266783,1.2941177,0.9682741116751269,0.7629966379951362,70.35298549931792,46,0.19114435,1,False,54,27
600.0,0.95830077,2.2863724,0.8187072,1.0588236,0.9693053311793215,0.629548701980689,98.4509315813367,46,0.15242483,1,False,54,28
597.0,0.9840176,3.0394127,1.0883569,1.2352941,0.9691558441558441,0.7441661905074588,70.35298549931792,46,0.20262752,1,False,54,29
751.0,0.9774071,2.4143496,0.8645334,1.0588236,0.9665379665379665,0.5059003718246978,126.06511950726876,46,0.16095664,1,False,54,30
680.0,0.9834343,3.4852076,1.2479876,1.4117647,0.975609756097561,0.601741764715899,84.01858627987033,46,0.23234716,1,False,54,31
710.0,0.9550369,2.4910524,0.89199924,1.2941177,0.9479305740987984,0.6051050324431049,114.05964880453571,46,0.16607015,1,False,54,32
723.0,0.9649099,3.2157676,1.1515062,1.4705882,0.9691689008042895,0.7872389706400494,39.72226298344952,46,0.21438451,1,False,54,33
597.0,0.941012,2.5315795,0.90651125,1.4117647,0.9738988580750407,0.39500387880025534,39.72226298344952,46,0.16877197,1,False,54,34
763.0,0.98131156,4.6048107,1.6488966,1.2352941,0.9633838383838383,0.7752581612242115,164.59522218732255,46,0.30698738,1,False,54,35
429.0,0.84709287,2.5306458,0.9061769,1.7058823,0.9491150442477876,0.6812576430054849,83.40332441998827,46,0.16870973,1,False,54,36
748.0,0.9776004,3.8263605,1.3701481,1.0,0.9726918075422627,0.7439242706520325,133.95044400088466,46,0.25509068,1,False,54,37
656.0,0.9808439,3.2409432,1.1605211,1.117647,0.9661266568483063,0.7208920443210513,179.25535539157116,46,0.21606289,1,False,54,38
393.0,0.9509619,2.0179615,0.72259426,0.8235294,0.9632352941176471,0.7875880671322124,149.40992646249907,46,0.13453075,1,False,54,39
546.0,0.97857374,2.5472958,0.912139,1.0588236,0.9612676056338029,0.7977795724731472,99.86144382132473,46,0.16981971,1,False,54,40
651.0,0.95616347,2.1812596,0.78106827,1.1764706,0.9615952732644018,0.6657088173932287,109.55860834944117,46,0.1454173,1,False,54,41
677.0,0.97044563,1.7891215,0.6406509,0.7647059,0.9685264663805436,0.770961454391804,133.95044400088466,46,0.119274765,1,False,54,42
846.0,0.9834925,3.1866221,1.1410698,1.117647,0.9712973593570609,0.7322792319294539,99.86144382132473,46,0.21244147,1,False,54,43
767.0,0.97379386,2.8266737,1.012179,1.2941177,0.970886075949367,0.6357237062776887,48.45767289003596,46,0.18844493,1,False,54,44
669.0,0.9595274,2.6851315,0.9614954,1.3235294,0.9766423357664233,0.5695124414192678,76.4432646530843,46,0.17900877,1,False,54,45
762.0,0.9695497,2.4355412,0.87212175,1.117647,0.9645569620253165,0.6862219250275233,48.45767289003596,46,0.1623694,1,False,54,46
237.0,0.95986617,2.278481,1.0545433,1.2962962,0.9713114754098361,0.6666132802293169,502.7387177629281,14,0.24125092,0,True,55,1
655.0,0.9794728,2.1780605,1.0080659,1.2592592,0.9718100890207715,0.6693455693044531,189.8256114592432,14,0.23061816,1,False,55,2
631.0,0.9701096,2.0149088,0.93255484,1.037037,0.9633587786259542,0.6832292579755268,76.32697260478953,14,0.21334328,1,False,55,3
655.0,0.97562915,2.06514,0.9558032,1.1111112,0.9675036927621861,0.6258372500541641,251.57795938082762,14,0.21866187,1,False,55,4
548.0,0.941188,2.305623,1.0671053,1.4074074,0.958041958041958,0.7721500721672541,76.32697260478953,14,0.2441248,1,False,55,5
761.0,0.9770559,2.6366866,1.2203306,1.3703704,0.9731457800511509,0.5597839079372922,182.12384131251025,14,0.27917856,1,False,55,6
470.0,0.96268594,1.9572104,0.9058504,1.1851852,0.9730848861283644,0.5612926798893403,395.2358282076968,14,0.20723404,0,False,55,7
562.0,0.96494627,2.1432054,0.991934,1.2962962,0.9672977624784854,0.7089236155063264,129.9861112375479,14,0.22692764,1,False,55,8
689.0,0.9789401,2.2164166,1.0258181,1.2592592,0.9690576652601969,0.48036781494293146,97.57184986921965,14,0.23467942,1,False,55,9
433.0,0.9365888,2.0417416,0.94497377,1.1481482,0.9622222222222222,0.6244853048041433,97.57184986921965,14,0.2161844,1,False,55,10
546.0,0.97864175,2.7595305,1.2771862,1.1481482,0.975,0.7492850257005862,85.26381328547859,14,0.29218557,1,False,55,11
679.0,0.9724175,2.1819124,1.0098487,1.1111112,0.97,0.8427933432297171,85.26381328547859,14,0.23102602,1,False,55,12
739.0,0.97721004,1.4241468,0.65913403,0.7777778,0.9647519582245431,0.67810320288081,477.59646622853296,14,0.150792,1,False,55,13
585.0,0.96409506,1.8049383,0.8353748,1.0,0.9669421487603306,0.5291130980024021,413.96320593532624,14,0.19111112,0,False,55,14
1017.0,0.982442,1.6424534,1.0,1.15,0.9694947569113441,0.6505838475719046,196.06974920358834,9,0.25763974,1,False,56,1
707.0,0.982243,1.7640383,1.0740263,1.125,0.9658469945355191,0.648311243518548,196.06974920358834,9,0.27671188,1,False,56,2
785.0,0.9817258,1.6552866,1.0078133,1.1,0.9727385377942999,0.6419585724488173,221.9608422747146,9,0.2596528,1,False,56,3
1061.0,0.9771594,1.3021678,0.79281867,0.9,0.9769797421731123,0.6674338422004331,312.47820470545656,9,0.20426162,1,False,56,4
616.0,0.9735987,1.6989043,1.0343698,1.025,0.9609984399375975,0.6991251097407364,240.04108933831233,9,0.26649478,1,False,56,5
820.0,0.97698766,1.8098476,1.1019171,1.125,0.9715639810426541,0.7053996331890043,221.9608422747146,9,0.28389767,1,False,56,6
597.0,0.95637286,1.5566164,0.9477385,1.125,0.9521531100478469,0.8859969163128485,461.67583987924945,9,0.24417512,1,False,56,7
619.0,0.9747782,1.0808158,0.6580496,0.625,0.9611801242236024,0.8163895192778473,820.4687550770708,9,0.16953973,1,False,56,8
736.0,0.9688144,1.3914741,0.84719247,0.975,0.9658792650918635,0.7849995679826022,533.9816735704601,9,0.21827045,1,False,56,9
879.0,0.98437613,2.9386802,1.4378726,1.15,0.9680616740088106,0.6373001409357729,61.54066418303803,17,0.23048472,1,False,57,1
813.0,0.9844801,2.8864083,1.4122965,1.15,0.9748201438848921,0.4788591410157422,61.54066418303803,17,0.22638497,1,False,57,2
724.0,0.9844552,2.36029,1.154871,1.15,0.9770580296896086,0.47975711879374927,89.51491833392244,17,0.18512079,1,False,57,3
674.0,0.9669019,1.91773,0.93832994,1.1,0.975397973950796,0.7685858667863048,223.83182014897938,17,0.15041019,1,False,57,4
782.0,0.97427654,1.865729,0.91288626,0.9,0.9762796504369539,0.38823474316498424,660.8555353150064,17,0.14633168,0,True,57,5
650.0,0.9635434,2.0437694,1.0,1.15,0.9643916913946587,0.6067038744321847,223.83182014897938,17,0.16029564,1,False,57,6
562.0,0.9452482,2.275267,1.1132699,1.25,0.9706390328151986,0.7221545207114882,258.25909982180536,17,0.1784523,0,False,57,7
814.0,0.97687745,2.695209,1.3187442,1.1,0.9509345794392523,0.8850655472955639,233.64912830128972,17,0.21138893,1,False,57,8
998.0,0.985788,3.4917336,1.7084773,1.15,0.9661181026137464,0.7049337262309981,192.88162317122357,17,0.27386147,1,False,57,9
768.0,0.9747429,1.8803384,0.9200345,1.0,0.9808429118773946,0.6465738547323653,148.2677456346325,17,0.14747752,1,False,57,10
1051.0,0.9838723,2.3205042,1.1354041,1.05,0.974050046339203,0.7637638327321107,271.6021965285064,17,0.18200032,1,False,57,11
606.0,0.95881516,1.9263201,0.942533,0.8,0.9603803486529319,0.702344471001874,492.5765844049645,17,0.15108393,1,False,57,12
743.0,0.97718483,1.9297444,0.9442085,0.85,0.9712418300653595,0.4969236100893633,149.32202982701276,17,0.1513525,1,False,57,13
703.0,0.9756547,1.8387625,0.8996918,0.9,0.9736842105263158,0.5999026435240931,149.32202982701276,17,0.14421667,1,False,57,14
652.0,0.9814071,2.366948,1.1581286,0.95,0.9702380952380952,0.7992669895503177,77.42576402916181,17,0.18564297,1,False,57,15
701.0,0.9756556,2.0,0.978584,1.05,0.9668965517241379,0.6504935752348182,77.42576402916181,17,0.15686275,1,False,57,16
619.0,0.9719179,1.7698708,0.8659836,0.85,0.9732704402515723,0.6632865417107768,224.41491947983928,17,0.13881339,1,False,57,17
882.0,0.9815721,1.9755173,1.0830342,1.1875,0.9692307692307692,0.7300109061302695,225.37117878595282,19,0.24790806,1,False,58,1
480.0,0.9454295,1.9298828,1.0580161,1.28125,0.9542743538767395,0.8481108423148718,180.02560852812877,19,0.24218136,1,False,58,2
657.0,0.9785,1.8240582,1.0,1.09375,0.9605263157894737,0.7823466036189013,215.91733937643392,19,0.22890142,1,False,58,3
930.0,0.98561776,1.8824596,1.0320174,1.0625,0.9707724425887265,0.5643410163002894,143.2261580866039,19,0.23623022,1,False,58,4
1011.0,0.9780037,2.2258284,1.2202617,1.15625,0.9777562862669246,0.5501835718361738,247.25596689630177,19,0.27931964,1,False,58,5
850.0,0.9734777,1.8115809,0.9931596,1.09375,0.9670079635949943,0.6483662686699535,143.2261580866039,19,0.22733565,1,False,58,6
1073.0,0.98509216,2.2855895,1.2530245,1.15625,0.9710407239819004,0.5671832115367311,143.26016825025476,19,0.28681907,1,False,58,7
770.0,0.9634709,2.0667613,1.1330566,1.3125,0.9759188846641318,0.7710627108518198,143.26016825025476,19,0.2593583,1,False,58,8
742.0,0.97649276,1.6150607,0.8854217,1.125,0.9712041884816754,0.7361745266818158,82.87844306221025,19,0.20267428,1,False,58,9
781.0,0.96073496,1.6601713,0.9101526,1.125,0.9618226600985221,0.7446329237189223,82.87844306221025,19,0.20833522,1,False,58,10
833.0,0.9679341,1.9172794,1.0511065,1.21875,0.9652375434530707,0.6916124265840086,228.71378335928134,19,0.24059977,1,False,58,11
363.0,0.9074889,1.771522,0.9711982,1.28125,0.9355670103092784,0.8184640533969999,275.17192185663674,19,0.22230865,0,False,58,12
846.0,0.9795314,1.6893839,0.9261677,1.125,0.9690721649484536,0.3400020087468665,114.46953607436772,19,0.21200112,1,False,58,13
482.0,0.8610855,1.3613849,0.74634945,0.9375,0.9359223300970874,0.8331706587354246,260.6293593523394,19,0.17084046,0,False,58,14
708.0,0.97623974,1.642876,0.9006708,0.9375,0.9672131147540983,0.7280507691048219,282.0757572296966,19,0.20616484,1,False,58,15
1110.0,0.98613983,2.2695384,1.2442248,1.03125,0.9753954305799648,0.536774520882001,204.63697362572623,19,0.28480482,1,False,58,16
659.0,0.9720961,1.229135,0.6738464,0.84375,0.9676945668135095,0.46860238989530745,260.6293593523394,19,0.1542444,1,False,58,17
945.0,0.98310184,1.973545,1.0819528,1.0625,0.9752321981424149,0.5183231963409652,165.27111792085236,19,0.24766055,1,False,58,18
1116.0,0.98387796,1.7600247,0.964895,0.90625,0.9721254355400697,0.5241005460714668,165.27111792085236,19,0.22086585,1,False,58,19
178.0,0.809296,1.8198234,0.8856838,1.2857143,0.9128205128205128,0.7845850953911329,314.6703663779216,8,0.19982375,0,False,59,1
825.0,0.9818821,2.2071862,1.074208,1.1428572,0.9717314487632509,0.6823826093250152,186.71849449059678,8,0.2423577,1,True,59,2
874.0,0.98010564,1.8903236,0.9199953,1.1785715,0.9646799116997793,0.6233914040514364,186.71849449059678,8,0.20756495,1,False,59,3
656.0,0.96770275,1.5813371,0.76961565,1.0,0.9761904761904762,0.5635603062031085,184.54255714163793,8,0.17363702,0,False,59,4
988.0,0.98163855,2.147484,1.0451518,1.1071428,0.9733990147783251,0.4729451778429084,287.21374533134934,8,0.23580217,0,False,59,5
152.0,0.77184737,1.9619361,0.9548481,1.5714285,0.8539325842696629,0.8048382590762688,184.54255714163793,8,0.21542828,0,False,59,6
1007.0,0.9840894,3.2398567,1.576795,1.1428572,0.9738878143133463,0.5090418560755567,234.2792957931335,8,0.35574898,1,False,59,7
789.0,0.9858089,3.0290604,1.4742032,1.0357143,0.9740740740740741,0.3249642812754865,234.2792957931335,8,0.3326027,1,False,59,8
352.0,0.8920829,1.8766057,1.1583084,1.3188406,0.8380952380952381,0.7676214600650084,114.71997857602838,13,0.5077874,0,False,60,1
795.0,0.98310363,1.9146659,1.1818005,1.1884058,0.9636363636363636,0.8708117765457837,114.71997857602838,13,0.5180861,1,False,60,2
1015.0,0.985861,2.198358,1.3569055,1.1014493,0.9769008662175168,0.6852833197588932,337.768072106808,13,0.5948498,1,False,60,3
652.0,0.98094505,1.9649684,1.212849,1.0434783,0.9687964338781575,0.41140643533866444,294.8024882345316,13,0.53169733,1,False,60,4
465.0,0.96346605,1.4608072,0.9016626,1.0144928,0.96875,0.5757160480949896,294.8024882345316,13,0.39527726,1,False,60,5
785.0,0.98206794,1.8114649,1.1181011,1.2028985,0.98125,0.8270002679354798,160.44667962677767,13,0.4901611,1,False,60,6
681.0,0.95539504,1.5412331,0.9513043,1.173913,0.9673295454545454,0.8019878730811612,147.77805678522753,13,0.4170395,0,False,60,7
646.0,0.97549975,1.5542693,0.95935076,1.173913,0.9613095238095238,0.8079657349755324,97.4065554431283,13,0.420567,1,False,60,8
591.0,0.96958613,1.2637632,0.78003997,0.942029,0.964110929853181,0.8101884072044894,237.01114258276925,13,0.34195945,1,False,60,9
631.0,0.98333806,1.565493,0.9662784,0.9710145,0.9752704791344667,0.38138217792744383,243.1189009989918,13,0.423604,1,False,60,10
620.0,0.9704653,1.6201262,1.0,1.1304348,0.9627329192546584,0.6111364063604691,97.4065554431283,13,0.4383871,1,False,60,11
1144.0,0.98081106,1.8643078,1.1507176,1.0144928,0.9719626168224299,0.6694328853571938,243.1189009989918,13,0.50445974,1,False,60,12
542.0,0.9735463,1.4081502,0.8691608,0.9710145,0.9609929078014184,0.8248939960315879,277.9502436820009,13,0.38102886,1,False,60,13
474.0,0.9668257,1.6150441,1.0830448,1.1604939,0.9595141700404858,0.5762142989758009,34.57997670724402,26,0.513014,1,False,61,1
186.0,0.80184704,1.6223947,1.0879741,1.2592592,0.8303571428571429,0.7024391493997239,34.57997670724402,26,0.5153489,0,False,61,2
843.0,0.96783715,1.3940659,0.9348573,1.0493827,0.9689655172413794,0.5388763456144279,221.36688969930626,26,0.4428209,1,False,61,3
636.0,0.98680717,1.8510753,1.2413268,1.2098765,0.9754601226993865,0.6341653495224944,180.51266570433876,26,0.5879886,0,True,61,4
582.0,0.975096,1.8055661,1.2108084,1.1234568,0.9667774086378738,0.6719273568438076,180.51266570433876,26,0.57353276,1,False,61,5
739.0,0.9799355,1.7958202,1.2042729,1.1728395,0.9660130718954248,0.5884515865117071,133.3370374649035,26,0.570437,1,False,61,6
624.0,0.97857195,1.4940844,1.0019295,1.0864197,0.975,0.5260703387600614,163.49643830709792,26,0.47459152,1,False,61,7
853.0,0.98460627,1.7372236,1.1649781,1.074074,0.9726339794754846,0.42459011596980256,73.70769519027505,26,0.551824,1,False,61,8
452.0,0.96029043,1.5758494,1.0567609,1.1481482,0.9720430107526882,0.5357131460315877,100.25367860710247,26,0.5005639,1,False,61,9
741.0,0.9755398,1.4306827,0.95941246,1.1111112,0.9673629242819843,0.5634455415726904,73.70769519027505,26,0.45445213,1,False,61,10
179.0,0.79555744,1.5976274,1.0713652,1.2839506,0.7991071428571429,0.7555584459712955,134.6384558476713,26,0.50748163,0,False,61,11
458.0,0.87179315,1.458084,0.9777877,1.1604939,0.9178356713426854,0.47554711369154107,100.25367860710247,26,0.4631561,1,False,61,12
720.0,0.9726854,1.3396262,0.8983502,1.0493827,0.96,0.7116425637862249,134.6384558476713,26,0.42552832,1,False,61,13
578.0,0.9769401,1.479794,0.9923464,1.0864197,0.9714285714285714,0.34912367532930927,89.7863267096546,26,0.47005224,1,False,61,14
507.0,0.9416846,1.4093797,0.9451267,1.0987654,0.9602272727272727,0.7628434678830607,143.8013110269563,26,0.44768533,1,False,61,15
623.0,0.9816201,2.0452409,1.3715338,1.0864197,0.9599383667180277,0.6813285324640475,89.7863267096546,26,0.64966476,1,False,61,16
839.0,0.9773022,1.3538309,0.90787584,1.0246913,0.9654775604142692,0.5901596547647863,284.4034133716677,26,0.43004042,1,False,61,17
427.0,0.97372085,1.5652124,1.0496278,1.0617284,0.9595505617977528,0.6471318826051389,134.60679143849802,26,0.4971851,1,False,61,18
427.0,0.93272924,1.4782143,0.991287,1.0617284,0.963882618510158,0.7299016592985145,120.2341770812946,26,0.46955043,1,False,61,19
635.0,0.94345856,1.323029,0.88722014,1.0246913,0.9665144596651446,0.7379645333236918,100.67099973047073,26,0.4202563,1,False,61,20
719.0,0.9815757,1.6037536,1.0754734,1.0617284,0.970310391363023,0.8002286795169613,100.67099973047073,26,0.5094276,1,False,61,21
556.0,0.9758204,1.493916,1.0018166,1.0246913,0.972027972027972,0.6241396145768544,113.45864542225877,26,0.47453803,1,False,61,22
607.0,0.94067585,1.4884983,0.9981835,1.0987654,0.9604430379746836,0.6235343314721117,116.54309922852045,26,0.47281712,1,False,61,23
719.0,0.9698332,1.4494582,0.9720033,1.074074,0.9769021739130435,0.5496201514333269,113.45864542225877,26,0.46041617,1,False,61,24
858.0,0.97386616,1.2484101,0.8371809,0.97530866,0.9705882352941176,0.6342594683620572,116.54309922852045,26,0.39655378,1,False,61,25
529.0,0.9767896,1.4451212,0.9690949,0.6666667,0.9600725952813067,0.3623806564101091,358.0265919044839,26,0.4590385,0,False,61,26
525.0,0.93936384,1.6633962,1.1045432,1.226415,0.9510869565217391,0.6828022271792759,304.4592393982941,8,0.3457255,1,False,62,1
636.0,0.97832525,1.5040643,0.99874216,1.0754716,0.9665653495440729,0.7403501823758802,498.00096764876446,8,0.31260943,1,False,62,2
473.0,0.95296293,1.4378315,0.9547617,1.0943396,0.9633401221995926,0.7288375514662865,94.26199172439155,8,0.2988434,1,False,62,3
912.0,0.96251583,1.592519,1.0574787,1.1320754,0.9431230610134437,0.5244648481541399,244.4513332558612,8,0.33099416,1,False,62,4
525.0,0.9655385,1.5078527,1.0012578,1.0943396,0.9686346863468634,0.6798598953736921,65.46477243259955,8,0.31339684,1,False,62,5
284.0,0.8287972,1.6718044,1.1101265,1.2075472,0.773841961852861,0.8112263064616543,65.46477243259955,8,0.34747308,0,False,62,6
382.0,0.85996044,1.3807665,0.91686887,1.0,0.9720101781170484,0.8719010693255096,675.7824043892474,8,0.28698283,0,False,62,7
579.0,0.9741067,1.456871,0.9674045,0.8490566,0.9666110183639399,0.5080048029371818,589.176885962463,8,0.30280066,1,False,62,8
834.0,0.9764887,1.7267277,1.0147382,1.1515151,0.9731621936989499,0.5211618764667828,178.43461547587958,22,0.22345887,1,False,63,1
825.0,0.96892995,1.5510377,0.9114912,1.030303,0.9649122807017544,0.787851572665525,127.15719575016327,22,0.20072252,0,False,63,2
714.0,0.9751209,1.6592818,0.9751026,1.0,0.970108695652174,0.7320677926598491,127.15719575016327,22,0.21473059,1,False,63,3
793.0,0.9817735,1.7649509,1.0372007,1.1212121,0.9706242350061199,0.4935109757005278,46.80816606046197,22,0.2284054,1,False,63,4
866.0,0.98025167,1.9693121,1.1572967,1.1515151,0.9686800894854586,0.7119055681564387,123.84963197952439,22,0.25485215,1,False,63,5
746.0,0.97874534,1.8856121,1.1081091,1.2121212,0.966321243523316,0.7900368698036191,123.84963197952439,22,0.24402039,1,False,63,6
1128.0,0.98341143,2.0314312,1.1938019,1.0909091,0.9757785467128027,0.5083110412016665,46.80816606046197,22,0.2628911,1,False,63,7
967.0,0.97292036,1.6765691,0.98526174,1.060606,0.9660339660339661,0.6121480642222044,162.27581648793168,22,0.21696778,1,False,63,8
453.0,0.96916175,1.6398422,0.96367854,1.1515151,0.9577167019027484,0.731792204917946,63.92622534690995,22,0.21221487,1,False,63,9
457.0,0.93840176,1.9667132,1.1557693,1.2727273,0.970276008492569,0.568666128735868,120.30651861348868,22,0.25451583,0,True,63,10
998.0,0.98471355,2.1543694,1.2660484,1.060606,0.9736585365853658,0.508650371028223,65.78939252285419,22,0.27880073,1,False,63,11
624.0,0.9687657,1.6355381,0.9611492,1.0909091,0.968944099378882,0.7709092097587554,63.92622534690995,22,0.21165787,1,False,63,12
843.0,0.98302543,2.1484954,1.2625965,1.060606,0.9756944444444444,0.6082363977728369,141.3047530886556,22,0.2780406,1,False,63,13
896.0,0.9760971,1.8093208,1.0632753,1.1212121,0.9781659388646288,0.7164346723044183,133.08242167511423,22,0.2341474,1,False,63,14
549.0,0.95497584,1.5816636,0.929489,1.0909091,0.9665492957746479,0.8010600165100428,108.93623127924779,22,0.20468588,0,False,63,15
1177.0,0.98422277,1.8418939,1.0824174,0.969697,0.9719240297274979,0.47796877455817527,172.9632976980429,22,0.23836273,1,False,63,16
893.0,0.9771913,1.5421629,0.9062758,1.0,0.9654054054054054,0.5259309665557674,175.96202553725826,22,0.19957402,1,False,63,17
1029.0,0.9833467,1.6102718,0.9463011,0.969697,0.9735099337748344,0.5425290007776757,129.87262781024995,22,0.20838812,1,False,63,18
751.0,0.9788121,2.1055965,1.2373863,0.8787879,0.9652956298200515,0.8863394742542623,175.96202553725826,22,0.27248898,1,False,63,19
778.0,0.9699757,1.428449,0.8394501,0.8484849,0.9725,0.6116950262325034,360.04383336199953,22,0.1848581,0,False,63,20
811.0,0.97744095,1.619624,0.95179707,0.93939394,0.9724220623501199,0.3872648000590185,129.87262781024995,22,0.2095984,0,False,63,21
969.0,0.9834342,1.395159,0.81988674,0.8484849,0.9778002018163471,0.4871295020525283,360.04383336199953,22,0.18055,1,False,63,22
1086.0,0.9579831,2.4175875,1.0279336,1.3333334,0.9687778768956289,0.5751346684975731,96.55702331946702,29,0.22753765,0,False,64,1
497.0,0.98171943,2.6187122,1.1134497,1.0833334,0.9745098039215686,0.45224347518827496,96.55702331946702,29,0.24646704,1,False,64,2
662.0,0.98290277,2.2155716,0.9420385,1.2083334,0.9778434268833087,0.5772879930491696,101.85177274163588,29,0.20852438,1,False,64,3
1053.0,0.97521913,2.6703072,1.1353874,1.25,0.9777158774373259,0.634835690951628,101.85177274163588,29,0.251323,1,False,64,4
590.0,0.9612172,1.7735876,0.75411135,1.0833334,0.9577922077922078,0.750649588009877,231.72019710396393,29,0.16692589,1,False,64,5
639.0,0.98184574,2.3254435,0.98875487,1.0833334,0.9740853658536586,0.6740511126959436,208.92772523993415,29,0.21886526,1,False,64,6
384.0,0.94897205,2.0823567,0.88539684,1.1666666,0.9624060150375939,0.30415139248670875,178.38092692474942,29,0.19598652,1,False,64,7
742.0,0.97814316,2.5722709,1.0937034,1.125,0.9724770642201835,0.7444164654667756,178.38092692474942,29,0.24209608,1,False,64,8
1141.0,0.9807773,2.1031625,0.8942433,1.0,0.9612468407750632,0.7697453759084749,202.78544640172794,29,0.1979447,1,False,64,9
552.0,0.9713657,2.369867,1.0076433,1.1666666,0.96,0.7710328100591918,120.92377692345822,29,0.22304632,1,False,64,10
585.0,0.98121077,2.438248,1.0367181,1.125,0.9701492537313433,0.2978027182077751,120.92377692345822,29,0.22948214,1,False,64,11
440.0,0.9657149,1.8517046,0.7873259,1.0833334,0.9586056644880174,0.6486303447122727,56.45546600798581,29,0.17427808,1,False,64,12
614.0,0.969422,2.5231407,1.0728137,1.25,0.9715189873417721,0.7490796621072927,171.30182311265156,29,0.23747206,1,False,64,13
685.0,0.9790025,3.7072384,1.57628,1.2083334,0.9730113636363636,0.5571115939416053,56.45546600798581,29,0.34891656,1,False,64,14
810.0,0.97589576,1.9087963,0.81160074,1.0,0.967741935483871,0.27819076287218836,90.70830972686151,29,0.17965142,1,False,64,15
641.0,0.9797451,2.8497791,1.2116971,1.125,0.9682779456193353,0.8071563134751082,67.05446418647345,29,0.2682145,1,False,64,16
478.0,0.979054,2.7747557,1.1797979,1.0833334,0.9637096774193549,0.6744272890623947,67.05446418647345,29,0.2611535,1,False,64,17
565.0,0.9837709,3.490118,1.4839627,1.0833334,0.9641638225255973,0.5665144471335876,100.81158877099746,29,0.3284817,1,False,64,18
595.0,0.8624979,2.3518908,1.0,1.4583334,0.9596774193548387,0.7849836490357501,87.82860998250538,29,0.22135442,0,False,64,19
313.0,0.7206189,1.6834399,0.71578145,1.1041666,0.810880829015544,0.8117346882909585,87.82860998250538,29,0.1584414,0,False,64,20
1072.0,0.9727797,2.295087,0.97584766,1.2083334,0.979890310786106,0.6563450333819526,111.02285755693926,29,0.21600819,1,False,64,21
863.0,0.9701486,2.2230108,0.9452015,1.125,0.9462719298245614,0.8653180638747342,146.49894939799054,29,0.20922455,1,False,64,22
637.0,0.79091173,2.3726451,1.0088246,1.7083334,0.9353891336270191,0.7265149715404691,101.88108007595615,29,0.22330779,0,False,64,23
555.0,0.9600445,1.8777777,0.79841197,1.0416666,0.9702797202797203,0.6218359289440687,152.70723325722096,29,0.17673202,1,False,64,24
624.0,0.94749254,2.6583867,1.1303189,1.625,0.9659442724458205,0.5945380004890229,101.88108007595615,29,0.2502011,0,False,64,25
641.0,0.9198594,3.621295,1.5397377,2.375,0.9496296296296296,0.5520298298989158,125.44793077968295,29,0.34082776,0,False,64,26
858.0,0.9789749,2.0455031,0.8697271,0.875,0.9683972911963883,0.4976737408314073,157.15845001435412,29,0.19251794,1,False,64,27
623.0,0.97250265,1.6506153,0.70182484,0.875,0.968895800933126,0.5947234980962761,157.15845001435412,29,0.15535204,1,False,64,28
610.0,0.9725802,1.2762295,0.5426398,0.625,0.9713375796178344,0.3187883675933004,476.84373454822065,29,0.12011572,0,False,64,29
835.0,0.9761204,2.0207424,0.83022314,1.16,0.9709302325581395,0.6502729442559403,103.91593784916022,19,0.19811201,0,False,65,1
673.0,0.9843605,4.418009,1.8151414,1.12,0.9614285714285714,0.8797120157898539,191.29464553874226,19,0.43313813,1,False,65,2
478.0,0.9614145,2.433975,1.0,1.36,0.9637096774193549,0.5626848965832002,103.91593784916022,19,0.23862499,1,False,65,3
884.0,0.9856896,3.0640724,1.2588758,1.16,0.9692982456140351,0.6168032511271692,221.98071626732212,19,0.30039924,1,False,65,4
697.0,0.97983754,2.0984793,0.8621614,1.16,0.973463687150838,0.38148799365364555,170.38656456512706,19,0.20573325,1,False,65,5
1011.0,0.9819635,3.9651434,1.6290815,1.44,0.9749276759884281,0.709569747925052,121.25393954304263,19,0.38873956,1,False,65,6
781.0,0.9765306,3.6497312,1.4994941,1.08,0.9264531435349941,0.8618140092846095,170.38656456512706,19,0.3578168,1,False,65,7
526.0,0.95319647,2.226616,0.9148064,1.28,0.9616087751371115,0.6721317346442255,121.25393954304263,19,0.21829568,1,False,65,8
513.0,0.968019,2.051306,0.84278023,1.12,0.9715909090909091,0.6645447609252415,175.43699064199154,19,0.20110843,0,False,65,9
1110.0,0.9783656,3.4720361,1.426488,1.44,0.9728308501314636,0.7543675176002173,203.54752449481887,19,0.3403957,1,False,65,10
497.0,0.9480506,2.4184306,0.99361354,1.48,0.970703125,0.5643813454635925,159.4961902568191,19,0.23710105,1,False,65,11
659.0,0.848984,2.2568133,0.927213,1.24,0.9634502923976608,0.6800474339009992,266.4144906819488,19,0.22125621,0,False,65,12
1043.0,0.9848328,2.9618025,1.2168583,1.2,0.9702325581395349,0.6984918617296302,159.4961902568191,19,0.2903728,1,False,65,13
598.0,0.98369646,2.3577256,0.96867293,1.0,0.9771241830065359,0.7221389027823454,170.3559959928052,19,0.23114957,1,False,65,14
592.0,0.9770343,2.493108,1.0242949,1.12,0.9720853858784894,0.6487138096924447,126.52269606190842,19,0.24442236,1,False,65,15
593.0,0.98327655,2.712985,1.1146314,1.2,0.9769357495881383,0.4308169704383913,170.3559959928052,19,0.2659789,1,True,65,16
622.0,0.97381806,1.9252733,0.79099965,1.0,0.9703588143525741,0.5639819530818928,126.52269606190842,19,0.18875228,1,False,65,17
830.0,0.98074114,2.8813977,1.183824,1.12,0.9639953542392566,0.8515962386709709,216.9030613828247,19,0.28249,1,False,65,18
204.0,0.9489387,1.6882353,0.6936124,1.08,0.966824644549763,0.8546897544766016,284.7028710037676,19,0.16551326,0,True,65,19
174.0,0.85109246,2.7149014,1.2769159,1.6071428,0.9157894736842105,0.7821704622225071,217.8406836170527,24,0.29810682,0,True,66,1
712.0,0.9724958,2.3132522,1.0880058,1.1071428,0.9544235924932976,0.8700196753671147,317.8973371239622,24,0.25400418,1,False,66,2
382.0,0.9027247,1.5882572,0.7470145,0.89285713,0.9478908188585607,0.768293543677255,379.5957332680087,24,0.17439687,0,False,66,3
787.0,0.9693537,2.0365765,0.95787525,1.0357143,0.9644607843137255,0.868920852590495,219.1009412527066,24,0.2236241,1,False,66,4
970.0,0.9796593,2.3534608,1.1069173,1.2142857,0.9642147117296223,0.8324507711933796,177.61434545076034,24,0.25841925,1,False,66,5
476.0,0.9733353,2.249775,1.0581502,1.2857143,0.9694501018329938,0.33141707867684855,177.61434545076034,24,0.24703412,0,True,66,6
746.0,0.977075,2.003064,0.94211304,1.1428572,0.9588688946015425,0.7757282644920589,79.88424532589725,24,0.21994428,1,False,66,7
424.0,0.959916,2.084653,0.9804873,1.1071428,0.9658314350797267,0.3016800448093381,219.1009412527066,24,0.22890307,1,False,66,8
364.0,0.85952526,2.186519,1.0283985,1.5714285,0.8216704288939052,0.6608011706189015,106.01112562653908,24,0.24008834,0,False,66,9
1048.0,0.9697997,2.163202,1.0174317,1.2857143,0.9676823638042474,0.5545924647331382,79.88424532589725,24,0.23752807,1,False,66,10
792.0,0.9750718,2.0209687,0.9505343,1.2142857,0.9694002447980417,0.7773050480310462,84.38647466224889,24,0.22191027,1,False,66,11
981.0,0.9801502,2.2434106,1.0551567,1.1785715,0.9627085377821394,0.787071436718041,83.5006342877623,24,0.24633527,1,False,66,12
819.0,0.97785324,2.2510467,1.0587482,1.3571428,0.9726840855106889,0.708314702935836,130.18795136434568,24,0.24717374,1,False,66,13
936.0,0.98033416,1.9854624,0.93383443,1.1428572,0.9659442724458205,0.6942047601055549,96.08755973410555,24,0.21801156,1,False,66,14
655.0,0.9696662,2.2579062,1.0619745,1.25,0.9732540861812778,0.7097748426321124,277.70535083445753,24,0.24792697,0,False,66,15
729.0,0.97804946,2.3801687,1.119479,1.4285715,0.9732977303070761,0.8051967317673516,35.67367268838375,24,0.26135185,1,False,66,16
915.0,0.96682036,2.6558156,1.2491257,1.5,0.9754797441364605,0.5733444315988862,35.67367268838375,24,0.29161897,1,False,66,17
858.0,0.981974,2.0890775,0.9825683,1.1785715,0.9662162162162162,0.6524821470335724,96.08755973410555,24,0.22938891,1,False,66,18
1008.0,0.97527593,2.0248725,0.95237046,1.25,0.9720347155255545,0.7753751652431531,172.61436109224445,24,0.22233894,1,False,66,19
1066.0,0.98124284,1.8277942,0.8596774,1.0357143,0.9735159817351599,0.6211059770877484,177.3294816839086,24,0.20069897,1,False,66,20
781.0,0.9841393,2.8270988,1.3296864,1.1785715,0.9738154613466334,0.3016740352252392,403.9450077328499,24,0.31042653,1,False,66,21
433.0,0.9360002,1.7020786,0.8005488,0.9285714,0.9622222222222222,0.8257731526224965,128.96686847804546,24,0.1868949,1,False,66,22
732.0,0.97681797,1.4275957,0.67144966,0.8214286,0.973404255319149,0.7023668352080719,71.86774071218957,24,0.15675561,1,False,66,23
217.0,0.7463345,1.5640223,0.73561597,1.2142857,0.7431506849315068,0.8292396028826398,71.86774071218957,24,0.1717358,0,False,66,24
276.0,0.96191406,3.3758454,1.0137985,1.3333334,0.9787234042553191,0.9063233125095224,107.70933355876032,48,0.19857913,0,True,67,1
264.0,0.947519,2.915909,0.8756752,1.4,0.9635036496350365,0.9239165617711456,107.70933355876032,48,0.17152406,0,True,67,2
907.0,0.9687726,3.320103,0.9970585,1.5333333,0.969017094017094,0.7520983628019441,483.71952091331775,48,0.19530018,1,False,67,3
681.0,0.9796248,3.5642684,1.0703837,1.2,0.9756446991404012,0.619285430679027,167.5143827130345,48,0.20966284,0,True,67,4
643.0,0.9834835,4.0767236,1.2242788,1.2,0.9712990936555891,0.6405661441140958,129.04352297402164,48,0.23980728,1,False,67,5
1039.0,0.9828016,5.553032,1.6676283,1.3333334,0.974671669793621,0.4885469502463995,171.20383945664582,48,0.32664895,1,False,67,6
705.0,0.98426485,4.346478,1.3052887,1.2,0.9710743801652892,0.6741918203484913,91.44771054234569,48,0.25567517,1,False,67,7
1172.0,0.9864048,7.0445395,2.1155422,1.2,0.9338645418326693,0.6772322983131974,42.49220398036954,48,0.41438466,0,False,67,8
431.0,0.93114895,3.2566125,0.9779917,1.4,0.9663677130044843,0.6337368553102652,42.49220398036954,48,0.19156545,1,False,67,9
601.0,0.9697672,3.4171937,1.0262158,1.2666667,0.9693548387096774,0.5449384401130798,91.44771054234569,48,0.20101139,1,False,67,10
694.0,0.97273785,2.8894334,0.8677243,1.1333333,0.9665738161559888,0.7378173309904242,82.83283180364697,48,0.16996667,1,False,67,11
828.0,0.97805506,2.908615,0.8734848,1.1333333,0.9695550351288056,0.7027439239691263,234.6335522810722,48,0.17109501,1,False,67,12
631.0,0.9832793,4.872372,1.4632196,1.2,0.958966565349544,0.6013722597399814,75.24626672041717,48,0.28661013,1,False,67,13
528.0,0.9310571,2.2935605,0.68877804,1.1333333,0.9513513513513514,0.5675275262171056,94.95030018361484,48,0.13491532,0,False,67,14
543.0,0.9714306,2.652302,0.79651153,1.0666667,0.9593639575971732,0.5781181419663041,64.97186207173579,48,0.15601777,1,False,67,15
651.0,0.97822237,4.2706604,1.2825199,1.2666667,0.9804216867469879,0.6038851968407513,51.84913116389472,48,0.2512153,1,False,67,16
268.0,0.8527941,2.510199,0.75383663,1.4,0.9209621993127147,0.7356456732492583,82.83283180364697,48,0.14765877,0,False,67,17
548.0,0.9640757,2.642944,0.79370123,1.2,0.9597197898423818,0.7343280224790374,76.8166130907932,48,0.1554673,0,False,67,18
802.0,0.9819555,4.640815,1.3936808,1.2666667,0.9685990338164251,0.6868860681076269,51.84913116389472,48,0.2729891,1,False,67,19
544.0,0.9749289,5.804657,1.7431937,1.4,0.9645390070921985,0.6227458244289669,34.3177328316962,48,0.34145042,1,False,67,20
588.0,0.9869684,6.8571424,2.0592651,1.4666667,0.9735099337748344,0.5883904487739003,33.36705785950955,48,0.40336132,1,False,67,21
594.0,0.9786052,3.2828283,0.9858646,1.0666667,0.9674267100977199,0.7151768272858178,87.60181486223341,48,0.19310755,1,False,67,22
424.0,0.9596546,2.9841194,0.8961594,1.4,0.9724770642201835,0.7503383964515106,26.80688348831279,48,0.17553644,1,False,67,23
559.0,0.978727,4.5846157,1.3768036,1.2666667,0.9688041594454073,0.6148087409400772,34.3177328316962,48,0.26968327,1,False,67,24
775.0,0.97577304,5.4145374,1.6260371,1.5333333,0.96875,0.7521244116867611,33.36705785950955,48,0.31850222,1,False,67,25
202.0,0.79310894,3.028713,0.9095513,1.5333333,0.808,0.7789508342551461,26.80688348831279,48,0.17815958,0,False,67,26
447.0,0.9674501,2.7212527,0.81721807,1.1333333,0.9675324675324676,0.5950823656871445,36.430347209821015,48,0.16007368,1,False,67,27
393.0,0.96033615,3.9043257,1.1725061,1.3333334,0.9656019656019657,0.5151028277337323,35.890144621009625,48,0.22966622,1,False,67,28
796.0,0.9834776,4.387521,1.3176142,1.0,0.9742962056303549,0.6657715820930779,116.16724068636121,48,0.25808945,1,False,67,29
400.0,0.82075197,2.7863333,0.83676237,1.3333334,0.9280742459396751,0.8612604774963172,52.13251701488207,48,0.16390195,0,False,67,30
447.0,0.9506246,2.3227441,0.69754213,1.0666667,0.945031712473573,0.818034762387968,55.35558230250164,48,0.13663201,0,False,67,31
550.0,0.9819886,4.530061,1.3604203,1.0,0.9717314487632509,0.6068729125727318,70.7580021225615,48,0.26647416,1,False,67,32
474.0,0.97291994,3.1151898,0.9355211,1.0,0.9575757575757575,0.776988073328205,35.890144621009625,48,0.18324646,1,False,67,33
579.0,0.9486782,2.6143925,0.7851269,1.1333333,0.973109243697479,0.6508809737238095,55.35558230250164,48,0.1537878,1,False,67,34
369.0,0.96228456,3.0619693,0.9195385,1.1333333,0.9559585492227979,0.5927313867735382,38.8177605132395,48,0.18011583,1,False,67,35
827.0,0.9871134,4.5507455,1.3666321,1.0666667,0.9706572769953051,0.5943576742284501,43.580063686928945,48,0.26769093,1,False,67,36
452.0,0.9591821,3.4235988,1.0281392,1.4666667,0.9741379310344828,0.5991131599152345,38.8177605132395,48,0.20138817,1,False,67,37
1096.0,0.9742111,3.0910583,0.9282742,1.0666667,0.8852988691437803,0.8644847167851785,46.44520647125848,48,0.18182696,0,False,67,38
573.0,0.9827278,6.3189063,1.8976277,1.2666667,0.9630252100840336,0.5355352379900945,56.79526077900003,48,0.37170038,1,False,67,39
621.0,0.97248644,2.8141706,0.8451222,0.93333334,0.971830985915493,0.7360621637207182,46.44520647125848,48,0.16553944,1,False,67,40
446.0,0.96305156,3.3721972,1.0127028,1.2,0.9632829373650108,0.5896712138812314,76.77060464061644,48,0.19836454,1,False,67,41
617.0,0.9730171,2.8287413,0.8494979,1.0,0.973186119873817,0.5732905938477829,64.1385862227766,48,0.16639654,1,False,67,42
450.0,0.9711632,2.7602963,0.82894325,1.0,0.9656652360515021,0.7110230796022816,83.23106169647372,48,0.16237037,1,False,67,43
711.0,0.9649646,3.1989684,0.96068066,1.3333334,0.9726402188782489,0.6676592658543301,64.1385862227766,48,0.18817462,1,False,67,44
821.0,0.98133886,4.2000813,1.2613244,1.0,0.9681603773584906,0.5506830505270204,99.24360150336604,48,0.24706359,1,False,67,45
734.0,0.97708803,3.682289,1.1058264,1.0,0.9670619235836627,0.5853454896888134,99.24360150336604,48,0.21660523,1,False,67,46
608.0,0.97854376,3.3396928,1.0029415,0.8,0.9696969696969697,0.8065730803103743,146.46219789070543,48,0.19645253,1,False,67,47
454.0,0.9732435,2.7484581,0.82538813,0.8,0.9742489270386266,0.8799923304490248,146.46219789070543,48,0.16167401,0,True,67,48
620.0,0.95013624,1.473153,1.0,1.0,0.9567901234567902,0.4989403499891035,2000.0,1,0.17908919,1,False,69,1
321.0,0.97838026,2.712557,1.1875386,1.2307693,0.9553571428571429,0.9610932015952198,289.41944981513234,13,0.27657443,0,True,70,1
671.0,0.9778163,2.4324775,1.0649217,1.1923077,0.9517730496453901,0.8342262432559682,353.0817960621374,13,0.2480173,1,False,70,2
883.0,0.98307437,2.6753201,1.1712366,1.3076923,0.9713971397139713,0.37496066885198676,65.11517147206173,13,0.27277777,1,False,70,3
553.0,0.9578233,2.2841842,1.0,1.2692307,0.9485420240137221,0.8543902672060525,65.11517147206173,13,0.23289722,1,False,70,4
751.0,0.9753525,1.8404691,0.8057446,1.1153846,0.9591315453384419,0.7181211844515706,220.56375912214122,13,0.18765567,1,False,70,5
763.0,0.9736123,1.897772,0.8308314,1.1923077,0.9621689785624212,0.6308661742373097,118.37270644808217,13,0.19349831,1,False,70,6
652.0,0.97176284,2.0458944,0.89567834,1.1923077,0.9630723781388478,0.7432922815774579,187.8798832588742,13,0.20860098,1,False,70,7
373.0,0.93877894,2.0389771,0.89265007,1.1538461,0.9713541666666666,0.6426494466678841,133.36019502244227,13,0.20789571,1,False,70,8
794.0,0.98253995,2.8390334,1.2429091,1.1538461,0.9682926829268292,0.698230796320885,133.36019502244227,13,0.28947005,1,False,70,9
461.0,0.9795557,2.2601368,0.9894722,1.0769231,0.9604166666666667,0.6147563653174392,462.5165967421601,13,0.23044533,0,True,70,10
1059.0,0.9883536,3.990412,1.7469747,1.6153846,0.9769372693726938,0.5481520989639054,371.64752981853246,13,0.40686554,1,False,70,11
934.0,0.9851059,2.591624,1.134595,1.1538461,0.9708939708939709,0.611114466110924,239.99653395971703,13,0.26424402,1,False,70,12
321.0,0.9528284,1.5422957,0.67520636,0.84615386,0.9786585365853658,0.8272670336737676,501.91154081487565,13,0.15725368,0,True,70,13
559.0,0.9068588,1.5309948,1.1009367,1.173913,0.9458544839255499,0.8130272856492273,149.57730778653746,6,0.27617943,1,False,71,1
732.0,0.9691129,1.3432525,0.9659314,1.0869565,0.9747003994673769,0.7845361373555066,149.57730778653746,6,0.24231222,1,False,71,2
747.0,0.96711785,1.3965428,1.0042524,1.1304348,0.9651162790697675,0.738940847186304,482.41104808762657,6,0.25192535,1,False,71,3
498.0,0.9513052,1.3888161,0.99869615,0.9130435,0.9120879120879121,0.8567728279063612,488.9509664145307,6,0.25053155,0,False,71,4
510.0,0.97155523,1.2445866,0.89498085,0.9130435,0.9659090909090909,0.8186217901346732,603.3046278817303,6,0.22451365,1,False,71,5
783.0,0.9785412,1.3924426,1.0013039,0.95652175,0.9630996309963099,0.8299205744671101,482.41104808762657,6,0.25118572,1,False,71,6
737.0,0.9772409,1.7109274,1.024563,1.1162791,0.9722955145118733,0.5857451927627861,62.90152544949668,14,0.2885093,1,False,72,1
558.0,0.9774708,1.7419772,1.0431566,1.1162791,0.9637305699481865,0.373887224245068,62.90152544949668,14,0.2937452,1,False,72,2
793.0,0.97740054,1.8536907,1.1100546,1.0930233,0.9730061349693252,0.8026010976250091,157.51671764555275,14,0.31258315,1,False,72,3
412.0,0.8922178,1.4365544,0.8602589,1.0465117,0.8841201716738197,0.8401429547112458,340.0478715167857,14,0.24224252,0,False,72,4
638.0,0.9816428,1.9007801,1.1382533,1.0930233,0.9681335356600911,0.4335763897295737,157.51671764555275,14,0.3205237,1,False,72,5
345.0,0.95767665,1.6679474,0.9988251,1.0930233,0.9610027855153204,0.8514316036570846,124.37237438255939,14,0.28126174,0,True,72,6
676.0,0.96371263,1.4863768,0.8900942,1.0930233,0.9615931721194879,0.6709951799291403,143.06128641745138,14,0.2506439,0,False,72,7
556.0,0.9690012,1.5749122,0.9431123,1.1395348,0.9652777777777778,0.6582927078097569,124.37237438255939,14,0.2655734,0,False,72,8
1036.0,0.97617227,1.6333842,0.9781274,1.0697675,0.9736842105263158,0.5457410591885545,107.30820723127322,14,0.27543342,0,False,72,9
783.0,0.9792272,1.7314147,1.0368315,1.1627907,0.9654747225647349,0.5218689061016853,302.86170772049667,14,0.29196402,1,False,72,10
649.0,0.9695249,1.5980577,0.95697266,1.0930233,0.9672131147540983,0.6865493028736781,107.30820723127322,14,0.2694764,1,False,72,11
947.0,0.9755937,1.7267013,1.0340089,1.0930233,0.9793174767321613,0.3808613622871453,223.5165789127734,14,0.29116923,0,True,72,12
767.0,0.97531027,1.6718717,1.001175,1.1395348,0.9721166032953105,0.6797372452296881,172.6526087511132,14,0.28192344,0,False,72,13
1039.0,0.9737846,1.6027262,0.9597683,1.0232558,0.9728464419475655,0.6376408471919294,172.6526087511132,14,0.27026364,0,False,72,14
892.0,0.97924256,1.6982945,0.97505814,1.3030303,0.971677559912854,0.6151590895140582,545.1362338085648,8,0.2197793,0,False,73,1
989.0,0.9821691,1.8815454,1.0802698,1.0909091,0.9629990262901655,0.626676199503747,342.9488379980568,8,0.24349412,1,False,73,2
889.0,0.9801117,1.9692198,1.1306071,1.0909091,0.9715846994535519,0.7709514479799549,342.9488379980568,8,0.2548402,1,False,73,3
634.0,0.97612274,1.5794857,0.9068453,0.93939394,0.9783950617283951,0.7381110825117074,160.59241004572993,8,0.20440403,1,False,73,4
962.0,0.984474,2.3297107,1.3375793,1.1818181,0.9678068410462777,0.5790818137294382,474.1035416669145,8,0.30149198,1,False,73,5
853.0,0.9839611,1.7851789,1.0249419,1.030303,0.9704209328782708,0.7314148860769493,160.59241004572993,8,0.23102315,1,False,73,6
763.0,0.9773714,1.3937408,0.8002018,0.8787879,0.9658227848101266,0.6346737706174006,414.16203578811667,8,0.18036646,1,False,73,7
818.0,0.97722447,1.5035193,0.86323,1.0,0.9612220916568742,0.7250587188021121,460.11342383768095,8,0.19457309,1,False,73,8
926.0,0.981323,2.4072354,1.3733965,1.125,0.9726890756302521,0.45287599997737893,427.2128291179866,9,0.37760556,1,False,74,1
163.0,0.96272886,1.7527606,1.0,1.075,0.9532163742690059,0.8820419212863967,144.8387981972323,9,0.27494285,0,True,74,2
835.0,0.9664571,1.6047904,0.9155788,1.1,0.9731934731934732,0.7179409042791633,144.8387981972323,9,0.25173184,1,False,74,3
610.0,0.9824747,2.267746,1.2938138,1.0,0.9728867623604466,0.5220216626303577,240.6462200682445,9,0.35572487,1,False,74,4
592.0,0.977017,1.8965794,1.0820527,1.125,0.965742251223491,0.7502059910250143,240.6462200682445,9,0.29750264,1,False,74,5
1033.0,0.9871719,2.9611325,1.6894107,1.125,0.9708646616541353,0.33567672698188566,205.463297672136,9,0.4644914,1,False,74,6
657.0,0.9784034,1.6485159,0.9405254,1.0,0.96759941089838,0.7653305744475598,205.463297672136,9,0.25859073,1,False,74,7
707.0,0.9793209,1.4422207,0.8228281,0.9,0.9632152588555858,0.556794816537201,412.84906496305126,9,0.2262307,1,False,74,8
861.0,0.9805612,1.3003775,0.7419025,0.75,0.9695945945945946,0.7696731156719616,231.8903878779042,9,0.20398077,1,False,74,9
517.0,0.97218966,1.8756931,1.2235749,1.3,0.962756052141527,0.8006600368226137,227.5495519921154,9,0.22066978,1,False,75,1
524.0,0.9626306,1.7899492,1.1676413,1.2333333,0.9650092081031307,0.7095856346847811,227.5495519921154,9,0.21058226,1,False,75,2
479.0,0.9596745,1.8144051,1.1835947,1.1666666,0.9618473895582329,0.7631756378122013,252.31159774711142,9,0.21345942,1,False,75,3
665.0,0.97928,1.5309775,0.99870574,0.9,0.9665697674418605,0.7264274812448472,213.4616773459935,9,0.180115,1,False,75,4
379.0,0.8790995,1.4722955,0.9604256,1.0,0.9358024691358025,0.8068082469370574,213.4616773459935,9,0.17321123,1,False,75,5
269.0,0.82818127,1.5329615,1.0,1.1,0.8302469135802469,0.722560564886113,228.21018413151768,9,0.18034841,0,False,75,6
585.0,0.9792059,1.4055841,0.9169076,0.9,0.9733777038269551,0.6317382251994114,126.26092000527694,9,0.16536283,1,False,75,7
451.0,0.9747945,1.5002956,0.97869104,0.8666667,0.9740820734341252,0.5908072339858237,126.26092000527694,9,0.17650537,1,False,75,8
710.0,0.98169565,2.0313146,1.3250917,0.9,0.9752747252747253,0.8152209345431233,497.8550413164924,9,0.23897819,1,True,75,9
861.0,0.9728978,2.2049494,1.0826371,1.2692307,0.968503937007874,0.7806986463367221,199.61408084462465,12,0.22481838,0,False,76,1
1209.0,0.9803452,2.1251829,1.0434715,1.2692307,0.9710843373493976,0.6125978557027605,199.61408084462465,12,0.21668532,1,False,76,2
859.0,0.9694111,2.153085,1.0571715,1.3846154,0.9662542182227222,0.7916884989948337,275.75210072269175,12,0.21953024,1,False,76,3
1318.0,0.9799616,2.548617,1.2513789,1.2692307,0.9755736491487786,0.5033205943216631,265.00669676662915,12,0.25985897,1,False,76,4
908.0,0.9804214,1.9481108,0.95652854,1.0769231,0.9732047159699893,0.635808908148672,56.74007204702083,12,0.19863091,1,False,76,5
1021.0,0.9766878,1.8792661,0.92272556,1.0769231,0.9677725118483412,0.6928625293215473,56.74007204702083,12,0.19161145,1,False,76,6
999.0,0.98304164,2.2897127,1.1242561,1.1538461,0.9746341463414634,0.624346731475298,112.52236006852141,12,0.2334609,1,False,76,7
1122.0,0.9822626,2.1256342,1.0436931,1.1923077,0.9697493517718236,0.5568642573150335,112.52236006852141,12,0.21673132,1,False,76,8
900.0,0.9694336,1.5681623,0.7699726,0.96153843,0.9698275862068966,0.4867805818488207,454.87712348608795,12,0.15989105,1,False,76,9
880.0,0.9832725,1.7995192,0.8835696,1.0384616,0.975609756097561,0.674413989467979,410.0031657471964,12,0.18348038,1,False,76,10
675.0,0.9667014,1.7510542,0.8597731,0.96153843,0.9656652360515021,0.8851337336452371,186.15872560348427,12,0.17853886,0,False,76,11
191.0,0.761683,1.3542086,0.6649207,1.0,0.880184331797235,0.8589663967023091,186.15872560348427,12,0.13807617,0,False,76,12
344.0,0.71216106,2.0661628,1.0479743,1.48,0.7413793103448276,0.7890334976806176,500.68720693892504,8,0.20256497,0,False,77,1
748.0,0.9821203,1.9542246,0.99119836,1.08,0.9726918075422627,0.22719940997803803,413.6753086197863,8,0.19159064,1,False,77,2
974.0,0.9812533,1.8823409,0.95473844,1.12,0.9759519038076152,0.43333449539250907,405.11987533609414,8,0.18454322,1,False,77,3
1110.0,0.98722637,2.2865226,1.1597426,1.04,0.974539069359087,0.725612231868478,173.630899583784,8,0.22416888,1,False,77,4
1191.0,0.9728633,2.2237785,1.1279182,1.32,0.9754299754299754,0.7331299859540911,173.630899583784,8,0.21801749,1,False,77,5
470.0,0.9635784,1.4530213,0.7369841,0.68,0.9611451942740287,0.6909521884063882,601.945110301394,8,0.14245306,0,False,77,6
767.0,0.9807457,1.5494133,0.78587484,0.84,0.9623588456712673,0.8021388550654702,271.49151005403945,8,0.15190327,1,False,77,7
636.0,0.9454246,1.9889308,1.0088017,1.2,0.9636363636363636,0.7993846893526012,247.14610507911092,8,0.19499321,0,False,77,8
1047.0,0.9778133,1.6779109,1.0140705,1.1136364,0.9561643835616438,0.62392993572767,108.54231211846363,6,0.28952187,1,False,78,1
793.0,0.9763002,1.6313481,0.98592955,1.1590909,0.9682539682539683,0.6129012504527458,108.54231211846363,6,0.28148752,1,False,78,2
867.0,0.9848661,2.1956854,1.3269953,1.1590909,0.9708846584546472,0.553852174980224,359.0576617522154,6,0.37886333,1,False,78,3
903.0,0.9850682,1.8529145,1.1198364,1.0,0.9647435897435898,0.8155601304877865,554.7541310928254,6,0.31971857,1,False,78,4
516.0,0.9644529,1.3377379,0.8084819,0.9318182,0.9717514124293786,0.744116621470274,334.04304210238854,6,0.23082535,1,False,78,5
899.0,0.98081475,1.528011,0.9234762,0.84090906,0.9604700854700855,0.8221716759128465,334.04304210238854,6,0.2636568,1,False,78,6
812.0,0.9768505,1.8795155,0.9352625,1.1333333,0.973621103117506,0.46983703564471,249.82758523969378,25,0.22111948,1,False,79,1
706.0,0.97957104,1.9245987,0.95769626,1.2,0.9684499314128944,0.5404527561456949,130.2311468577097,25,0.22642338,1,False,79,2
486.0,0.950988,1.7902606,0.8908485,1.1,0.9642857142857143,0.47957214039975204,186.91982764956157,25,0.21061888,0,False,79,3
855.0,0.97591317,2.156959,1.0733207,1.2,0.9749144811858609,0.458511036777888,207.60480494246815,25,0.2537599,1,False,79,4
843.0,0.98315746,1.8520364,0.92158866,1.0666667,0.9711981566820277,0.7433552827490686,130.2311468577097,25,0.21788664,1,False,79,5
763.0,0.9777055,1.6551331,0.823608,0.96666664,0.9549436795994993,0.7206694797284703,186.91982764956157,25,0.19472155,1,False,79,6
877.0,0.97929734,2.182706,1.0861326,1.1833333,0.9701327433628318,0.7636172688686426,124.43940018765568,25,0.25678897,1,False,79,7
558.0,0.9548191,1.8038232,0.89759743,1.1666666,0.9587628865979382,0.7387084894030566,173.7784334292436,25,0.2122145,1,False,79,8
755.0,0.9731051,1.7909051,0.89116925,1.1333333,0.9667093469910372,0.4499224487368586,115.50279210657355,25,0.21069472,1,False,79,9
932.0,0.9843876,2.0278971,1.0090984,1.1,0.9728601252609603,0.5143224057747967,115.50279210657355,25,0.23857611,1,False,79,10
878.0,0.98573476,2.259871,1.1245306,1.2,0.9712389380530974,0.6492977171310973,157.92487917986085,25,0.26586717,1,False,79,11
989.0,0.97627515,2.4146276,1.2015387,1.3,0.9782393669634025,0.4756432455491454,35.5536428284139,25,0.28407383,1,False,79,12
742.0,0.9909095,3.1836028,1.5841872,1.0666667,0.9763157894736842,0.4392805484414364,259.7555105118473,25,0.37454152,1,False,79,13
860.0,0.9677973,1.9883333,0.9894112,1.2,0.9641255605381166,0.6925728673779987,35.5536428284139,25,0.23392157,1,False,79,14
883.0,0.9860411,2.702114,1.3445944,1.2,0.9756906077348066,0.6972701117767188,78.18718087630906,25,0.31789577,1,False,79,15
850.0,0.9816142,2.8287451,1.4076071,1.2666667,0.9758897818599311,0.7059466347800318,181.5013742214809,25,0.33279353,1,False,79,16
543.0,0.967099,1.996992,0.99371976,1.1666666,0.9661921708185054,0.8122232577003641,78.18718087630906,25,0.23494023,1,False,79,17
1106.0,0.9782344,2.331766,1.1603061,1.2666667,0.9727352682497801,0.6527402682924343,112.94961855748556,25,0.2743254,1,False,79,18
427.0,0.85666144,1.2282592,0.611192,0.9,0.7362068965517241,0.7469795880035902,259.7555105118473,25,0.14450108,0,False,79,19
510.0,0.9562883,1.6420262,0.81708586,1.0333333,0.967741935483871,0.40554092049293045,153.18295515431805,25,0.19317955,1,False,79,20
807.0,0.97947645,2.165221,1.0774319,1.1333333,0.9758162031438936,0.6414075033918614,153.18295515431805,25,0.25473186,1,False,79,21
669.0,0.9824109,2.1734927,1.081548,1.0666667,0.9766423357664233,0.7688477804427832,155.47166470432438,25,0.25570503,1,False,79,22
749.0,0.97798955,2.0096128,1.0,1.1,0.9689521345407504,0.7554672583133902,155.47166470432438,25,0.23642503,1,False,79,23
192.0,0.76947784,1.6402777,0.8162158,1.1666666,0.9014084507042254,0.8389065638386793,70.77842630855984,25,0.19297385,0,False,79,24
669.0,0.9893162,2.6025412,1.2950461,1.0,0.9795021961932651,0.854741583669003,70.77842630855984,25,0.3061813,0,True,79,25
695.0,0.9487382,1.6391532,1.0585364,1.1730769,0.9507523939808481,0.766212044395785,385.17768804578094,9,0.3342587,0,False,80,1
691.0,0.9763781,1.3659413,0.8821009,0.9807692,0.9732394366197183,0.5957039475916783,325.7775508001107,9,0.27854487,1,False,80,2
1064.0,0.98435664,2.0689886,1.3361164,1.1153846,0.9681528662420382,0.3829528879237644,216.8310279123747,9,0.4219114,1,False,80,3
1001.0,0.98294723,1.5485091,1.0,0.96153843,0.9765853658536585,0.6508854964244128,325.7775508001107,9,0.3157744,1,False,80,4
1181.0,0.9871525,2.3122678,1.4932219,1.0192307,0.9792703150912107,0.7804540118591227,110.37124106521516,9,0.4715213,1,False,80,5
1007.0,0.9822856,1.4424413,0.9315033,0.9230769,0.972007722007722,0.4342406980201985,110.37124106521516,9,0.2941449,1,False,80,6
935.0,0.9725763,1.3008021,0.84003514,0.90384614,0.9709241952232607,0.6484283948020344,113.41093442176174,9,0.2652616,1,False,80,7
546.0,0.95582485,1.2931812,0.8351137,0.90384614,0.9562171628721541,0.6709812287121981,51.64063229241725,9,0.26370755,1,False,80,8
613.0,0.8709504,1.5597628,1.0072675,1.0576923,0.9608150470219435,0.8414294771541686,51.64063229241725,9,0.31806928,0,False,80,9
930.0,0.9802771,1.5994749,0.90824,1.1627907,0.9647302904564315,0.7183881585896288,115.52389794669686,17,0.26971537,1,False,81,1
285.0,0.790392,1.6518972,0.9380073,1.1395348,0.9661016949152542,0.8338152382180535,151.8779757571389,17,0.2785552,1,False,81,2
540.0,0.96257323,1.5139534,0.85967785,1.0465117,0.9800362976406534,0.8114651682363858,240.96178722125646,17,0.2552941,0,False,81,3
793.0,0.9872573,2.4950292,1.4167683,1.2093023,0.97539975399754,0.656712726049125,282.493172818229,17,0.4207304,1,False,81,4
755.0,0.97776604,1.6987834,0.96463096,1.1395348,0.9716859716859717,0.7278592791271026,92.63911405372649,17,0.2864615,1,False,81,5
744.0,0.9880896,2.7271504,1.5485752,1.1627907,0.9763779527559056,0.7514325098601203,92.63911405372649,17,0.45987242,1,False,81,6
808.0,0.97826606,2.0308542,1.1531929,1.1162791,0.9805825242718447,0.3299672168052019,101.12144138855012,17,0.3424578,1,False,81,7
613.0,0.9156269,1.6650859,0.9454963,1.1860465,0.9358778625954198,0.8013746078188483,154.33921866202067,17,0.28077918,1,False,81,8
567.0,0.9585753,1.6457077,0.9344927,1.1627907,0.9577702702702703,0.6069150705524501,101.12144138855012,17,0.2775115,1,False,81,9
591.0,0.96292204,2.0249872,1.1498613,1.255814,0.967266775777414,0.6449026532943689,37.573973558508136,17,0.34146842,1,False,81,10
755.0,0.98308027,1.8939165,1.0754347,1.0697675,0.9654731457800512,0.7487461250030676,154.33921866202067,17,0.3193663,1,False,81,11
625.0,0.9795008,2.1621954,1.2277732,1.1627907,0.9720062208398134,0.5909055092091855,37.573973558508136,17,0.36460552,1,False,81,12
703.0,0.96931607,1.9956995,1.1332308,1.1860465,0.963013698630137,0.6596644295100689,49.83841025902028,17,0.33652973,1,False,81,13
911.0,0.9784888,2.0651724,1.17268,1.0930233,0.9701810436634718,0.3361254694439968,149.06382393766884,17,0.34824476,1,False,81,14
608.0,0.9539506,1.5055462,0.8549039,1.0232558,0.9650793650793651,0.7985801949207946,122.65256042830333,17,0.25387642,1,False,81,15
814.0,0.9770394,1.7610707,1.0,1.0,0.9736842105263158,0.5418354999075897,122.65256042830333,17,0.29696488,1,False,81,16
491.0,0.96989167,1.2899636,0.7324882,0.7906977,0.9608610567514677,0.7037201581311262,265.054109541411,17,0.21752326,1,False,81,17
406.0,0.97699785,1.9747338,1.0120935,1.0967742,0.9712918660287081,0.6954266734901345,481.00364393361224,15,0.24006568,1,False,82,1
494.0,0.76453084,2.2129424,1.1341805,1.6451613,0.6543046357615894,0.7349680260315499,352.8772030537019,15,0.26902437,0,False,82,2
825.0,0.9740217,2.2980645,1.1778075,1.1774193,0.953757225433526,0.9211828159108311,207.64337308820654,15,0.27937254,1,False,82,3
656.0,0.9742417,1.8979642,0.9727475,1.1290323,0.9704142011834319,0.7487998822174887,82.69112837182429,15,0.2307329,1,False,82,4
605.0,0.97957045,1.7267928,0.88501847,1.032258,0.9649122807017544,0.8019615504133012,82.69112837182429,15,0.20992383,1,False,82,5
467.0,0.9381775,1.4207364,0.72815794,0.83870965,0.9511201629327902,0.8518268274072358,181.39329579020756,15,0.17271698,1,False,82,6
792.0,0.977753,1.982201,1.0159206,1.1290323,0.9682151589242054,0.8173566956773474,47.70962994102453,15,0.24097346,1,False,82,7
766.0,0.9773784,1.926177,0.9872071,1.1612903,0.9659520807061791,0.7229632155215576,47.70962994102453,15,0.23416269,1,False,82,8
577.0,0.9470143,1.9511377,1.0,1.2580645,0.9505766062602965,0.8612578586130599,36.32705359135832,15,0.23719713,1,False,82,9
754.0,0.9840221,3.662317,1.8770162,1.2258065,0.9666666666666667,0.8793102338549041,36.32705359135832,15,0.44522285,1,False,82,10
631.0,0.9562002,1.8317571,0.9388149,1.1290323,0.9575113808801214,0.8046084748781104,137.11336264438458,15,0.22268419,1,False,82,11
406.0,0.9182622,1.30232,0.667467,0.83870965,0.9508196721311475,0.8056121144349703,181.39329579020756,15,0.15832126,1,False,82,12
609.0,0.9801384,2.8103182,1.4403485,1.2580645,0.96513470681458,0.662041082495957,33.87867052043675,15,0.34164652,1,False,82,13
827.0,0.97721905,3.0412683,1.5587155,1.3225807,0.9672514619883041,0.8130817322062265,33.87867052043675,15,0.3697228,1,False,82,14
391.0,0.9606228,1.2498969,0.640599,0.61290324,0.9606879606879607,0.7196046726709271,330.91496036506317,15,0.15194824,1,False,82,15
795.0,0.9790948,2.2300563,0.8443151,1.0526316,0.9659781287970839,0.7813635796565414,76.96512066197046,23,0.16616106,1,False,83,1
761.0,0.9737964,2.2692442,0.85915196,1.1052631,0.9756410256410256,0.3847084432839608,76.96512066197046,23,0.16908094,0,False,83,2
693.0,0.972645,2.8042076,1.0616928,1.1578947,0.9625,0.8180705157778679,177.43410271252873,23,0.20894095,1,False,83,3
810.0,0.97199434,2.6412606,1.0,1.3157895,0.9551886792452831,0.7584865054240943,272.45381225138743,23,0.19679981,0,False,83,4
730.0,0.9774882,2.200072,0.8329629,1.1578947,0.9656084656084656,0.6325367031675005,276.7087229796405,23,0.16392693,1,False,83,5
651.0,0.9804785,3.2321124,1.2237006,1.1578947,0.9615952732644018,0.7299873808379241,49.427289544893846,23,0.24082407,1,False,83,6
648.0,0.97791433,2.452729,0.9286206,1.1578947,0.9715142428785607,0.8073654928323867,125.77415903052064,23,0.18275236,1,False,83,7
717.0,0.9763834,3.073552,1.1636685,1.1578947,0.9663072776280324,0.8103617939565065,49.427289544893846,23,0.22900976,1,False,83,8
757.0,0.9849407,3.6106515,1.3670182,1.1052631,0.969270166453265,0.8050618231047794,159.62469549078818,23,0.26902893,1,False,83,9
471.0,0.9683975,3.4231756,1.2960385,1.3157895,0.9731404958677686,0.8074214704630304,105.4814489566208,23,0.25506014,0,False,83,10
820.0,0.9724824,2.7102695,1.0261272,1.2631578,0.9647058823529412,0.6477569771285857,99.30273488462153,23,0.20194165,1,False,83,11
701.0,0.98010796,2.6414144,1.0000582,1.1578947,0.9668965517241379,0.7973255901583678,105.4814489566208,23,0.19681127,1,False,83,12
669.0,0.97536623,2.572575,0.97399515,1.0,0.9709724238026125,0.7884312711305251,99.30273488462153,23,0.19168206,1,False,83,13
643.0,0.9762458,2.2810018,0.8636035,1.0526316,0.9640179910044977,0.45523593306098975,159.39146108348658,23,0.169957,1,False,83,14
784.0,0.98223567,2.791152,1.0567499,1.0526316,0.9655172413793104,0.7568860824457091,57.62131924747827,23,0.20796819,1,False,83,15
790.0,0.9812259,3.418721,1.294352,1.0526316,0.966952264381885,0.5577364311705605,45.675482391181156,23,0.25472823,1,False,83,16
413.0,0.9362657,2.185931,0.82760894,1.2631578,0.9516129032258065,0.4704101112942584,57.62131924747827,23,0.16287328,0,False,83,17
720.0,0.9847778,2.695541,1.0205508,1.0,0.9769335142469471,0.5255714417000686,45.675482391181156,23,0.20084423,1,False,83,18
650.0,0.96592474,1.9734412,0.7471588,0.8947368,0.9629629629629629,0.8492125905471987,143.99236514285488,23,0.14704072,0,False,83,19
1174.0,0.982436,2.7728415,1.0498174,1.1052631,0.9710504549214226,0.7383878679773314,129.3937442187456,23,0.20660387,1,False,83,20
595.0,0.9787101,2.4047768,0.91046554,0.8947368,0.9627831715210357,0.4004509121927323,172.32239642498544,23,0.17917944,1,False,83,21
695.0,0.98052216,2.2267323,0.8430566,0.84210527,0.9788732394366197,0.7999726164694074,172.32239642498544,23,0.16591339,1,False,83,22
308.0,0.95561713,2.2231717,0.8417086,1.0526316,0.9625,0.593097189763161,314.2071314204022,23,0.16564809,0,True,83,23
689.0,0.9794936,1.8915498,1.1784973,1.1944444,0.9609483960948396,0.7961665927524149,1081.855009730538,3,0.26704234,1,False,84,1
1137.0,0.97691166,1.6050524,1.0,0.9444444,0.974293059125964,0.560955981950596,462.71546139396077,3,0.22659563,1,False,84,2
918.0,0.973586,1.4881386,0.9271589,1.0277778,0.9765957446808511,0.5607759472856573,462.71546139396077,3,0.21009015,1,False,84,3
636.0,0.96833235,1.9752529,1.0,1.1304348,0.9680365296803652,0.6139362740078648,2000.0,1,0.17816007,1,False,85,1
410.0,0.96077436,2.4928453,1.0,1.0666667,0.9624413145539906,0.40184385825840374,316.46629824470443,5,0.14663796,1,False,86,1
382.0,0.9675037,3.2497382,1.3036261,1.2666667,0.9597989949748744,0.6412878912764165,981.0524435836953,5,0.19116108,1,False,86,2
458.0,0.9643107,2.3909752,0.959135,1.2,0.9682875264270613,0.610310905229725,278.03750359831315,5,0.1406456,1,False,86,3
539.0,0.9629459,2.295238,0.92073023,1.2,0.9694244604316546,0.5490045629278041,278.03750359831315,5,0.135014,1,False,86,4
464.0,0.97169757,2.6817527,1.0757798,1.1333333,0.9727463312368972,0.554039646604931,453.85034845811276,5,0.15775016,1,False,86,5
694.0,0.9811695,1.8660767,1.0183653,1.0857143,0.9679218967921897,0.8200760027938148,98.12998544919706,6,0.25612816,1,False,87,1
737.0,0.9807066,1.8291918,0.99823624,1.1714286,0.9646596858638743,0.6832160998045187,98.12998544919706,6,0.25106555,1,False,87,2
734.0,0.9771173,1.8356558,1.0017638,1.1142857,0.9569752281616688,0.7877907042157649,253.49892539848466,6,0.25195277,1,False,87,3
716.0,0.9749449,1.4877095,0.8118807,0.94285715,0.9701897018970189,0.5620617182557024,253.49892539848466,6,0.20419542,1,False,87,4
777.0,0.98090863,2.167347,1.182776,1.0285715,0.9664179104477612,0.7422600681083409,496.449304676795,6,0.29747897,1,False,87,5
510.0,0.9729061,1.4263306,0.7783846,0.9142857,0.9622641509433962,0.6206347473437178,384.17439541614806,6,0.19577086,1,False,87,6
719.0,0.856228,1.2345619,0.8201988,0.85,0.9386422976501305,0.5757282012113814,148.66960365558373,14,0.19365677,0,False,88,1
815.0,0.98408204,1.907822,1.2674887,1.025,0.966785290628707,0.732100426562924,176.12690229748273,14,0.2992662,1,False,88,2
735.0,0.89776784,1.6313946,1.0838403,1.2,0.9496124031007752,0.6180786842336857,148.66960365558373,14,0.25590503,0,False,88,3
698.0,0.98075205,2.0435529,1.3576634,1.075,0.9694444444444444,0.31839129974252695,169.3657351136875,14,0.32055733,1,False,88,4
1038.0,0.98582476,1.9373796,1.2871257,1.125,0.971000935453695,0.8065253461334476,387.65178539922636,14,0.3039027,1,False,88,5
743.0,0.98340434,1.9515814,1.2965608,0.9875,0.9712418300653595,0.7050280240284378,237.9645055511349,14,0.3061304,1,False,88,6
848.0,0.97705424,1.4623821,0.97155434,1.075,0.9647326507394767,0.759823498159308,169.3657351136875,14,0.22939326,0,False,88,7
806.0,0.97498924,1.5480149,1.0284457,0.95,0.9722557297949337,0.5287645160525417,105.2161797331329,14,0.24282587,1,False,88,8
468.0,0.89907604,1.1707265,0.7777888,0.925,0.8666666666666667,0.7455057710149897,105.2161797331329,14,0.18364337,0,False,88,9
262.0,0.7671793,1.0895993,0.7238907,0.95,0.81875,0.8599481690748353,158.81770453923258,14,0.17091753,0,False,88,10
740.0,0.9758142,1.4212162,0.9442052,1.025,0.959792477302205,0.7491014336498449,288.0574324104723,14,0.22293587,1,False,88,11
699.0,0.98546684,1.9742132,1.3115966,1.0,0.9748953974895398,0.7236472946687567,445.87968049481134,14,0.3096805,1,False,88,12
594.0,0.9521509,1.0809764,0.718162,0.7375,0.9674267100977199,0.7143468335397963,276.33687027505454,14,0.16956492,0,False,88,13
363.0,0.93456495,1.2993802,0.8632617,0.85,0.9603174603174603,0.8734537468555555,288.0574324104723,14,0.20382434,0,True,88,14
833.0,0.9828105,1.9888779,1.0,1.2058823,0.9776995305164319,0.5925261892924885,2000.0,1,0.26518372,1,False,89,1
461.0,0.9726965,2.1315258,1.1764494,1.1,0.9850427350427351,0.8326053841866017,781.3955036208906,8,0.25076774,0,True,90,1
404.0,0.8566049,1.9999175,1.103811,1.3666667,0.9181818181818182,0.8668606631769226,284.2077793673405,8,0.2352844,1,False,90,2
1023.0,0.9718563,2.322711,1.2819699,1.3333334,0.96875,0.6898343419474372,284.2077793673405,8,0.27326012,0,False,90,3
590.0,0.9530828,1.809774,0.9988655,1.1666666,0.9609120521172638,0.8068192181134887,430.8279487482113,8,0.21291459,1,False,90,4
725.0,0.97359174,1.8138851,1.0011345,1.0666667,0.9810554803788903,0.6879163599136484,123.80024484270754,8,0.21339825,1,False,90,5
214.0,0.7544698,1.7035825,0.9402554,1.3666667,0.5473145780051151,0.8145241893251018,123.80024484270754,8,0.20042147,0,False,90,6
344.0,0.83991045,1.026938,0.5667961,0.53333336,0.8935064935064935,0.5783082972618253,673.7432346899257,8,0.12081624,0,False,90,7
320.0,0.96812135,1.6888542,0.9321264,1.0333333,0.9726443768996961,0.7841746021277578,430.8279487482113,8,0.19868873,0,True,90,8
652.0,0.9683441,2.8981912,1.4743583,2.137931,0.978978978978979,0.6657436182676812,630.7922299950856,7,0.32959822,0,False,91,1
785.0,0.97647977,1.88557,0.959221,1.2758621,0.967940813810111,0.1143514238742885,162.3164587311477,7,0.21443737,1,False,91,2
656.0,0.9788394,2.398076,1.2199414,1.3448275,0.9689807976366323,0.7757297924983471,162.3164587311477,7,0.27272236,1,False,91,3
485.0,0.9482945,1.9657305,1.0,1.3448275,0.97,0.6600927209026567,430.91750863841,7,0.22355367,1,False,91,4
488.0,0.96383214,1.7750847,0.9030153,1.137931,0.9682539682539683,0.669477053677321,216.10522872183085,7,0.2018724,1,False,91,5
917.0,0.98311514,2.9195278,1.4852126,1.1724138,0.9734607218683652,0.7639995023566832,235.33124449667625,7,0.33202472,1,False,91,6
732.0,0.9765498,1.88925,0.96109307,1.0862069,0.9669749009247027,0.7970902665488566,307.62948576660796,7,0.21485588,1,False,91,7
725.0,0.9785116,1.5820996,1.0,1.0888889,0.9692513368983957,0.6619757310536882,232.82429108681828,9,0.27919406,1,False,92,1
738.0,0.9786407,1.9047877,1.203962,1.1111112,0.9761904761904762,0.7276549039232854,232.82429108681828,9,0.336139,1,False,92,2
428.0,0.90242934,1.5330738,0.9690122,1.2,0.9164882226980728,0.8092996561041182,140.34898510799025,9,0.27054244,0,False,92,3
641.0,0.97252446,1.6308546,1.0308167,1.1555556,0.9510385756676558,0.8278122925713547,140.34898510799025,9,0.28779787,1,False,92,4
485.0,0.95286727,1.5449713,0.97653234,1.1777778,0.9454191033138402,0.7960409175846916,178.41590589007325,9,0.27264202,1,False,92,5
794.0,0.9751905,1.3551637,0.8565603,0.95555556,0.9694749694749695,0.5507084702945708,791.8101155069154,9,0.23914655,1,False,92,6
647.0,0.97642064,1.6783788,1.0608554,1.0222223,0.9729323308270676,0.5984307627622607,410.8720529498038,9,0.29618448,1,False,92,7
679.0,0.9676979,1.2839797,0.8115669,0.93333334,0.9686162624821684,0.6947317240418359,228.13123063888037,9,0.22658466,0,False,92,8
1381.0,0.9797404,1.6327622,1.0320224,0.8888889,0.9787384833451452,0.46278457998433725,228.13123063888037,9,0.2881345,1,False,92,9
866.0,0.97643113,2.0466363,1.1417948,1.0,0.9752252252252253,0.7367851353258402,358.0639060149989,15,0.24880677,1,False,93,1
186.0,0.74980444,2.2532086,1.2570391,1.1935484,0.7982832618025751,0.7112174543515772,317.43877600649574,15,0.27391946,0,False,93,2
732.0,0.9789592,2.0471973,1.1421077,1.032258,0.9631578947368421,0.7222057835415009,317.43877600649574,15,0.24887496,1,False,93,3
660.0,0.95319307,1.7924731,1.0,1.1935484,0.9635036496350365,0.4470204153841487,199.88150842385107,15,0.21790849,0,False,93,4
809.0,0.97828203,1.9579328,1.092308,1.0967742,0.966547192353644,0.5170247787091364,198.97356082350305,15,0.2380232,1,False,93,5
683.0,0.97424906,1.3271147,0.74038196,0.9032258,0.9674220963172805,0.6212284923760842,199.88150842385107,15,0.16133551,0,False,93,6
1113.0,0.97377187,1.7558473,0.97956693,1.0645162,0.9661458333333334,0.6172255841642152,198.97356082350305,15,0.21345595,0,False,93,7
878.0,0.9852943,2.9300096,1.6346185,1.1290323,0.9712389380530974,0.6840421832495921,153.8723607061683,15,0.35619724,1,False,93,8
756.0,0.9691543,1.8972948,1.0584788,1.0645162,0.967989756722151,0.602330218839555,147.80308289418792,15,0.23065153,0,False,93,9
872.0,0.9662296,1.9033368,1.0618496,1.1935484,0.9775784753363229,0.5682178836584432,153.8723607061683,15,0.23138604,0,False,93,10
637.0,0.9511504,1.5580089,0.86919516,0.9677419,0.9622356495468278,0.5508330444813763,147.80308289418792,15,0.189405,0,False,93,11
371.0,0.95292497,1.223372,0.6825051,0.7096774,0.9686684073107049,0.5726093065725727,233.73244202471653,15,0.14872365,0,True,93,12
722.0,0.97788805,1.448262,0.8079686,0.7741935,0.9665327978580991,0.36146752228792756,207.3899091452307,15,0.17606322,1,False,93,13
529.0,0.96894383,1.4933838,0.8331415,1.0,0.9742173112338858,0.4535166252550377,443.88222007331063,15,0.18154861,0,False,93,14
607.0,0.96308047,1.1271192,0.62880677,0.7096774,0.9696485623003195,0.7223720368031775,207.3899091452307,15,0.13702233,0,False,93,15
1005.0,0.98567855,1.9173251,1.1683939,1.0882353,0.9738372093023255,0.7368283516547082,343.8203726031091,13,0.25564337,1,False,94,1
1047.0,0.979925,2.0698636,1.2613488,1.117647,0.9712430426716141,0.7350630190720497,47.20776699143982,13,0.27598178,1,False,94,2
1106.0,0.9793443,1.7776833,1.0832978,1.1470588,0.971027216856892,0.7405896775366938,47.20776699143982,13,0.23702444,1,False,94,3
383.0,0.86198723,1.6409922,1.0,1.2647059,0.69009009009009,0.7953787319711555,304.36539645078454,13,0.21879897,0,False,94,4
1074.0,0.9895001,2.165681,1.3197387,0.88235295,0.9728260869565217,0.3897866429695488,281.10472530150173,13,0.28875744,1,False,94,5
738.0,0.98674494,2.0661964,1.2591141,1.1470588,0.9787798408488063,0.4655248270917597,100.1899150082661,13,0.27549285,1,False,94,6
768.0,0.97595024,1.6107919,0.98159635,1.0588236,0.9721518987341772,0.6804968072445265,304.36539645078454,13,0.21477225,1,False,94,7
753.0,0.9653022,1.4844934,0.9046316,1.0294118,0.9728682170542635,0.5883736555697864,100.1899150082661,13,0.19793245,0,False,94,8
1158.0,0.9764107,1.4159809,0.862881,0.7647059,0.9739276703111859,0.4732536186509571,281.10472530150173,13,0.18879746,1,False,94,9
791.0,0.9791897,1.9775785,1.2051115,1.0588236,0.9717444717444718,0.7160319156805489,143.41190720958014,13,0.26367715,1,False,94,10
946.0,0.97795767,1.4662355,0.8935055,1.0294118,0.9633401221995926,0.6075233419951749,143.41190720958014,13,0.19549808,1,False,94,11
890.0,0.9776779,1.4273298,0.8697968,0.9411765,0.9642470205850487,0.5112304726252936,210.34031220678915,13,0.19031064,1,False,94,12
858.0,0.9846641,1.5385987,0.9376027,0.85294116,0.9683972911963883,0.7230267253529565,210.34031220678915,13,0.20514649,1,False,94,13
670.0,0.97781307,2.6936815,1.501101,1.2666667,0.9654178674351584,0.6205830195535874,435.4512313430375,12,0.3169037,1,False,95,1
653.0,0.96800447,1.8191935,1.0137774,1.2666667,0.976083707025411,0.5752733622351862,435.4512313430375,12,0.21402277,1,False,95,2
908.0,0.97251856,1.8381058,1.0243165,1.0666667,0.9742489270386266,0.6176655780164138,267.91313268703806,12,0.21624774,1,False,95,3
770.0,0.9823166,1.9941125,1.111254,1.1333333,0.9734513274336283,0.5424365782377922,79.97548952918287,12,0.23460147,1,False,95,4
660.0,0.9477909,1.7697474,0.9862226,1.1333333,0.9579100145137881,0.48400081385051935,79.97548952918287,12,0.20820558,1,False,95,5
725.0,0.9784011,1.629793,0.90823066,0.8666667,0.9718498659517426,0.7467058111124307,95.36962132449128,12,0.19174036,1,False,95,6
714.0,0.9781142,1.693044,0.94347835,0.9,0.9648648648648649,0.5686346183103309,88.21357564547614,12,0.19918163,1,False,95,7
960.0,0.9722666,1.6421181,0.915099,0.8333333,0.9706774519716885,0.6868859394793154,88.21357564547614,12,0.19319037,1,False,95,8
588.0,0.98280054,2.628628,1.4648489,1.1,0.9623567921440261,0.6694654442123592,270.88243019750024,12,0.30925035,1,False,95,9
771.0,0.96776396,1.6090358,0.89666337,1.0333333,0.9685929648241206,0.7274546259839291,270.88243019750024,12,0.18929833,1,False,95,10
852.0,0.98393255,1.4429576,0.8041133,0.76666665,0.9770642201834863,0.6064293648126023,152.5119344568026,12,0.16975972,1,False,95,11
813.0,0.98480505,2.4898317,1.3875022,1.0,0.9713261648745519,0.6864539201653057,281.1017164282319,12,0.2929214,1,False,95,12
899.0,0.9686859,2.3217773,0.92971176,1.3333334,0.9729437229437229,0.5970948124914497,342.48871617116,30,0.16389017,1,False,96,1
692.0,0.9820832,2.5168593,1.0078286,1.1666666,0.9651324965132496,0.692130811362851,209.95914452604322,30,0.17766066,1,False,96,2
600.0,0.97261554,2.2480555,0.90019125,1.3333334,0.9771986970684039,0.6008690293889949,128.4549325345854,30,0.15868628,1,False,96,3
738.0,0.9728144,3.0958297,1.2396663,1.3333334,0.9621903520208605,0.7256714810370211,45.81494918613981,30,0.21852915,1,False,96,4
577.0,0.9685131,2.710957,1.0855514,1.2222222,0.9681208053691275,0.7227738264589316,128.4549325345854,30,0.19136167,1,False,96,5
1027.0,0.9789459,2.9072812,1.1641657,1.3333334,0.9725378787878788,0.7055922388448784,128.58034651254656,30,0.20521985,1,False,96,6
597.0,0.97383976,2.9761772,1.1917539,1.2777778,0.9629032258064516,0.820759678617128,45.81494918613981,30,0.2100831,1,False,96,7
462.0,0.92745745,2.669192,1.0688274,1.3888888,0.9625,0.8455925207783034,175.61952772907378,30,0.18841355,1,False,96,8
732.0,0.98008186,2.7779295,1.1123693,1.1666666,0.976,0.7063480519954692,110.49257489713408,30,0.19608915,1,False,96,9
864.0,0.98362166,3.5147247,1.407405,1.2777778,0.972972972972973,0.7206384654735163,110.49257489713408,30,0.24809821,1,False,96,10
341.0,0.95384383,2.2077224,0.88404065,1.1111112,0.96875,0.741142186654092,115.54261665856309,30,0.15583922,1,False,96,11
680.0,0.9844928,4.503595,1.8033793,1.3333334,0.9700427960057061,0.708439009863667,70.08781068636944,30,0.3179008,1,False,96,12
641.0,0.9735963,2.4252903,0.9711616,1.0555556,0.9741641337386018,0.46413470938938944,146.73966555649872,30,0.17119697,1,False,96,13
688.0,0.9649275,2.2998223,0.9209203,1.2777778,0.9731258840169731,0.7807785990638547,108.92857112989498,30,0.1623404,1,False,96,14
654.0,0.96340054,2.57263,1.0301609,1.3888888,0.9589442815249267,0.5153487324451003,30.72148283884001,30,0.18159741,1,False,96,15
756.0,0.977313,2.823413,1.1305822,1.2777778,0.9692307692307692,0.773107205453853,30.72148283884001,30,0.19929972,1,False,96,16
572.0,0.974396,2.4777584,0.99217147,1.2777778,0.9727891156462585,0.7620255322679278,44.04747704279906,30,0.17490059,1,False,96,17
265.0,0.8843271,2.1056604,0.84317183,1.2222222,0.9330985915492958,0.5728246591448374,146.73966555649872,30,0.14863485,1,False,96,18
721.0,0.9821252,3.2068887,1.2841378,1.2222222,0.9664879356568364,0.7473833373374088,129.35363025488277,30,0.2263686,1,False,96,19
1016.0,0.98087436,3.632327,1.4544966,1.3888888,0.9648622981956315,0.7822563016956362,84.34484431440112,30,0.25639957,1,False,96,20
652.0,0.9702433,2.072938,0.83006877,1.1666666,0.9702380952380952,0.7952212179871653,160.33784022178676,30,0.14632504,1,False,96,21
611.0,0.95602274,2.1139297,0.8464832,1.0,0.9760383386581469,0.7695606013782093,162.03585820469223,30,0.14921857,1,False,96,22
486.0,0.96169,1.9412436,0.7773343,0.8888889,0.9700598802395209,0.6336740515680153,77.04764828694051,30,0.13702896,1,False,96,23
779.0,0.9808906,2.9751105,1.1913267,1.0555556,0.9725343320848939,0.790722599017355,114.48682458139326,30,0.2100078,1,False,96,24
822.0,0.9627819,2.7303324,1.0933099,1.3888888,0.9704840613931524,0.7842070467895885,73.99691954845194,30,0.19272935,1,False,96,25
705.0,0.98091966,2.0444443,0.818659,0.8888889,0.9724137931034482,0.5870251426353604,114.48682458139326,30,0.14431372,1,False,96,26
439.0,0.9184348,2.0322702,0.8137841,1.0555556,0.9606126914660832,0.7419573666150567,77.04764828694051,30,0.14345437,1,False,96,27
648.0,0.9775933,2.364026,0.94662946,1.1111112,0.9614243323442137,0.7031908785239538,73.99691954845194,30,0.16687243,1,False,96,28
804.0,0.98449403,2.4444444,0.97883147,0.6666667,0.9816849816849816,0.433928018080228,179.78793796688518,30,0.17254902,1,False,96,29
449.0,0.8831877,1.9495174,0.78064734,1.0,0.9635193133047211,0.6378773156115398,195.5738944649218,30,0.13761298,0,False,96,30
156.0,0.9393091,2.1494873,1.0472585,1.2,0.968944099378882,0.9309400440005158,302.74790674144435,26,0.21073404,0,True,97,1
511.0,0.96043587,2.0767124,1.0118016,1.28,0.9623352165725048,0.8048662952509099,277.03565561046537,26,0.20359924,0,False,97,2
297.0,0.8457196,2.1407409,1.0429971,1.48,0.7795275590551181,0.7635642209477306,248.3447366528906,26,0.20987655,0,False,97,3
464.0,0.9618225,1.9010346,0.92620903,1.24,0.9707112970711297,0.7346409601237581,192.83610345238856,26,0.18637593,1,False,97,4
1083.0,0.97044295,2.0965836,1.0214831,1.2,0.9721723518850988,0.5329122037476666,106.99111818062087,26,0.2055474,1,False,97,5
1057.0,0.9734563,1.8748534,0.9134532,1.04,0.970615243342516,0.5874992912278606,148.70876723254065,26,0.18380915,1,False,97,6
1053.0,0.9757218,2.060551,1.0039275,1.08,0.968721251149954,0.6394200013207544,67.90520699472368,26,0.20201479,1,False,97,7
816.0,0.9741875,1.7892157,0.87172943,1.08,0.9760765550239234,0.6374516082060422,67.90520699472368,26,0.17541331,1,False,97,8
599.0,0.8839492,2.338631,1.1394117,1.44,0.9584,0.605348669847822,86.81414613080936,26,0.22927755,0,False,97,9
647.0,0.9785096,1.9116538,0.93138283,0.8,0.9700149925037481,0.7038855523882379,262.2161003740612,26,0.18741703,1,False,97,10
647.0,0.9737377,1.9569088,0.9534317,1.2,0.968562874251497,0.7028683663200802,86.81414613080936,26,0.1918538,1,False,97,11
995.0,0.98193115,2.1922812,1.0681082,1.0,0.9716796875,0.6011260706941255,106.99111818062087,26,0.21492954,1,False,97,12
813.0,0.98047954,2.0980566,1.0222007,1.08,0.9701670644391408,0.6386006616320609,117.76878770003226,26,0.20569183,1,False,97,13
829.0,0.9830898,2.308806,1.1248807,1.12,0.9707259953161592,0.7772297030720894,111.82802466862442,26,0.22635351,1,False,97,14
632.0,0.9772996,1.9562025,0.95308757,1.08,0.9575757575757575,0.825672147395406,110.0759502593725,26,0.19178456,1,False,97,15
758.0,0.9820708,2.7821636,1.3555067,1.16,0.9668367346938775,0.6473048813024382,130.78536103052855,26,0.27276114,1,False,97,16
657.0,0.98127365,2.4958296,1.216001,1.2,0.9605263157894737,0.6211977300640467,130.78536103052855,26,0.24468917,1,False,97,17
900.0,0.9780116,1.7344888,0.8450658,0.96,0.9656652360515021,0.4006729879320714,184.73010340940206,26,0.17004792,1,False,97,18
964.0,0.980956,1.949751,0.9499443,1.16,0.9776876267748479,0.5904210304048041,111.82802466862442,26,0.19115205,1,False,97,19
849.0,0.9807972,2.0444288,0.9960726,1.08,0.971395881006865,0.43008811193701324,100.96448600138959,26,0.2004342,1,False,97,20
793.0,0.98226976,1.8513997,0.90202624,0.84,0.9718137254901961,0.5295292289947785,175.5006836319729,26,0.18150978,1,False,97,21
880.0,0.97956985,2.360091,1.1498674,1.08,0.967032967032967,0.5908164313474731,100.96448600138959,26,0.23138146,1,False,97,22
980.0,0.9814214,1.9639183,0.95684683,1.04,0.9780439121756487,0.6649204624559355,184.73010340940206,26,0.192541,1,False,97,23
695.0,0.96991765,1.7844604,0.8694126,1.12,0.9693165969316597,0.6789008882816971,238.74461043195257,26,0.1749471,1,False,97,24
673.0,0.9712436,1.4870133,0.72449243,0.76,0.9683453237410072,0.7618456885459253,175.5006836319729,26,0.14578563,1,False,97,25
748.0,0.9834598,2.7690375,1.3491114,1.08,0.9676584734799483,0.7650440854076798,252.8146711975089,26,0.27147427,1,False,97,26
760.0,0.96814734,1.8180299,1.031977,1.081081,0.979381443298969,0.6222314087350265,166.09620995526143,26,0.26379257,1,False,98,1
1255.0,0.98580015,3.020071,1.7142974,1.1351352,0.9721146398140976,0.5625990342287455,43.36776328998892,26,0.4382064,1,False,98,2
853.0,0.9791241,1.8823231,1.0684721,1.1081082,0.9605855855855856,0.6497831747502277,43.36776328998892,26,0.27312142,1,False,98,3
961.0,0.9814021,1.8312287,1.0394691,1.027027,0.9726720647773279,0.5779246935050751,109.48832248991538,26,0.2657077,1,False,98,4
785.0,0.9759386,1.5742469,0.8935973,1.081081,0.9691358024691358,0.6976486173145958,112.83414299439426,26,0.22842014,1,False,98,5
632.0,0.97248626,1.6856397,0.95682776,1.027027,0.9693251533742331,0.7401552728546843,109.48832248991538,26,0.24458303,1,False,98,6
928.0,0.9817747,2.4902725,1.4135653,1.2972972,0.9646569646569647,0.5347987810477463,184.71038052261275,26,0.36133367,1,False,98,7
556.0,0.8985635,1.7179176,0.97514975,1.1891892,0.8104956268221575,0.6066357715208469,95.46486557259135,26,0.24926648,1,False,98,8
634.0,0.8962872,1.9508483,1.1073694,1.3243244,0.9664634146341463,0.6458362513754773,184.71038052261275,26,0.28306428,0,False,98,9
606.0,0.96368104,1.8154936,1.0305374,1.1081082,0.9588607594936709,0.7139628062019285,74.17935426639315,26,0.26342458,1,False,98,10
952.0,0.9840801,1.753719,0.9954719,0.8648649,0.9744114636642784,0.5010092961573226,74.17935426639315,26,0.2544612,1,False,98,11
909.0,0.97785383,1.6901852,0.9594079,0.9459459,0.9805825242718447,0.5168633779514739,69.75758900717153,26,0.24524257,1,False,98,12
791.0,0.9764143,1.5459733,0.8775482,0.9189189,0.9681762545899633,0.7713569334838586,69.75758900717153,26,0.2243177,1,False,98,13
917.0,0.9837243,2.3476377,1.3326008,1.2972972,0.9713983050847458,0.7264521291926856,227.4834228423371,26,0.34063762,1,False,98,14
973.0,0.98491144,1.8312268,1.039468,1.1351352,0.9749498997995992,0.6629228212354791,83.53681869662567,26,0.26570743,1,False,98,15
811.0,0.97941995,2.0328925,1.1539404,1.1621622,0.9677804295942721,0.754427297618571,181.69958184186376,26,0.2949687,1,False,98,16
840.0,0.9750308,1.496139,0.84926057,0.972973,0.9699769053117783,0.7094531197877745,83.53681869662567,26,0.21708684,1,False,98,17
910.0,0.9780976,1.8850015,1.0699924,0.9459459,0.9639830508474576,0.6311457751127227,105.87950957234598,26,0.27351004,1,False,98,18
731.0,0.976318,1.7127223,0.97220075,0.8648649,0.9643799472295514,0.6479753364664927,50.13166730829443,26,0.24851264,1,False,98,19
1051.0,0.9807359,1.537429,0.8726982,0.8648649,0.9749536178107606,0.6769841378178939,50.13166730829443,26,0.22307794,1,False,98,20
869.0,0.93740225,1.6809318,0.9541554,1.2162162,0.9623477297895903,0.5911123209552666,55.66436003027685,26,0.24389991,1,False,98,21
699.0,0.95156235,1.9430847,1.1029625,1.2162162,0.9497282608695652,0.8444463417412934,55.66436003027685,26,0.28193778,1,False,98,22
893.0,0.97828376,1.7606609,0.99941236,1.1891892,0.9727668845315904,0.610698163044896,227.4834228423371,26,0.25546846,1,False,98,23
952.0,0.97910136,1.7208154,0.9767947,0.7837838,0.9774127310061602,0.41876244726818407,375.2245470380914,26,0.24968694,1,False,98,24
736.0,0.97495306,1.3646812,0.77464056,0.8378378,0.9735449735449735,0.6147500498340777,154.8679018106401,26,0.19801258,1,False,98,25
1339.0,0.9792373,1.7627314,1.0005877,0.9189189,0.9709934735315446,0.5439356598755535,448.12879271102844,26,0.25576887,0,False,98,26
1225.0,0.9780692,1.9472603,1.0823339,1.1212121,0.9653270291568163,0.6555410967905654,249.5390991731832,20,0.2519984,1,False,100,1
849.0,0.96339387,1.9876148,1.104764,1.2121212,0.9680729760547321,0.41280108002388594,238.64797468506617,20,0.25722072,1,False,100,2
318.0,0.857058,1.700972,0.945441,1.2727273,0.8132992327365729,0.7345409094766936,230.77395125903982,20,0.2201258,0,False,100,3
266.0,0.88711524,1.981089,1.1011368,1.7575758,0.9236111111111112,0.817674810483878,120.65553578880328,20,0.25637624,0,False,100,4
508.0,0.97021484,1.6592102,0.9222289,0.969697,0.9769230769230769,0.7795535711171514,70.68185576354374,20,0.21472132,0,True,100,5
754.0,0.9618202,1.7560887,0.97607625,0.969697,0.9568527918781726,0.3337236549843977,65.49693871934603,20,0.22725853,0,False,100,6
396.0,0.9474074,1.594123,0.88605183,0.969697,0.9611650485436893,0.3353754617686002,259.67388055544313,20,0.20629828,1,False,100,7
1032.0,0.9744163,1.678089,0.93272215,1.1515151,0.9681050656660413,0.6788159615259141,111.30004401080161,20,0.21716446,1,False,100,8
491.0,0.9697315,1.9132259,1.0634168,1.1212121,0.9722772277227723,0.7344487108474255,65.49693871934603,20,0.24759394,0,True,100,9
757.0,0.9763909,1.831512,1.0179983,1.0909091,0.9730077120822622,0.6634968994137584,230.77395125903982,20,0.2370192,1,False,100,10
760.0,0.9737536,1.9475278,1.0824827,1.0909091,0.9718670076726342,0.6348099022942411,148.07635132827366,20,0.252033,1,False,100,11
925.0,0.9793064,1.7153808,0.9534498,1.1818181,0.9726603575184016,0.7214611866066053,111.30004401080161,20,0.22199045,1,False,100,12
706.0,0.97844785,2.244184,1.2473713,1.2121212,0.9592391304347826,0.5306802649459664,148.07635132827366,20,0.2904238,1,False,100,13
861.0,0.98150146,1.7986485,0.99973196,0.93939394,0.9706877113866967,0.6404832991216128,307.74358884772585,20,0.23276627,1,False,100,14
851.0,0.98747337,2.516932,1.3989712,1.1212121,0.9703534777651083,0.5196951115141861,163.88732206298008,20,0.3257206,1,False,100,15
744.0,0.9641553,1.4708781,0.81754935,0.90909094,0.9501915708812261,0.68923670101652,354.6667763927359,20,0.19034894,1,False,100,16
971.0,0.97542906,1.799613,1.0002681,1.2424242,0.971,0.506352224246419,128.86556508677322,20,0.2328911,1,False,100,17
987.0,0.979651,1.8089098,1.0054355,1.0909091,0.9733727810650887,0.5484488613170605,128.86556508677322,20,0.2340942,1,False,100,18
773.0,0.9507802,1.5177388,0.8435956,1.060606,0.9735516372795969,0.8001208966128724,255.56451568855383,20,0.19641326,1,False,100,19
825.0,0.9656546,1.5978329,0.88811386,1.1212121,0.9683098591549296,0.608411836583283,183.6401319117443,20,0.20677838,1,False,100,20
881.0,0.9805242,1.7190692,0.8731827,1.0714285,0.9799777530589544,0.7131418144183985,152.61799956689256,43,0.18876053,1,False,101,1
901.0,0.9646292,2.0396385,1.0360124,1.1785715,0.9585106382978723,0.6046508819656197,164.0259450557458,43,0.22396031,1,False,101,2
865.0,0.97579366,2.31858,1.1776978,1.1428572,0.9762979683972912,0.5835221390207079,97.56402892275908,43,0.25458917,1,False,101,3
746.0,0.97925,2.025517,1.0288396,1.0714285,0.9713541666666666,0.5886206067730282,97.56402892275908,43,0.22240971,1,False,101,4
1152.0,0.9775331,2.5193763,1.27969,1.25,0.972972972972973,0.2912902993785586,78.24190069913381,43,0.27663738,1,False,101,5
540.0,0.9496555,1.5148147,0.76943386,1.0357143,0.967741935483871,0.7470765138494309,187.0766957992104,43,0.1663326,0,False,101,6
904.0,0.97271514,2.085967,1.0595446,1.2142857,0.9730893433799784,0.4368732583387515,78.24190069913381,43,0.22904736,0,False,101,7
969.0,0.97906387,2.3968008,1.2174292,1.2142857,0.9758308157099698,0.6312489811714516,75.1941045820804,43,0.2631781,1,False,101,8
611.0,0.9790998,1.5948094,0.8100663,1.0357143,0.9683042789223455,0.5381815163465127,47.92067271139198,43,0.17511633,1,False,101,9
870.0,0.98246455,1.9752463,1.0033051,1.0357143,0.9581497797356828,0.6375608810657474,81.2623629560743,43,0.21688978,1,False,101,10
1028.0,0.98292106,1.969636,1.0004554,1.0714285,0.9725638599810785,0.36747898705530474,102.36418100356356,43,0.21627375,1,False,101,11
842.0,0.98044497,1.9687394,1.0,1.0714285,0.9734104046242774,0.7705160955608209,81.2623629560743,43,0.2161753,1,False,101,12
802.0,0.9794161,2.0159423,1.0239762,1.1428572,0.9616306954436451,0.6696595619163347,75.1941045820804,43,0.22135837,1,False,101,13
948.0,0.9740928,2.3604581,1.1989694,1.2857143,0.9673469387755103,0.6398763036136474,69.83533590796155,43,0.25918755,0,False,101,14
888.0,0.984166,2.399453,1.2187763,1.0714285,0.9631236442516269,0.5106746001015534,102.36418100356356,43,0.26346934,1,False,101,15
510.0,0.951461,1.709944,0.8685477,1.0357143,0.9732824427480916,0.7783249084656451,47.92067271139198,43,0.18775856,0,False,101,16
294.0,0.8603034,1.9387754,0.98478013,1.3571428,0.8032786885245902,0.7766889014179724,45.45151075293613,43,0.21288516,0,False,101,17
596.0,0.93081725,2.054051,1.043333,1.6071428,0.890881913303438,0.8536809183833023,88.312179496398,43,0.22554284,0,False,101,18
853.0,0.97550863,2.1427314,1.0883774,1.2142857,0.9748571428571429,0.4829055298898668,45.45151075293613,43,0.23528032,0,False,101,19
729.0,0.97678083,2.0461495,1.0393196,1.1785715,0.9707057256990679,0.6981030401455114,69.83533590796155,43,0.22467522,1,False,101,20
797.0,0.97831833,1.8867629,0.9583609,1.0357143,0.9755201958384333,0.6297105427340025,95.00808231830347,43,0.20717396,1,False,101,21
992.0,0.9785673,2.325317,1.1811197,1.3214285,0.9725490196078431,0.7354423276836322,96.89985166242312,43,0.2553289,1,False,101,22
240.0,0.76712954,1.7809523,0.9046156,1.2142857,0.6611570247933884,0.9119990465856993,95.16873133094215,43,0.19555555,0,False,101,23
901.0,0.98335236,2.2982004,1.1673461,1.1428572,0.9688172043010753,0.5941212944857157,103.67679312735325,43,0.2523514,1,False,101,24
773.0,0.96474206,1.8671225,0.9483848,1.0357143,0.9711055276381909,0.6669025165424126,113.87860508200568,43,0.20501737,0,False,101,25
745.0,0.9805363,3.108581,1.5789703,1.1785715,0.9713168187744459,0.4909940313027382,131.1877282195816,43,0.34133437,1,False,101,26
675.0,0.9776006,1.8654498,0.94753516,1.1428572,0.9629101283880172,0.5939862277202929,130.63327238746317,43,0.2048337,0,False,101,27
657.0,0.9740453,1.6891716,0.8579965,0.96428573,0.9633431085043989,0.8305727247150503,95.16873133094215,43,0.18547766,1,False,101,28
717.0,0.9690279,1.7044232,0.8657434,1.1071428,0.9676113360323887,0.5120408061265461,125.37066252705601,43,0.18715236,0,False,101,29
1026.0,0.9791686,1.9596213,0.99536854,1.0,0.9734345351043643,0.536144685525361,75.68280996699818,43,0.21517411,1,False,101,30
286.0,0.90436006,1.4495505,0.7362836,1.0535715,0.9196141479099679,0.5191778664235452,123.6009286404207,43,0.15916632,0,False,101,31
777.0,0.96991384,1.6528774,0.83956134,1.0,0.9700374531835206,0.6405889184225454,75.68280996699818,43,0.18149242,0,False,101,32
649.0,0.9710334,1.6107749,0.8181758,1.0,0.9657738095238095,0.6770799231233144,74.71188988082335,43,0.17686939,0,False,101,33
799.0,0.9650228,1.744055,0.885874,1.0357143,0.9455621301775148,0.6798981590453372,74.71188988082335,43,0.19150409,0,False,101,34
726.0,0.97313714,1.8262987,0.9276488,0.9285714,0.9731903485254692,0.5170330553859964,84.30299080296433,43,0.20053476,0,False,101,35
377.0,0.8225402,1.6253316,0.82556975,1.0714285,0.6981481481481482,0.807982262977431,78.32579584363074,43,0.17846778,0,False,101,36
916.0,0.98070437,2.1303027,1.0820643,0.96428573,0.9693121693121693,0.43909312219284574,78.32579584363074,43,0.23391558,1,False,101,37
812.0,0.98412424,2.7643387,1.4041162,1.1428572,0.9783132530120482,0.5233194917307922,95.76029134488624,43,0.30353522,1,False,101,38
788.0,0.96648765,2.1409082,1.0874513,1.2142857,0.9788819875776398,0.8103772299680919,95.76029134488624,43,0.23508012,0,False,101,39
691.0,0.95699877,1.451623,0.7373363,0.96428573,0.9664335664335665,0.39970365675813524,90.94944930966452,43,0.15939389,0,False,101,40
531.0,0.8911767,2.0838041,1.0584459,1.3571428,0.8733552631578947,0.6412567122002694,112.80230493083783,43,0.22880986,0,False,101,41
564.0,0.94197935,1.5511018,0.78786546,1.0,0.9641025641025641,0.6781022884646374,311.90187476392674,43,0.17031707,0,False,101,42
534.0,0.94083565,1.3317282,0.676437,0.9285714,0.9638989169675091,0.7481207065478314,144.569039190064,43,0.14622898,0,True,101,43
545.0,0.9712389,1.663329,0.8563738,1.1142857,0.9714795008912656,0.45848353574379147,537.1524240911695,18,0.22830005,0,False,102,1
675.0,0.9672136,1.8408042,0.9477479,1.1714286,0.9588068181818182,0.8313648883157798,83.59600505022149,18,0.2526594,0,False,102,2
732.0,0.987821,1.9991413,1.0292686,0.8857143,0.9682539682539683,0.7072188087102917,271.51995117289493,18,0.27439195,1,False,102,3
675.0,0.97088253,2.16491,1.1146156,1.1142857,0.9336099585062241,0.8346170455440234,33.93991362119493,18,0.2971445,1,False,102,4
660.0,0.97759897,1.9713852,1.0149782,1.1142857,0.9649122807017544,0.6784775942747365,33.93991362119493,18,0.2705823,1,False,102,5
1040.0,0.9827801,1.9068407,0.9817471,1.0285715,0.9746954076850984,0.6163132920745729,354.80920176809707,18,0.26172325,1,False,102,6
922.0,0.9801118,1.913201,0.9850217,1.2,0.9715489989462592,0.5878144645796105,131.09268398849434,18,0.26259622,1,False,102,7
799.0,0.97967005,2.2058644,1.1357011,1.4,0.964975845410628,0.7462882772960645,187.199291137797,18,0.3027657,1,False,102,8
908.0,0.9837001,2.5404973,1.3079886,0.9714286,0.9721627408993576,0.5191128381078258,176.5099866277445,18,0.3486957,1,False,102,9
1050.0,0.9779618,2.1368434,1.1001652,1.1428572,0.9695290858725761,0.7326439955058144,131.09268398849434,18,0.29329222,1,False,102,10
754.0,0.98112607,1.9974232,1.028384,1.0857143,0.9804941482444733,0.5326070480798591,206.65650542977457,18,0.27415612,1,False,102,11
595.0,0.92415553,1.7795439,0.9162077,1.1428572,0.9612277867528272,0.5048610503989944,67.67025112256553,18,0.24425112,0,False,102,12
570.0,0.97563046,1.7788972,0.9158747,1.1142857,0.967741935483871,0.6198773459936964,67.67025112256553,18,0.24416237,1,False,102,13
723.0,0.9789715,1.7859712,0.9195168,0.9142857,0.96271637816245,0.5580646693330915,71.86242983359466,18,0.2451333,1,False,102,14
641.0,0.98520225,2.6120794,1.344843,0.85714287,0.9624624624624625,0.7713700369934724,57.65442707779273,18,0.3585207,1,False,102,15
666.0,0.97281533,1.6101673,0.8290032,0.9142857,0.9624277456647399,0.8302540412375393,57.65442707779273,18,0.22100335,1,False,102,16
841.0,0.9822918,2.0132155,1.0365148,0.8857143,0.9756380510440835,0.34801253828518847,63.720525367827896,18,0.2763237,1,False,102,17
281.0,0.7805358,1.535333,0.7904744,1.0,0.8892405063291139,0.8906212709926039,92.64762223450995,18,0.21073198,0,False,102,18
1167.0,0.9737031,1.5201579,0.957342,0.8780488,0.9741235392320534,0.6779766964052538,420.1835525163294,10,0.24441756,0,False,103,1
651.0,0.95349777,1.6615713,1.0463991,1.2195122,0.9658753709198813,0.3103102051651157,407.2359640538874,10,0.26715457,0,False,103,2
393.0,0.87171996,1.5519146,0.97734123,0.9512195,0.9585365853658536,0.7916054988604093,160.0071388764223,10,0.24952352,0,False,103,3
463.0,0.96535313,1.6238741,1.0226588,1.1463414,0.9686192468619247,0.663912952897082,160.0071388764223,10,0.26109347,0,False,103,4
631.0,0.9635793,1.4595493,0.9191728,1.1219512,0.9692780337941628,0.5630079348018795,354.6285026691089,10,0.23467264,0,False,103,5
449.0,0.9574434,1.5123582,0.95243,1.0,0.9553191489361702,0.6778696867522926,285.5907530902815,10,0.24316347,0,False,103,6
737.0,0.9143116,1.7529536,1.1039486,1.2439024,0.9583875162548765,0.6166915051083663,318.5912052828783,10,0.28184745,0,False,103,7
1176.0,0.9865573,2.0786874,1.3090843,1.1219512,0.9791840133222315,0.5933697095228474,318.5912052828783,10,0.33422035,1,False,103,8
692.0,0.97781146,1.1198364,0.70523363,0.68292683,0.97054698457223,0.6438669241240859,507.3953371046584,10,0.18005215,0,False,103,9
940.0,0.98059547,1.6859887,1.0617764,1.0,0.9670781893004116,0.793906667589206,382.96260935395725,10,0.27108052,1,False,103,10
667.0,0.9784578,2.3325837,1.1717671,1.2,0.9624819624819625,0.8375068163873589,329.0877363604945,20,0.2744216,1,False,104,1
760.0,0.97636396,4.336228,2.1782923,1.2333333,0.9405940594059405,0.4451831321215858,252.16155710976682,20,0.5101445,0,False,104,2
814.0,0.9833103,2.3147829,1.1628249,1.2,0.9644549763033176,0.48344412346419213,246.63040081971738,20,0.2723274,1,False,104,3
857.0,0.9812066,2.5840917,1.2981114,1.3666667,0.9727582292849035,0.6731996853270125,52.260488333174756,20,0.30401078,1,False,104,4
847.0,0.98727643,2.17989,1.0950618,0.8833333,0.9702176403207331,0.7930567418389765,147.17687513018777,20,0.25645763,1,False,104,5
600.0,0.9655534,1.8683333,0.9385522,1.0333333,0.9630818619582665,0.7697291324863105,242.27580894953505,20,0.21980391,1,False,104,6
675.0,0.9815184,2.1723456,1.091272,1.2333333,0.9712230215827338,0.36520150289606707,52.260488333174756,20,0.25557008,1,False,104,7
756.0,0.9631464,2.0109346,1.0101875,1.2333333,0.9692307692307692,0.608480715621051,123.17038958925048,20,0.23658055,1,False,104,8
969.0,0.9780052,2.3389747,1.1749777,1.3333334,0.96996996996997,0.6363212963261621,162.2239393408213,20,0.27517352,1,False,104,9
762.0,0.97693735,1.854112,0.93140817,0.9,0.9670050761421319,0.7481410781409304,147.17687513018777,20,0.21813083,1,False,104,10
874.0,0.97676027,1.9154462,0.9622192,1.1333333,0.9700332963374029,0.6026451727616984,116.28376070236516,20,0.22534661,1,False,104,11
622.0,0.9765994,1.8805466,0.9446875,1.1,0.9688473520249221,0.7366542109459261,100.47487930215698,20,0.22124077,1,False,104,12
723.0,0.9676458,1.9657906,0.9875096,1.2666667,0.964,0.5893524262245635,131.93440685709695,20,0.2312695,1,False,104,13
898.0,0.98099834,2.187862,1.0990665,1.2333333,0.9697624190064795,0.7098060541135673,162.2239393408213,20,0.2573955,1,False,104,14
659.0,0.9725466,1.7787557,0.8935531,0.93333334,0.9676945668135095,0.6532195169073635,100.47487930215698,20,0.20926538,1,False,104,15
856.0,0.9837065,2.2431073,1.1268189,1.0333333,0.9705215419501134,0.665752245628653,116.28376070236516,20,0.26389498,1,False,104,16
780.0,0.96780974,1.6352564,0.8214666,1.0,0.9737827715355806,0.5292908494547284,199.95350011699816,20,0.19238311,1,False,104,17
836.0,0.9841472,1.9703748,0.98981243,1.0,0.9800703399765534,0.6196860815309475,312.3213361028976,20,0.2318088,1,False,104,18
678.0,0.957943,1.8835791,0.94621086,1.1666666,0.9671897289586305,0.6630940845651513,167.36554219839343,20,0.22159754,1,False,104,19
703.0,0.97260344,1.8351825,0.92189896,1.1333333,0.9723374827109267,0.4549752516819973,167.36554219839343,20,0.21590383,1,False,104,20
586.0,0.9712064,1.615844,0.88846165,1.0384616,0.966996699669967,0.7196821478848706,585.8995491510304,4,0.16475272,0,False,105,1
602.0,0.9828323,2.4103627,1.3253227,1.2307693,0.9662921348314607,0.4934102028847135,585.8995491510304,4,0.24576248,1,False,105,2
664.0,0.98507947,1.9599166,1.0776478,0.9230769,0.9779086892488954,0.5939404602878665,118.02792059444768,4,0.19983463,1,False,105,3
690.0,0.98098534,1.6774806,0.92235214,0.88461536,0.9732016925246827,0.7277293129896786,118.02792059444768,4,0.17103723,1,False,105,4
800.0,0.9758899,1.7073749,0.9246897,1.0666667,0.9603841536614646,0.4687704989262206,285.8334143407838,24,0.20086764,1,False,106,1
934.0,0.97895944,1.7443255,0.9447017,1.0666667,0.9658738366080661,0.6640588614080035,117.68439613367435,24,0.20521477,1,False,106,2
623.0,0.9585541,1.8302301,0.9912263,1.1,0.9511450381679389,0.8813407433791995,81.79419186862772,24,0.21532118,1,False,106,3
668.0,0.9788504,1.7499002,0.9477208,0.93333334,0.9709302325581395,0.6871292829655982,143.11842095407113,24,0.20587061,1,False,106,4
1113.0,0.9884822,2.9043427,1.5729502,1.1,0.978891820580475,0.46298444055202825,81.79419186862772,24,0.34168738,1,False,106,5
969.0,0.9809404,1.9327141,1.0467302,1.1333333,0.968031968031968,0.6366425482309062,107.34649037102838,24,0.22737813,1,False,106,6
731.0,0.984029,2.672093,1.4471672,1.2,0.9720744680851063,0.7279249188595313,82.85984052275188,24,0.31436387,1,False,106,7
1082.0,0.984477,2.0162046,1.0919474,1.0,0.9765342960288809,0.5841638271519205,143.11842095407113,24,0.23720054,1,False,106,8
633.0,0.97553813,1.7875197,0.968095,1.2,0.9634703196347032,0.42176510397445294,82.85984052275188,24,0.21029644,1,False,106,9
596.0,0.97467,1.8798658,1.0181082,1.1333333,0.9612903225806452,0.7273721308535552,78.82298761202222,24,0.22116068,1,False,106,10
735.0,0.9693173,1.9067119,1.0326478,1.2,0.9696569920844327,0.6738811404868335,107.34649037102838,24,0.22431906,1,False,106,11
715.0,0.9739101,1.9073194,1.0329767,1.2,0.9727891156462585,0.6416841850225913,58.54693187308074,24,0.22439052,1,False,106,12
465.0,0.84496915,1.898638,1.0282751,1.2333333,0.8230088495575221,0.8557094068146083,58.54693187308074,24,0.22336918,1,False,106,13
1002.0,0.9815564,2.5328012,1.3717288,1.2333333,0.9775609756097561,0.7693130938029575,146.77467649722087,24,0.29797658,1,False,106,14
728.0,0.9114662,1.2833791,0.69505966,0.73333335,0.9566360052562418,0.7282107359084918,160.8506323955325,24,0.15098578,0,False,106,15
792.0,0.978896,1.7410774,0.9429425,1.0,0.9765721331689272,0.5351419680695775,102.94120288880112,24,0.20483264,1,False,106,16
859.0,0.97851163,1.8582848,1.0064204,1.1666666,0.9739229024943311,0.6334068515691514,259.4393968991416,24,0.21862175,1,False,106,17
781.0,0.98088515,1.5334613,0.8305006,0.9,0.9738154613466334,0.5643965417199903,102.94120288880112,24,0.18040723,1,False,106,18
510.0,0.9558785,1.8345752,0.99357957,1.0666667,0.9444444444444444,0.8216914364422797,144.61320808271176,24,0.21583237,1,False,106,19
747.0,0.971696,1.9277555,1.0440447,1.0333333,0.9601542416452442,0.8164820879636561,144.61320808271176,24,0.22679476,1,False,106,20
914.0,0.9870878,2.7161927,1.471051,1.1666666,0.9744136460554371,0.5695700644870166,259.4393968991416,24,0.31955206,1,False,106,21
656.0,0.9770128,1.5854676,0.8586665,0.93333334,0.9647058823529412,0.5738765625485696,183.1341165019645,24,0.1865256,1,False,106,22
223.0,0.85273176,1.7372197,0.94085324,1.3,0.8814229249011858,0.608081107780767,322.74967467074896,24,0.2043788,0,False,106,23
1033.0,0.9715403,1.518619,0.8224622,0.7,0.9654205607476636,0.7894965558846376,508.0942202600487,24,0.17866105,0,False,106,24
825.0,0.9800627,2.0262625,0.94495,1.2083334,0.9683098591549296,0.7764059147751788,91.89992557737364,20,0.19070707,1,False,107,1
654.0,0.9345233,1.9845184,0.9254826,1.2083334,0.9589442815249267,0.6196267763105692,91.89992557737364,20,0.1867782,1,False,107,2
730.0,0.97518396,2.5428653,1.1858683,1.4583334,0.9733333333333334,0.7890894197284257,143.26181470919883,20,0.2393285,1,False,107,3
619.0,0.95926833,2.2122376,1.0316796,1.4166666,0.9687010954616588,0.3330355811004441,146.83358257912047,20,0.20821059,1,False,107,4
920.0,0.97993857,2.2623188,1.0550351,1.25,0.9766454352441614,0.7106158509295414,102.79243790303804,20,0.21292412,1,False,107,5
813.0,0.9848008,3.0765684,1.4347614,1.4166666,0.9690107270560191,0.6456785387766331,143.26181470919883,20,0.28955936,1,False,107,6
736.0,0.97618103,2.046139,0.9542194,1.125,0.9800266311584553,0.5997146656613099,145.15223838086894,20,0.1925778,1,False,107,7
701.0,0.97767,1.9643961,0.9160985,1.2083334,0.9722607489597781,0.7287489478429952,147.12838966087782,20,0.18488434,1,False,107,8
617.0,0.9606162,1.8626418,0.86864525,1.1666666,0.9536321483771252,0.8173596762160436,107.71401691061067,20,0.17530747,1,False,107,9
779.0,0.97922266,1.9399872,0.90471536,1.1666666,0.9689054726368159,0.7221974822592483,107.71401691061067,20,0.18258703,1,False,107,10
704.0,0.9810493,2.38009,1.1099578,1.4583334,0.9723756906077348,0.49227825854038326,112.98354669879342,20,0.22400846,1,False,107,11
800.0,0.9846564,2.5084896,1.1698371,1.2916666,0.966183574879227,0.7830853525413188,74.41329128314425,20,0.23609313,1,False,107,12
697.0,0.97969186,2.1544716,1.0047405,1.1666666,0.973463687150838,0.728898519202214,161.37873486246013,20,0.2027738,1,False,107,13
663.0,0.97146755,1.95362,0.911073,1.25,0.9664723032069971,0.7255462826049497,74.41329128314425,20,0.1838701,1,False,107,14
893.0,0.98450625,3.0436728,1.4194205,1.2916666,0.9674972914409534,0.738553331724977,161.37873486246013,20,0.28646332,1,False,107,15
955.0,0.9820783,2.5900087,1.2078537,1.125,0.975485188968335,0.7230741104504461,190.29188791322656,20,0.24376553,1,False,107,16
882.0,0.9801089,1.8610166,0.8678874,0.7916667,0.9832775919732442,0.6295137579073838,360.69878880654835,20,0.1751545,1,False,107,17
903.0,0.9840111,2.8953488,1.3502494,0.9583333,0.9657754010695188,0.7671976787854148,190.29188791322656,20,0.27250344,1,False,107,18
907.0,0.96961564,2.134142,0.99525964,1.25,0.9597883597883597,0.7922577836181937,58.81579447304277,20,0.20086041,1,False,107,19
759.0,0.9746351,1.787275,0.8334978,1.0416666,0.9668789808917198,0.8188657500310573,58.81579447304277,20,0.16821411,1,False,107,20
638.0,0.977513,1.9480146,1.13023,1.1333333,0.9579579579579579,0.469500464345189,255.8739263693152,11,0.22917819,1,False,108,1
583.0,0.96414524,1.7160664,0.9956545,1.1666666,0.9781879194630873,0.5364423916142723,253.1247300086613,11,0.20189016,1,False,108,2
787.0,0.97272944,1.7709022,1.02747,1.1666666,0.9752168525402726,0.720384841073575,164.72096221282783,11,0.20834142,1,False,108,3
847.0,0.9656168,1.9779221,1.147582,1.2666667,0.9825986078886311,0.5772836848673042,297.86954376041064,11,0.23269671,0,False,108,4
497.0,0.9553198,1.8290409,1.0612018,1.1,0.9669260700389105,0.6558897595237164,212.80650186833594,11,0.21518128,0,False,108,5
731.0,0.9695729,1.5894208,0.9221753,0.96666664,0.9733688415446072,0.5161252623723135,164.72096221282783,11,0.18699068,1,False,108,6
697.0,0.976346,1.646437,0.95525587,1.1,0.9653739612188366,0.7246811529651779,317.9766711810148,11,0.19369848,1,False,108,7
1000.0,0.98464113,1.7126334,0.9936627,1.0,0.9765625,0.5781667363885822,212.80650186833594,11,0.20148627,1,False,108,8
745.0,0.9731701,1.5451007,0.89646095,0.9,0.9612903225806452,0.7054664400471908,293.9141075108622,11,0.18177655,1,False,108,9
1109.0,0.9652999,1.7670274,1.025222,1.0333333,0.958513396715644,0.9194023714076717,232.31497900832275,11,0.20788558,1,False,108,10
958.0,0.9826487,1.723556,1.0,0.93333334,0.9755600814663951,0.7609038884036483,232.31497900832275,11,0.20277129,1,True,108,11
238.0,0.8158872,2.0555556,1.1224736,1.4166666,0.7391304347826086,0.8447557494587257,116.84984185905896,50,0.2901961,0,False,109,1
826.0,0.986165,2.0449624,1.116689,0.9444444,0.9729093050647821,0.6155004631842397,251.37338918057713,50,0.28870058,1,False,109,2
794.0,0.975284,1.7190037,0.9386932,1.1666666,0.9682926829268292,0.7456038332996764,342.97072156540884,50,0.24268287,1,True,109,3
993.0,0.9864929,2.3862593,1.3030603,1.25,0.9706744868035191,0.6901873852838036,179.86518420589644,50,0.33688366,1,False,109,4
884.0,0.9520551,1.4604073,0.79748195,0.8888889,0.9505376344086022,0.6905826966347755,116.84984185905896,50,0.20617515,0,False,109,5
909.0,0.97376335,1.9127551,1.0444947,1.0555556,0.9701173959445037,0.7121229032755627,197.76858490286202,50,0.270036,1,False,109,6
630.0,0.918271,4.7347,2.5854692,1.1944444,0.8344370860927153,0.9015824667567054,179.86518420589644,50,0.66842824,0,False,109,7
911.0,0.9832403,2.1008658,1.1472161,1.1388888,0.9660657476139979,0.7346642073648338,104.99752526864772,50,0.29659283,1,False,109,8
967.0,0.9838246,1.8922784,1.033313,1.0833334,0.9660339660339661,0.5398941619154185,155.23842492885217,50,0.2671452,1,False,109,9
753.0,0.9802178,1.7830529,0.9736685,0.9444444,0.9580152671755725,0.6444697535641317,157.146007457561,50,0.2517251,1,False,109,10
881.0,0.98258096,2.0696177,1.1301525,1.1111112,0.9810690423162584,0.6745019079707754,94.79940939169356,50,0.29218134,1,True,109,11
856.0,0.980487,1.7739161,0.9686792,1.1388888,0.963963963963964,0.4795818764760959,100.59500462560875,50,0.25043523,1,False,109,12
862.0,0.9682651,1.6002513,0.87384635,1.0833334,0.9620535714285714,0.8048944565656917,38.27883320599098,50,0.22591783,1,False,109,13
633.0,0.98234785,1.9065298,1.0410953,1.0972222,0.966412213740458,0.7502536140691928,38.27883320599098,50,0.26915714,1,False,109,14
751.0,0.9805747,1.4833555,0.8100133,0.9722222,0.9727979274611399,0.5341943951679197,94.79940939169356,50,0.2094149,1,False,109,15
872.0,0.9819095,1.6344929,0.89254457,1.0833334,0.9743016759776536,0.5148082769408714,61.87336468618347,50,0.23075193,1,False,109,16
790.0,0.98352575,1.7503515,0.9558113,1.1388888,0.971709717097171,0.6352011812457682,78.05672914586127,50,0.24710846,1,False,109,17
978.0,0.9820714,2.1124744,1.1535552,1.0833334,0.9741035856573705,0.5748076469572587,107.14896424467452,50,0.2982317,1,False,109,18
815.0,0.9631932,1.6377301,0.8943123,1.0277778,0.973715651135006,0.53901882258082,46.18413968530994,50,0.23120895,1,False,109,19
856.0,0.97846717,1.7926402,0.97890383,1.0277778,0.9749430523917996,0.6814816897667649,101.74559062812779,50,0.25307864,1,False,109,20
1037.0,0.9664635,1.7183918,0.9383591,1.0277778,0.9737089201877934,0.5327083423216631,46.18413968530994,50,0.24259648,1,False,109,21
641.0,0.92492354,1.6329086,0.89167947,1.1388888,0.9682779456193353,0.8068087151565594,107.14896424467452,50,0.23052828,0,False,109,22
845.0,0.9720813,1.6400394,0.8955734,1.0833334,0.9526493799323562,0.6317293042831766,78.05672914586127,50,0.23153499,1,False,109,23
635.0,0.9598033,1.6171479,0.88307303,1.0,0.9709480122324159,0.6655644425938253,52.06084483588888,50,0.22830322,1,False,109,24
1612.0,0.9819748,2.2278397,1.2165524,1.1666666,0.9211428571428572,0.8438544535333323,79.83932375824367,50,0.31451857,0,False,109,25
824.0,0.98084205,2.1111448,1.152829,1.1666666,0.9728453364817001,0.4149813151198441,51.79758806413892,50,0.29804397,1,False,109,26
733.0,0.98332316,1.9478173,1.0636411,1.0277778,0.9721485411140584,0.5173016398568188,94.9795182197811,50,0.27498597,1,False,109,27
769.0,0.86294407,1.7432452,0.9519308,1.1388888,0.9552795031055901,0.7338688077445372,51.79758806413892,50,0.24610521,1,False,109,28
403.0,0.87730813,1.9329336,1.0555136,1.3333334,0.8241308793456033,0.503410370136007,63.319090920628184,50,0.27288476,0,False,109,29
824.0,0.97728664,2.5714672,1.4041965,1.25,0.9705535924617197,0.7606910140856217,81.36854032608953,50,0.36303064,1,False,109,30
736.0,0.97873586,1.9132322,1.0447552,1.0,0.9671484888304862,0.4892278588766886,59.27794790377824,50,0.27010337,1,False,109,31
1226.0,0.9857104,1.8922195,1.033281,0.9722222,0.9699367088607594,0.7699552173010299,64.35382934252571,50,0.26713687,1,False,109,32
941.0,0.9831369,1.9313083,1.054626,0.8888889,0.9641393442622951,0.5767913178188431,182.94019369160185,50,0.27265528,1,False,109,33
836.0,0.9794221,1.583134,0.86449915,1.0277778,0.9754959159859977,0.5636775987340804,91.64884137450137,50,0.22350128,1,False,109,34
651.0,0.9842032,1.7956136,0.9805275,1.0555556,0.9673105497771174,0.7231700910218245,40.85317385839727,50,0.2534984,1,False,109,35
1260.0,0.98051333,1.8604497,1.0159324,1.0833334,0.9699769053117783,0.6940350493793871,92.85159695369414,50,0.2626517,1,False,109,36
607.0,0.9757629,1.7699066,0.96648973,1.0,0.9619651347068146,0.6045071221392113,56.22959174104794,50,0.24986918,1,False,109,37
1135.0,0.9840446,2.1779737,1.1893222,0.9722222,0.9725792630676949,0.7235426957759252,64.35382934252571,50,0.30747864,1,False,109,38
448.0,0.884455,1.6463914,0.899042,1.2222222,0.875,0.7503082905277869,40.85317385839727,50,0.23243172,0,False,109,39
998.0,0.9867939,2.2413437,1.2239265,0.9444444,0.974609375,0.7159498996755785,72.35832553316425,50,0.316425,1,False,109,40
874.0,0.9786374,1.8289473,0.99872994,1.0833334,0.9689578713968958,0.6587234165896748,77.9295493950908,50,0.2582043,1,False,109,41
837.0,0.856863,1.8335989,1.00127,1.2222222,0.9228224917309813,0.5974517599472963,77.9295493950908,50,0.258861,1,False,109,42
959.0,0.97812206,2.0899374,1.1412483,1.1111112,0.9785714285714285,0.7693900934411532,92.85159695369414,50,0.29505,1,False,109,43
1498.0,0.9777555,2.1509235,1.1745509,1.0555556,0.9727272727272728,0.6055765088494326,83.15309700087863,50,0.30365977,1,False,109,44
387.0,0.9727231,1.4855728,0.8112241,0.7777778,0.9772727272727273,0.7054497992259603,77.28271955275684,50,0.20972793,0,True,109,45
979.0,0.9865316,1.7977812,0.98171115,0.9166667,0.967391304347826,0.7728600661566162,112.66700309549431,50,0.25380442,1,False,109,46
471.0,0.9288488,1.5638711,0.8539803,1.0277778,0.9651639344262295,0.8172589346900861,83.15309700087863,50,0.22078182,1,False,109,47
680.0,0.977687,1.2473447,0.6811353,0.7777778,0.9742120343839542,0.7016078784051665,77.28271955275684,50,0.17609572,1,False,109,48
407.0,0.7773306,1.7720448,0.9676573,1.1944444,0.9487179487179487,0.764941717084051,105.24235852962077,50,0.25017104,0,False,109,49
912.0,0.98453134,2.4324136,1.3282638,1.0277778,0.9754010695187165,0.7067417612913854,132.15200902596158,50,0.34339955,1,False,109,50
627.0,0.9817482,4.235247,1.6840329,1.1923077,0.9661016949152542,0.6921520165439575,227.05910629045877,36,0.43182912,1,False,110,1
797.0,0.98431253,3.6631117,1.4565386,1.3653846,0.9637243047158404,0.7031486672056934,243.47006406824883,36,0.37349376,1,False,110,2
728.0,0.976533,2.192783,0.8719017,1.1346154,0.9541284403669725,0.7970816983427954,161.8137605447443,36,0.2235779,1,False,110,3
758.0,0.96709704,2.094987,0.8330156,1.2307693,0.9717948717948718,0.8285506715993133,88.86073840057932,36,0.2136065,0,False,110,4
991.0,0.98088014,3.445432,1.369984,1.3846154,0.9792490118577075,0.7531692572067725,111.8299204087153,36,0.35129893,1,False,110,5
908.0,0.9850956,3.6309302,1.4437425,1.1538461,0.9721627408993576,0.6808723825204979,108.52674607592589,36,0.37021247,1,False,110,6
426.0,0.94751436,1.9634345,0.7807073,1.0769231,0.9659863945578231,0.5158359574316916,170.7922344063131,36,0.20019332,0,False,110,7
784.0,0.97545516,2.5561714,1.0163933,1.1923077,0.9526123936816525,0.8998882179818253,88.86073840057932,36,0.26062924,1,False,110,8
1019.0,0.9777681,2.8643088,1.1389159,1.1923077,0.9686311787072244,0.5917263058287523,216.63630878288575,36,0.29204717,1,False,110,9
1036.0,0.9835304,3.1292322,1.2442557,1.1923077,0.9718574108818011,0.785855633741936,98.06495954749171,36,0.31905898,1,False,110,10
548.0,0.9778768,2.8486807,1.1327019,1.0769231,0.9716312056737588,0.8073693959472585,90.08332840483155,36,0.2904537,1,False,110,11
1131.0,0.97207904,2.6372511,1.0486325,1.2307693,0.9708154506437768,0.7868428879071024,90.08332840483155,36,0.2688962,1,False,110,12
389.0,0.9840009,2.9955506,1.1911007,1.0384616,0.9823232323232324,0.7247479605939525,42.36876852369852,36,0.30542868,0,True,110,13
723.0,0.9715183,2.2275243,0.88571554,0.96153843,0.9678714859437751,0.814272339341213,128.62534889861396,36,0.22712012,0,False,110,14
541.0,0.9859274,4.416821,1.756231,0.88461536,0.9765342960288809,0.8179319494531999,42.36876852369852,36,0.4503425,1,False,110,15
743.0,0.9698856,2.04985,0.8150681,1.1538461,0.9599483204134367,0.8746646144447713,248.53505812715684,36,0.2090043,1,False,110,16
721.0,0.96838295,1.9350795,0.76943266,1.0384616,0.9716981132075472,0.8069731445591257,98.06495954749171,36,0.19730222,0,False,110,17
1106.0,0.9823296,2.7440186,1.0910857,1.0,0.9584055459272097,0.7964560260780302,128.62534889861396,36,0.2797823,1,False,110,18
827.0,0.9809942,2.8277833,1.1243925,1.1538461,0.9649941656942824,0.8159602531401464,164.11606582441888,36,0.28832301,1,False,110,19
1148.0,0.97881806,2.6066403,1.036461,0.96153843,0.9795221843003413,0.780467668185999,97.21653223228392,36,0.2657751,1,False,110,20
1058.0,0.97842103,2.5399883,1.0099585,1.1923077,0.9724264705882353,0.7137943711276599,100.46134888216795,36,0.2589792,1,False,110,21
357.0,0.95181745,1.7603965,0.69997466,0.88461536,0.970108695652174,0.7621441038083624,97.21653223228392,36,0.17949142,0,True,110,22
1033.0,0.9778454,2.850957,1.1336069,1.3076923,0.9654205607476636,0.7571497640730377,100.46134888216795,36,0.2906858,1,False,110,23
681.0,0.9383461,2.6222749,1.0426776,1.5,0.9700854700854701,0.6440543042429013,173.43835526661445,36,0.2673692,0,False,110,24
156.0,0.93815416,1.7418638,0.6926057,0.9230769,0.9570552147239264,0.9284940802462227,105.60732845974397,36,0.1776018,0,True,110,25
830.0,0.97467583,2.4898982,0.99004155,0.88461536,0.9639953542392566,0.817791798886622,221.52521543732104,36,0.25387198,1,False,110,26
561.0,0.9698084,2.0661592,0.82155305,1.1923077,0.9524617996604414,0.8753753979097648,70.7540892498973,36,0.21066722,0,False,110,27
1098.0,0.98086184,3.5312457,1.4041055,1.3076923,0.9699646643109541,0.6761546727591168,70.7540892498973,36,0.36004856,1,False,110,28
624.0,0.9563497,2.1432445,0.85220397,1.1153846,0.96,0.8145008490975969,93.12021628418582,36,0.2185269,0,False,110,29
583.0,0.97942936,2.2718036,0.90332204,1.0384616,0.96843853820598,0.7156319673515614,46.971639776446494,36,0.23163489,1,False,110,30
397.0,0.9196193,1.7732029,0.7050668,1.0,0.9778325123152709,0.6844897833802118,46.971639776446494,36,0.18079716,0,False,110,31
727.0,0.9758922,1.5361867,0.61082363,0.9230769,0.9641909814323607,0.5524893471764384,93.12021628418582,36,0.1566308,0,False,110,32
670.0,0.97154486,1.8081515,0.71896315,1.0384616,0.9585121602288984,0.8162898111461457,176.31800909159563,36,0.18436055,0,False,110,33
611.0,0.9819512,2.042679,0.8122168,1.0,0.957680250783699,0.6355450226815496,31.660802417759726,36,0.20827317,1,False,110,34
755.0,0.97957176,2.3426387,0.93148774,0.8076923,0.9654731457800512,0.8396802902315549,171.24763607078236,36,0.23885728,1,False,110,35
778.0,0.98015493,2.2286928,0.88618016,1.0384616,0.9688667496886675,0.7832230339570889,31.660802417759726,36,0.22723927,1,False,110,36
726.0,0.98113865,3.144999,1.4219062,1.3076923,0.9641434262948207,0.7886611147365404,283.4493703399541,18,0.32066655,1,False,111,1
604.0,0.9780904,2.963385,1.3397955,1.3076923,0.975767366720517,0.6200823564782219,49.63509938292133,18,0.30214906,1,False,111,2
907.0,0.98278475,2.2878466,1.0343734,1.3076923,0.9721329046087889,0.6433945562614856,73.22312811726323,18,0.23327063,1,False,111,3
530.0,0.97209704,2.2330189,1.0095849,1.2692307,0.9636363636363636,0.838761276286965,49.63509938292133,18,0.22768036,1,False,111,4
706.0,0.96013314,2.457943,1.1112767,1.5769231,0.9592391304347826,0.5898688148805032,155.5130719839186,18,0.25061378,1,False,111,5
758.0,0.9493347,2.2804446,1.0310268,1.3461539,0.974293059125964,0.6212898230251882,247.8650340723999,18,0.23251592,1,False,111,6
1025.0,0.97588223,2.2639024,1.0235478,1.1923077,0.9771210676835081,0.6767692919951068,437.54424297511156,18,0.23082927,1,False,111,7
466.0,0.9280592,1.8396335,0.83172876,1.1153846,0.9529652351738241,0.6972255057989296,299.7834316394393,18,0.18757047,1,False,111,8
573.0,0.971021,1.9995973,0.90405107,1.1153846,0.9728353140916808,0.6350793311276733,299.7834316394393,18,0.2038805,1,False,111,9
239.0,0.8173522,2.0381396,0.92147666,1.1923077,0.8505338078291815,0.8967110289150788,123.73022391978522,18,0.20781031,0,False,111,10
911.0,0.9802313,2.190619,0.99041516,1.1923077,0.9732905982905983,0.6253675944002132,123.73022391978522,18,0.22335723,1,False,111,11
629.0,0.979857,2.3152747,1.046774,0.8076923,0.9691833590138675,0.6314722829572156,180.20548474848607,18,0.23606722,1,False,111,12
589.0,0.9628533,1.792804,0.8105564,1.0384616,0.9751655629139073,0.7085461050497555,97.46565367814482,18,0.1827957,1,False,111,13
518.0,0.9592577,1.3722155,0.6204014,0.7692308,0.9736842105263158,0.719480666863073,78.88820341474772,18,0.13991217,1,False,111,14
490.0,0.9711177,1.5175824,0.68612415,0.8076923,0.9645669291338582,0.48715693203907456,78.88820341474772,18,0.1547339,1,False,111,15
552.0,0.97182566,2.0173495,0.9120771,1.1153846,0.9667250437828371,0.8017134959856007,256.22122044651553,18,0.20569055,1,False,111,16
840.0,0.98123544,2.6203754,1.1847152,0.96153843,0.9767441860465116,0.72986259733421,184.50837051211593,18,0.26717553,1,False,111,17
714.0,0.97912973,2.037061,0.92098904,0.6923077,0.9780821917808219,0.6267222977711243,251.54243321601655,18,0.20770033,1,True,111,18
700.0,0.9669043,1.5702696,1.0938563,1.0943396,0.9845288326300985,0.8389860478938336,303.1289524355068,16,0.32636976,1,True,112,1
1057.0,0.9770494,1.6439193,1.1451612,1.018868,0.967948717948718,0.5948395267925334,284.4167764042486,16,0.34167734,1,False,112,2
871.0,0.98276776,1.7805386,1.2403306,1.1132076,0.9656319290465631,0.7839136950993029,303.1289524355068,16,0.37007272,1,False,112,3
306.0,0.8116894,1.4443827,1.006163,1.1698114,0.6830357142857143,0.8198361962619876,284.4167764042486,16,0.30020502,0,False,112,4
762.0,0.95088863,1.7166097,1.1957976,1.2075472,0.9621212121212122,0.6293171203888966,364.3070383618002,16,0.35678557,0,False,112,5
1021.0,0.9784071,1.7187551,1.197292,1.0754716,0.970532319391635,0.31850078520952657,118.68444170501691,16,0.35723147,1,False,112,6
554.0,0.9630863,1.2884,0.89750487,0.9622642,0.9736379613356766,0.5037409149890398,110.31235617809789,16,0.2677851,1,False,112,7
764.0,0.965828,1.4199101,0.9891153,1.0377358,0.9683143219264893,0.6700995155171177,58.877416167701625,16,0.29511857,1,False,112,8
843.0,0.9682623,1.4266882,0.993837,1.0754716,0.9779582366589327,0.5635701150169768,93.77691930549607,16,0.29652733,1,False,112,9
1625.0,0.97132903,1.497997,1.043511,1.0377358,0.9027777777777778,0.8224493086115657,58.877416167701625,16,0.3113484,0,False,112,10
823.0,0.9591997,1.2869622,0.8965032,1.018868,0.9603267211201867,0.7020562737765552,104.01667377755709,16,0.26748624,1,False,112,11
804.0,0.94085175,1.5539285,1.0824732,1.1132076,0.9640287769784173,0.33347947036744335,93.77691930549607,16,0.32297337,1,False,112,12
739.0,0.94103825,1.2710955,0.8854505,0.9622642,0.9634941329856584,0.6268965404844004,110.31235617809789,16,0.2641885,1,False,112,13
1779.0,0.9693813,1.4177352,0.9876003,0.9528302,0.8071687840290381,0.8935732469844271,137.21123432195105,16,0.29466656,0,False,112,14
815.0,0.973105,1.2867924,0.89638495,0.8867925,0.9656398104265402,0.6056410800927833,139.4000567042043,16,0.26745096,1,False,112,15
736.0,0.9648882,1.3877922,0.96674186,1.018868,0.968421052631579,0.7907883132252684,264.7042432303731,16,0.2884431,1,False,112,16
1006.0,0.9862903,1.7940254,0.9983315,1.1315789,0.9738625363020329,0.43598578071343974,146.5071851603037,3,0.26734495,1,False,113,1
481.0,0.9149599,1.7970238,1.0,1.2368422,0.9468503937007874,0.8206701694824884,146.5071851603037,3,0.26779178,1,False,113,2
956.0,0.98302203,2.4404867,1.3580714,1.0526316,0.9745158002038736,0.602639813935593,873.2697987642165,3,0.36368036,1,False,113,3
778.0,0.9670956,2.0055833,1.0114137,1.28125,0.9616810877626699,0.7845741374150493,344.4748817898931,18,0.25168103,0,False,114,1
831.0,0.97749734,1.8001279,0.90780276,1.0,0.9640371229698376,0.6668427361343703,172.3293665155798,18,0.2258984,1,False,114,2
800.0,0.97963804,2.1572266,1.0878873,1.03125,0.970873786407767,0.5808904484113411,172.3293665155798,18,0.2707108,1,False,114,3
676.0,0.97023505,1.9011188,0.95873237,1.25,0.96987087517934,0.4437989495462061,290.5161433463386,18,0.23857176,0,False,114,4
816.0,0.9835612,2.8889017,1.4568703,1.1875,0.9656804733727811,0.5612513896661173,217.44963713366948,18,0.36252883,1,False,114,5
870.0,0.97483444,2.2179956,1.118533,1.25,0.9688195991091314,0.6540368400815212,170.18787492185763,18,0.2783367,1,False,114,6
1158.0,0.9870909,2.5787728,1.3004726,1.1875,0.9796954314720813,0.47225486517948057,191.50814267310815,18,0.3236107,1,False,114,7
639.0,0.97617126,2.04196,1.0297585,1.03125,0.9711246200607903,0.5833227772405631,39.533815789489076,18,0.25624597,1,False,114,8
478.0,0.96147174,1.8733002,0.94470346,1.15625,0.9598393574297188,0.7870486366781498,53.95427267165219,18,0.23508081,1,False,114,9
126.0,0.7264579,1.9603175,0.98858625,1.40625,0.7875,0.7968800825512294,39.533815789489076,18,0.24600063,0,False,114,10
864.0,0.9827293,2.6052878,1.3138441,1.28125,0.9740698985343855,0.39576891318656415,53.95427267165219,18,0.32693806,1,False,114,11
940.0,0.9731601,1.7598736,0.88750255,0.9375,0.9791666666666666,0.7119559073075373,129.70561010243176,18,0.22084689,0,False,114,12
826.0,0.972139,1.9015588,0.9589543,1.0,0.9649532710280374,0.7647028322820869,197.2281087171779,18,0.23862699,0,False,114,13
856.0,0.9791528,1.8869377,0.9515809,1.0625,0.9617977528089887,0.6479384621572648,40.22758469110717,18,0.23679219,1,False,114,14
740.0,0.9825895,2.3279562,1.1739861,1.15625,0.9762532981530343,0.6533166249043632,146.60799464380742,18,0.2921357,1,False,114,15
839.0,0.9858317,2.363379,1.1918497,1.0625,0.9778554778554779,0.5122727922975955,40.22758469110717,18,0.29658088,1,False,114,16
785.0,0.9806846,1.8781847,0.94716674,0.96875,0.9703337453646477,0.7375396110337648,197.2281087171779,18,0.23569377,1,False,114,17
862.0,0.981187,1.7911108,0.9032554,1.0625,0.9685393258426966,0.6581207982067764,200.34421908544965,18,0.22476684,1,False,114,18
755.0,0.97906727,1.6895535,0.8771589,1.032258,0.9729381443298969,0.6701201882058255,298.8757678796294,19,0.20539671,1,False,115,1
817.0,0.9756732,1.9729538,1.0242907,1.1612903,0.9657210401891253,0.606536051302688,120.51847325683993,19,0.23984928,1,False,115,2
772.0,0.96030754,1.9261658,1.0,1.2258065,0.965,0.8425062212909025,120.51847325683993,19,0.23416133,0,False,115,3
551.0,0.968236,1.6994321,0.88228756,1.0645162,0.9632867132867133,0.7473260120095164,210.52967011878613,19,0.20659763,0,False,115,4
1128.0,0.9814648,1.9450068,1.0097816,1.1290323,0.9740932642487047,0.7418264972729001,129.63005582898208,19,0.2364518,1,False,115,5
597.0,0.95988,1.72686,0.8965272,1.0967742,0.9629032258064516,0.7257775054159441,141.6083149523281,19,0.209932,0,False,115,6
777.0,0.9771036,2.4014614,1.2467574,1.1290323,0.9688279301745636,0.6453570226271376,129.63005582898208,19,0.29194236,1,False,115,7
670.0,0.981559,1.8994222,0.9861156,0.9677419,0.9612625538020086,0.7951947199559852,74.94136041395606,19,0.23091015,1,False,115,8
700.0,0.9791748,2.217742,1.1513765,1.0,0.9602194787379973,0.7276848940524253,164.1563626267132,19,0.26960784,1,False,115,9
657.0,0.97459006,1.7433102,0.90506756,1.0645162,0.9661764705882353,0.7798194275510136,115.57530449226346,19,0.21193184,1,False,115,10
838.0,0.9734592,1.7993687,0.93417126,1.0,0.96878612716763,0.7448325341653865,74.94136041395606,19,0.21874678,1,False,115,11
843.0,0.9854929,2.0208166,1.0491395,1.032258,0.9734411085450346,0.7905259978687835,113.09116663633556,19,0.24566789,1,False,115,12
766.0,0.97839576,2.2526321,1.1694902,1.1290323,0.9598997493734336,0.754456771410809,113.09116663633556,19,0.2738494,1,False,115,13
714.0,0.98034704,2.0018523,1.0392939,1.0967742,0.9687924016282226,0.8719849523613896,138.50705742646997,19,0.24336244,1,False,115,14
684.0,0.9756716,1.9711375,1.0233477,1.1935484,0.9827586206896551,0.8108518881349919,138.50705742646997,19,0.23962848,1,False,115,15
751.0,0.9686492,1.9292127,1.0015818,1.0967742,0.9603580562659847,0.8064810654075533,142.24644266586878,19,0.23453173,1,False,115,16
939.0,0.9671973,1.7906833,0.92966205,1.1290323,0.9750778816199377,0.6095808907157961,198.46103550665123,19,0.2176909,0,False,115,17
214.0,0.8370259,1.6927947,0.87884164,1.1612903,0.963963963963964,0.3861677653059035,109.52470479288696,19,0.20579073,0,False,115,18
991.0,0.9772843,1.6985775,0.88184386,1.0,0.9744346116027532,0.6292092731588426,109.52470479288696,19,0.20649374,1,False,115,19
444.0,0.97793055,2.277684,0.90268266,1.125,0.9694323144104804,0.6706869227764112,807.0393937068307,11,0.21437025,0,True,116,1
482.0,0.96953005,2.0663035,0.81890917,1.125,0.9659318637274549,0.5228980606672192,469.84301085295056,11,0.19447564,1,False,116,2
591.0,0.97646666,2.875987,1.1397997,1.25,0.9578606158833063,0.8059740501643454,81.33376843900885,11,0.27068114,1,False,116,3
454.0,0.9588263,1.9356645,0.76713485,1.25,0.9639065817409767,0.7066098392332658,81.33376843900885,11,0.18218018,0,False,116,4
917.0,0.97867167,2.566385,1.0170995,1.2083334,0.9776119402985075,0.8293491738023323,78.15864132487347,11,0.24154212,1,False,116,5
898.0,0.98570335,3.302756,1.3089352,1.2083334,0.9760869565217392,0.4225769281819601,78.15864132487347,11,0.3108476,1,False,116,6
459.0,0.9603875,2.523239,1.0,1.3333334,0.9663157894736842,0.6826518171907613,209.16919411442126,11,0.23748131,1,False,116,7
732.0,0.9767966,2.0450819,0.8104987,0.9583333,0.9606299212598425,0.45052273047352653,104.69707905436377,11,0.1924783,1,False,116,8
1008.0,0.97506374,2.6897323,1.065984,1.1666666,0.9720347155255545,0.6681887098970696,80.06440975476144,11,0.25315127,1,False,116,9
653.0,0.9802526,2.4592905,0.9746562,1.0833334,0.9731743666169895,0.6118158118628755,209.16919411442126,11,0.23146264,1,False,116,10
842.0,0.98113334,3.5273159,1.3979318,1.125,0.9700460829493087,0.7656715434579308,80.06440975476144,11,0.33198267,1,False,116,11
957.0,0.98007894,1.4457195,1.0,1.0178572,0.9666666666666667,0.5642140204126617,527.4962378723843,9,0.31749132,1,False,117,1
702.0,0.9776253,1.4806675,1.0241734,1.0892857,0.9590163934426229,0.8236192965843261,116.33411909609887,9,0.3251662,1,False,117,2
730.0,0.96405715,1.4248288,0.9855499,1.0625,0.964332892998679,0.7512154478297599,116.33411909609887,9,0.31290358,0,False,117,3
909.0,0.975464,1.3856083,0.9584213,0.96428573,0.9701173959445037,0.7557670288492117,131.07083139497746,9,0.30429044,1,False,117,4
1187.0,0.9837152,1.5785294,1.0918642,1.0892857,0.9713584288052373,0.6628846957088224,131.07083139497746,9,0.34665743,1,False,117,5
403.0,0.83368754,1.4370347,0.9939928,1.125,0.7261261261261261,0.881276058474261,119.64630613471158,9,0.3155841,0,False,117,6
803.0,0.9789346,1.4475628,1.0012751,1.0357143,0.9674698795180723,0.7496769977749113,295.8760889616059,9,0.31789613,1,False,117,7
911.0,0.9819952,1.4753019,1.020462,1.0,0.9519331243469175,0.7625168748425335,119.64630613471158,9,0.32398787,1,False,117,8
464.0,0.86629194,1.3657252,0.9446682,1.0535715,0.9508196721311475,0.655035575308899,295.8760889616059,9,0.29992396,0,False,117,9
727.0,0.9769507,1.9499122,1.3339586,1.3103448,0.9680426098535286,0.7543619524657814,1016.146026991217,3,0.22175473,1,False,118,1
1026.0,0.97813725,1.3981314,0.95647866,0.86206895,0.9679245283018868,0.6502882102629403,187.4749975969522,3,0.15900318,1,False,118,2
732.0,0.97610956,1.4617486,1.0,0.86206895,0.976,0.5536026209296924,187.4749975969522,3,0.16623807,1,False,118,3
557.0,0.97092927,2.0353353,0.87520325,1.1818181,0.9703832752613241,0.7226433718013081,135.84497978759055,25,0.17559756,1,False,119,1
763.0,0.98196685,2.9210653,1.2560711,1.1363636,0.9633838383838383,0.6084149829187616,125.89829439396726,25,0.25201347,1,False,119,2
718.0,0.9797173,3.3472397,1.4393281,1.2727273,0.9702702702702702,0.5361145815257075,107.44485731395052,25,0.28878146,1,False,119,3
769.0,0.979663,2.1342356,0.91773087,1.2272727,0.9636591478696742,0.7223648640653266,391.06916018193243,25,0.18413015,1,False,119,4
1181.0,0.9770264,3.2109153,1.380708,1.3181819,0.9744224422442245,0.5293243088352608,107.44485731395052,25,0.27702016,1,False,119,5
861.0,0.9798903,2.747281,1.1813431,1.1363636,0.9717832957110609,0.38504331120236934,120.19636185085994,25,0.23702033,1,False,119,6
526.0,0.97087485,2.1634982,0.9303139,1.2272727,0.9740740740740741,0.4843359419451452,104.45501816114883,25,0.18665473,1,False,119,7
462.0,0.9559004,2.276958,0.97910213,1.2272727,0.9525773195876288,0.8188512696900418,102.56097639266049,25,0.19644342,1,False,119,8
536.0,0.9703606,2.0513906,0.88210714,1.0909091,0.9588550983899821,0.8407765697762567,102.56097639266049,25,0.17698273,1,False,119,9
342.0,0.93016434,2.5519671,1.0973573,1.4090909,0.9553072625698324,0.5194327573677899,45.60528383664781,25,0.22016971,1,False,119,10
486.0,0.97986794,2.473251,1.063509,0.95454544,0.9739478957915831,0.545820108078674,187.5663552854869,25,0.21337852,1,False,119,11
707.0,0.9756067,1.9932494,0.85710615,1.1818181,0.9671682626538988,0.6317977713071139,45.60528383664781,25,0.17196661,1,False,119,12
656.0,0.8629612,2.6631792,1.1451789,1.7272727,0.8346055979643766,0.4802553395298673,208.2527454174111,25,0.22976446,0,False,119,13
807.0,0.9776577,2.2833726,0.98186046,1.3636364,0.9781818181818182,0.7769667067046748,102.67901811829852,25,0.19699687,1,False,119,14
578.0,0.9825545,3.0105379,1.2945447,1.1818181,0.9681742043551089,0.7338431634399785,34.04323725968171,25,0.2597327,1,False,119,15
704.0,0.98474747,2.5445507,1.0941682,1.0909091,0.9750692520775623,0.22512128331660602,52.779546999082854,25,0.21952985,1,False,119,16
527.0,0.9739293,2.5424356,1.0932587,1.1818181,0.9669724770642202,0.617722197449295,183.33034444446236,25,0.2193474,1,False,119,17
479.0,0.9565032,2.2718732,0.97691566,1.0909091,0.958,0.6000839895879119,34.04323725968171,25,0.19600475,1,False,119,18
571.0,0.9694726,2.0905907,0.89896333,1.1363636,0.943801652892562,0.8543778197270508,133.1148467061615,25,0.1803647,1,False,119,19
567.0,0.96667117,2.3255572,1.0,1.1363636,0.9675767918088737,0.6943521447255125,52.779546999082854,25,0.20063631,1,False,119,20
339.0,0.97061956,1.7518101,0.7532862,0.8181818,0.9685714285714285,0.641361244948768,104.93058760976176,25,0.15113656,0,False,119,21
535.0,0.9802068,2.8846219,1.2404003,1.1363636,0.9692028985507246,0.7219105074506841,147.63329911449745,25,0.24886934,1,False,119,22
650.0,0.96557844,1.920909,0.8259995,1.0,0.9615384615384616,0.5789007719904707,104.93058760976176,25,0.16572548,1,False,119,23
593.0,0.97127706,2.411927,1.0371394,1.3636364,0.9657980456026058,0.6010512261614408,264.36168405025734,25,0.20808782,1,False,119,24
593.0,0.981195,2.268588,0.975503,1.0454545,0.9785478547854786,0.3266921733653064,147.63329911449745,25,0.19572133,1,False,119,25
716.0,0.97666615,2.2081487,0.9679627,1.2068965,0.9649595687331537,0.7538134011915664,241.5023596205249,22,0.2511228,1,False,120,1
675.0,0.9811552,2.514585,1.102292,1.1724138,0.9698275862068966,0.7411877051198684,99.83068652468272,22,0.28597242,1,False,120,2
800.0,0.97837585,2.1543534,0.944381,1.0344827,0.9615384615384616,0.867980801491905,142.51267775177504,22,0.2450049,1,False,120,3
656.0,0.97648954,2.3627522,1.0357345,1.137931,0.9689807976366323,0.6277714812960317,99.83068652468272,22,0.26870516,1,False,120,4
650.0,0.9829004,2.5570824,1.120921,1.3793104,0.9715994020926756,0.3553192232444536,141.06763620656932,22,0.29080543,1,False,120,5
797.0,0.9848308,1.8042228,0.79089797,0.9655172,0.9743276283618582,0.7390755909705298,137.72987804656154,22,0.20518611,1,False,120,6
694.0,0.97783315,2.3543177,1.0320373,1.2068965,0.9665738161559888,0.4358709840256405,135.92382086339498,22,0.26774594,1,False,120,7
600.0,0.97960204,2.1914368,0.96063685,1.0689656,0.970873786407767,0.7214153255191432,201.41603151319737,22,0.24922222,1,False,120,8
844.0,0.98055667,2.4283378,1.0644846,1.2413793,0.9701149425287356,0.7574505748235406,137.72987804656154,22,0.2761639,1,False,120,9
613.0,0.9776649,2.7111435,1.1884551,1.4827586,0.9623233908948194,0.746011079948506,48.421500019582275,22,0.30832613,1,False,120,10
668.0,0.9831433,2.6969855,1.1822488,1.1724138,0.9667149059334298,0.6270286729820838,135.92382086339498,22,0.306716,1,False,120,11
652.0,0.97993106,3.173154,1.3909818,1.6206896,0.9630723781388478,0.5588311616290872,48.421500019582275,22,0.3608685,1,False,120,12
487.0,0.96362454,2.5931458,1.1367298,1.4827586,0.9586614173228346,0.5892512442405261,69.42708742975717,22,0.2949068,1,False,120,13
880.0,0.98041546,2.5693572,1.1263018,1.2758621,0.9659714599341384,0.5482652670174096,149.84332277012734,22,0.2922014,1,False,120,14
624.0,0.9775688,2.1229553,0.93061733,1.1724138,0.968944099378882,0.5508243871168093,171.89480970968134,22,0.24143414,1,False,120,15
407.0,0.91791236,1.6861814,0.73915344,0.9655172,0.9509345794392523,0.5574735973390356,105.86530546717815,22,0.1917618,1,False,120,16
946.0,0.984598,2.679157,1.1744336,0.82758623,0.971252566735113,0.674974949394191,101.11892671057001,22,0.30468845,1,False,120,17
751.0,0.98009425,2.181551,0.9563033,0.86206895,0.9690322580645161,0.5748404279137644,52.5633677369385,22,0.24809796,1,False,120,18
577.0,0.9683599,2.0158968,0.88368726,1.0344827,0.9521452145214522,0.7753247571693309,137.6470120399285,22,0.22925885,1,False,120,19
819.0,0.9848496,2.0473244,0.89746386,0.9655172,0.977326968973747,0.49059605348588703,105.86530546717815,22,0.23283297,1,False,120,20
676.0,0.97949076,2.004948,0.8788877,0.62068963,0.9712643678160919,0.7678861002167621,52.5633677369385,22,0.22801368,1,False,120,21
523.0,0.9706331,1.661436,0.728306,0.9655172,0.9649446494464945,0.41165240715712587,127.19193702184235,22,0.18894762,0,False,120,22
1050.0,0.9765588,2.1576366,1.1357576,1.1851852,0.971322849213691,0.612454221193167,153.0778372209507,14,0.22845565,1,False,121,1
790.0,0.9749159,1.7282232,0.90971875,1.1111112,0.966952264381885,0.5169210211465597,241.29028709797956,14,0.18298833,1,False,121,2
895.0,0.9743415,1.9538175,1.0284692,1.1851852,0.9665226781857451,0.7581027611420732,81.60677193271135,14,0.20687479,1,False,121,3
1614.0,0.97050345,1.9444903,1.0235595,1.037037,0.8029850746268656,0.8476697908185413,81.60677193271135,14,0.20588721,0,False,121,4
265.0,0.7401404,1.7842069,0.93918794,1.2962962,0.625,0.8903318152026656,247.9042823708206,14,0.18891601,0,False,121,5
691.0,0.97310495,1.7739186,0.9337723,1.074074,0.9650837988826816,0.7003047727452116,245.36200670224287,14,0.18782668,1,False,121,6
850.0,0.9795312,2.153377,1.1335154,1.1111112,0.9781357882623706,0.39261511866689774,56.82112506353635,14,0.22800462,1,False,121,7
752.0,0.97592616,1.5480201,0.8148617,0.962963,0.9778933680104032,0.5835107489379239,154.49842137347179,14,0.16390802,1,False,121,8
715.0,0.9798705,1.6917897,0.89054054,1.037037,0.9714673913043478,0.5792983675756371,41.528751106249615,14,0.17913067,1,False,121,9
1254.0,0.9770508,2.1624432,1.1382877,1.1481482,0.9781591263650546,0.5229369948602025,72.98422721733348,14,0.22896457,1,False,121,10
462.0,0.89370793,1.712522,0.9014538,1.074074,0.8970873786407767,0.7672981923674759,41.528751106249615,14,0.18132585,0,False,121,11
914.0,0.9806173,2.041292,1.0745149,1.074074,0.9744136460554371,0.6067057159582762,72.98422721733348,14,0.21613678,1,False,121,12
554.0,0.95672363,1.8661585,0.98232645,1.2962962,0.9685314685314685,0.38271786838855143,283.82396215712043,14,0.19759326,1,False,121,13
903.0,0.97832906,1.9333087,1.0176736,1.2962962,0.9657754010695188,0.6543365471000929,339.9454306311115,14,0.20470329,1,False,121,14
1114.0,0.98637635,2.4994566,1.3335156,1.1578947,0.9678540399652477,0.34149946280225757,249.79943441021416,13,0.37246805,1,False,122,1
421.0,0.8983308,1.5154394,0.80852056,1.0789474,0.9568181818181818,0.5397411741505268,249.79943441021416,13,0.22583018,0,False,122,2
1232.0,0.9861363,2.5204844,1.3447344,1.2631578,0.9770023790642347,0.3708398092938059,409.43089922725056,13,0.37560162,1,False,122,3
642.0,0.96887547,1.7040088,0.9091265,1.1842105,0.9712556732223904,0.7506525975420303,315.97615349550256,13,0.25393072,0,False,122,4
820.0,0.97963095,1.7129974,0.9139222,0.81578946,0.9692671394799054,0.7713965467151471,103.62973520402115,13,0.2552702,1,False,122,5
616.0,0.9665424,1.4018711,0.74792933,0.92105263,0.9716088328075709,0.5781833947670009,103.62973520402115,13,0.2089063,0,False,122,6
783.0,0.9776675,1.8743362,1.0,1.1315789,0.9642857142857143,0.7790097260777111,398.47785590940634,13,0.27931285,1,False,122,7
918.0,0.9615795,1.9133987,1.0208408,1.2368422,0.9683544303797469,0.6671940040364751,95.45202685205166,13,0.28513393,0,False,122,8
852.0,0.98287004,1.8820423,1.0041113,1.1578947,0.9726027397260274,0.6004836847421776,241.28407194685798,13,0.28046122,1,False,122,9
611.0,0.97206086,1.602679,0.8550648,1.1315789,0.9713831478537361,0.7105621880136617,95.45202685205166,13,0.2388306,0,False,122,10
655.0,0.9823615,1.971354,1.0517612,0.94736844,0.9718100890207715,0.7801486337757252,65.4154481739289,13,0.2937704,1,False,122,11
989.0,0.98100245,1.5195041,0.81068915,0.8684211,0.9734251968503937,0.6112986390512268,65.4154481739289,13,0.2264359,1,False,122,12
763.0,0.9884227,2.0301442,1.083127,0.7368421,0.9794608472400513,0.7790873275520436,315.6763674909357,13,0.30253127,1,False,122,13
523.0,0.9708413,2.0103393,0.9634419,1.1851852,0.9685185185185186,0.6471430505201424,121.31498701424192,27,0.21285945,1,False,123,1
576.0,0.96028394,2.0983152,1.0056038,1.1851852,0.9664429530201343,0.7511861735966223,121.31498701424192,27,0.22217457,1,False,123,2
373.0,0.88510466,1.9657432,0.94206953,1.5185186,0.8344519015659956,0.8038956656167673,300.5943596302876,27,0.20813751,0,False,123,3
1183.0,0.9653576,2.1545036,1.0325317,1.037037,0.8198198198198198,0.9005264733278148,49.67788442896018,27,0.2281239,0,False,123,4
518.0,0.9742493,2.1443586,1.0276698,1.0,0.9646182495344506,0.5262442585188448,49.67788442896018,27,0.22704974,1,False,123,5
698.0,0.9768325,1.8254272,0.874824,1.1111112,0.9721448467966574,0.6568382506687389,150.05816932753754,27,0.19328052,1,False,123,6
1020.0,0.97248393,2.0548294,0.98476344,1.2222222,0.967741935483871,0.3526584664429869,190.39638799702206,27,0.21757017,1,False,123,7
812.0,0.97730637,2.1857326,1.047498,1.2222222,0.963226571767497,0.7052080964384372,142.5784123848113,27,0.2314305,1,False,123,8
275.0,0.7601687,1.9272728,0.9236328,1.2592592,0.6875,0.8590422774977664,94.61852533218439,27,0.20406418,0,False,123,9
655.0,0.98098236,2.9502401,1.4138832,1.1851852,0.9632352941176471,0.5742337324487704,150.05816932753754,27,0.31237838,1,False,123,10
656.0,0.9746883,1.9906279,0.95399535,1.074074,0.9647058823529412,0.2651133363102648,150.73330276826655,27,0.21077237,1,False,123,11
675.0,0.97439814,1.95369,0.9362931,1.074074,0.9642857142857143,0.7840259095705825,136.73321495092986,27,0.20686129,1,False,123,12
1058.0,0.96964306,2.5045507,1.2002895,1.4074074,0.9653284671532847,0.722893042298087,235.01323201952619,27,0.26518774,1,False,123,13
626.0,0.97023904,2.1496866,1.0302231,1.1481482,0.9557251908396946,0.8178177712945137,35.94245023870502,27,0.22761387,1,False,123,14
552.0,0.9359414,2.1855876,1.0474285,1.2962962,0.9583333333333334,0.713132408449978,35.94245023870502,27,0.23141517,1,False,123,15
717.0,0.9750418,1.6062297,0.76977503,0.8518519,0.9741847826086957,0.7279132960070842,211.28253168343932,27,0.17007138,1,False,123,16
883.0,0.9829704,2.8197644,1.3513535,1.1481482,0.9660831509846827,0.6355980424301184,30.83312786405852,27,0.29856327,1,False,123,17
640.0,0.9731674,2.6697917,1.2794801,1.2962962,0.9682299546142209,0.762901324115761,99.6498469047805,27,0.28268382,1,False,123,18
722.0,0.97802263,2.9648097,1.4208655,1.1481482,0.9613848202396804,0.7567404154142626,30.83312786405852,27,0.313921,1,False,123,19
848.0,0.9814741,2.1629107,1.0365608,1.037037,0.9724770642201835,0.7362828384674149,106.3074704242731,27,0.22901407,1,False,123,20
426.0,0.97083265,1.986698,0.95211196,1.2592592,0.9659863945578231,0.5171578742634988,99.6498469047805,27,0.21035627,1,False,123,21
750.0,0.9790514,1.8230124,0.8736667,0.8888889,0.9603072983354674,0.6298541028248718,136.06230357494047,27,0.19302483,1,False,123,22
725.0,0.9805536,2.105696,1.009141,0.9259259,0.9692513368983957,0.7357275712358154,211.28253168343932,27,0.22295606,1,False,123,23
126.0,0.89488,1.5138154,0.7254861,0.7037037,0.9264705882352942,0.9090520371185253,234.59997824938208,27,0.16028634,0,True,123,24
692.0,0.9788409,1.5236031,0.73017675,0.8518519,0.9651324965132496,0.709127089153521,136.38836754348745,27,0.16132268,1,False,123,25
853.0,0.97927064,2.0866222,1.0,0.9259259,0.9616685456595265,0.7191738567162316,136.38836754348745,27,0.22093648,1,False,123,26
757.0,0.9752254,1.870248,0.8963041,1.037037,0.9631043256997456,0.8262160951389385,610.7966760262653,27,0.19802625,1,False,123,27
579.0,0.9621822,1.9964194,0.990307,1.4634147,0.9554455445544554,0.7748863609594856,80.13051592870075,11,0.32099292,0,False,124,1
608.0,0.9690423,2.1826057,1.082663,1.4634147,0.9728,0.49960204258712204,173.43861044193963,11,0.35092878,0,True,124,2
796.0,0.9775949,1.970125,0.9772638,1.5609756,0.9590361445783132,0.7379482884222656,80.13051592870075,11,0.3167652,0,False,124,3
551.0,0.9696947,1.4771811,0.73274314,1.0731708,0.9549393414211439,0.7297649452702014,187.7836116009648,11,0.23750755,1,False,124,4
813.0,0.9848759,2.0159602,1.0,1.3414634,0.9771634615384616,0.738903197011359,112.19915366916673,11,0.32413477,1,False,124,5
833.0,0.98316574,2.5847216,1.2821293,1.5121951,0.9731308411214953,0.8010946209234573,187.7836116009648,11,0.4155827,1,False,124,6
435.0,0.963224,1.4927951,0.74048835,0.9512195,0.9581497797356828,0.8501706230435047,130.1859643855398,11,0.24001803,0,False,124,7
680.0,0.9674826,2.1553442,1.0691403,1.5121951,0.9714285714285714,0.7422642111709257,97.88858979397872,11,0.34654555,0,False,124,8
892.0,0.98114806,2.0963032,1.0398535,1.5121951,0.9664138678223185,0.7683345743143907,97.88858979397872,11,0.33705267,1,False,124,9
747.0,0.98505217,2.3061025,1.1439227,0.9512195,0.9713914174252276,0.6960148327936981,139.2542845290263,11,0.37078512,1,False,124,10
808.0,0.9770055,1.732311,0.8592982,1.0,0.9596199524940617,0.8405695554044706,139.2542845290263,11,0.27852842,0,False,124,11
1101.0,0.9821345,1.5904753,1.0000563,1.0377358,0.9700440528634361,0.364632011295198,569.9738267133391,12,0.33056936,1,False,125,1
845.0,0.98283386,1.5885005,0.99881446,1.1320754,0.9723820483314154,0.728337366869602,236.11027477118205,12,0.33015895,1,False,125,2
821.0,0.9737904,1.6142302,1.0149927,1.2075472,0.9681603773584906,0.682047571568103,236.11027477118205,12,0.33550668,0,False,125,3
986.0,0.96531963,1.7402503,1.0942315,1.264151,0.9619512195121951,0.5725212243512436,107.34588869425156,12,0.3616991,0,False,125,4
171.0,0.7643429,1.7494208,1.0999976,1.3962264,0.6758893280632411,0.8225754215766061,107.34588869425156,12,0.36360508,0,False,125,5
611.0,0.96729314,1.3172961,0.8282871,0.7924528,0.9807383627608347,0.8583228492201604,281.4112897951943,12,0.27379096,0,True,125,6
645.0,0.95631737,1.5789381,0.9928019,1.245283,0.9583952451708767,0.5341816467579441,81.40055346043032,12,0.32817146,0,False,125,7
1339.0,0.97550863,1.7665112,1.1107438,1.1698114,0.9221763085399449,0.7683752282888953,167.70075640066747,12,0.36715722,0,False,125,8
742.0,0.9786249,1.5902965,0.9999438,1.1132076,0.9686684073107049,0.6094264881814444,81.40055346043032,12,0.33053222,1,False,125,9
903.0,0.9804244,1.3769406,0.86579025,0.9622642,0.9762162162162162,0.7781018302169067,194.65057537024856,12,0.28618765,1,False,125,10
514.0,0.97104037,1.7838265,1.1216313,1.1509434,0.957169459962756,0.6705000596357008,167.70075640066747,12,0.3707561,1,False,125,11
288.0,0.87279594,1.040291,0.6541123,0.6981132,0.8112676056338028,0.8663720877002397,281.4112897951943,12,0.21621732,0,False,125,12
225.0,0.9785438,2.8328207,1.1743398,1.1923077,0.9615384615384616,0.89657860552689,211.7924250863165,61,0.2888366,0,True,126,1
807.0,0.9804403,2.7249548,1.1296241,1.1923077,0.9769975786924939,0.7336344295835313,127.71809184093628,61,0.27783853,1,False,126,2
817.0,0.97451735,2.6332266,1.0915985,1.2307693,0.9680094786729858,0.5432632734141802,69.47256556830129,61,0.26848584,1,False,126,3
1018.0,0.98468727,3.254534,1.3491601,1.2692307,0.9816779170684667,0.5600687207093717,66.82812223201346,61,0.33183482,1,False,126,4
627.0,0.98543644,3.9076185,1.6198949,1.2307693,0.9675925925925926,0.6838021624563736,66.82812223201346,61,0.39842385,1,False,126,5
835.0,0.9752842,2.1887147,0.907327,1.2692307,0.9698025551684089,0.48178824233332757,134.4888794199476,61,0.22316308,0,False,126,6
622.0,0.9491387,2.0069256,0.8319667,1.2307693,0.9525267993874426,0.7907809430092128,69.47256556830129,61,0.20462771,0,False,126,7
1061.0,0.98509985,3.7956934,1.5734966,1.2307693,0.9751838235294118,0.7110668198196969,109.6335564748669,61,0.38701186,1,False,126,8
926.0,0.9784945,2.7691891,1.1479614,1.1923077,0.9706498951781971,0.7074528745246333,105.52722394162365,61,0.2823487,1,False,126,9
575.0,0.9541194,2.1039464,0.8721865,1.1153846,0.9615384615384616,0.7867724419774148,51.822912016044285,61,0.21452004,1,False,126,10
857.0,0.97786665,2.0354548,0.8437934,1.1153846,0.971655328798186,0.6401630347809721,142.59980555066372,61,0.20753655,1,False,126,11
817.0,0.9818876,3.379437,1.4009384,1.2307693,0.9714625445897741,0.6026995429040645,131.61968469909493,61,0.34457004,1,False,126,12
796.0,0.9822379,2.100599,0.8707988,1.0384616,0.9719169719169719,0.6966349004359449,109.6335564748669,61,0.21417874,1,False,126,13
344.0,0.96557903,2.007603,0.8322475,1.0384616,0.9690140845070423,0.5653386004626908,70.52871545458599,61,0.20469676,0,True,126,14
760.0,0.9835186,3.6496458,1.5129528,1.1153846,0.9693877551020408,0.6305642109828139,50.43622673263617,61,0.37212077,1,False,126,15
639.0,0.9783414,2.6005778,1.078064,1.1153846,0.9565868263473054,0.6841176442374103,146.17698227532773,61,0.26515695,1,False,126,16
849.0,0.97989595,3.230588,1.3392333,1.1923077,0.9669703872437357,0.8191221798433949,50.43622673263617,61,0.32939327,1,False,126,17
919.0,0.9835578,3.7013896,1.5344031,1.1923077,0.9735169491525424,0.6268044099383033,95.3406553933225,61,0.37739658,1,False,126,18
703.0,0.9722353,2.5681148,1.0646064,1.2692307,0.9683195592286501,0.7321785539766199,35.20549188332279,61,0.261847,1,False,126,19
955.0,0.97831774,3.069714,1.2725434,1.3076923,0.9665991902834008,0.8365338237513064,35.20549188332279,61,0.31299046,1,False,126,20
665.0,0.9795994,2.2153845,0.9183829,1.2307693,0.9750733137829912,0.7668338841709239,48.80990092112051,61,0.22588235,1,False,126,21
661.0,0.98314434,3.6542535,1.5148629,1.2307693,0.9607558139534884,0.7980950981682805,48.80990092112051,61,0.37259054,1,False,126,22
996.0,0.97743124,2.2247837,0.9222793,1.2692307,0.9641819941916747,0.4162866490612198,95.3406553933225,61,0.22684069,1,False,126,23
713.0,0.9816131,2.267127,0.9398326,1.1923077,0.9713896457765667,0.7128081243122658,53.14411430695903,61,0.23115805,1,False,126,24
940.0,0.9822977,2.7667758,1.146961,1.2307693,0.9740932642487047,0.39732790977150173,53.525900631383735,61,0.28210264,1,False,126,25
408.0,0.987702,3.1490386,1.3054272,1.0,0.9902912621359223,0.22962716471607963,111.13648653367062,61,0.32107842,1,True,126,26
713.0,0.9420671,2.7425287,1.1369094,1.5384616,0.9532085561497327,0.8034974950903686,60.609279294302944,61,0.2796304,1,False,126,27
712.0,0.97398394,2.6861496,1.1135375,1.3076923,0.9700272479564033,0.6125586443938028,45.10366182232283,61,0.2738819,1,False,126,28
596.0,0.9707998,2.1371322,0.88594353,1.0769231,0.952076677316294,0.834327757711476,119.15976539951029,61,0.21790367,1,False,126,29
847.0,0.97316873,2.1260557,0.8813518,1.2307693,0.9657924743443558,0.593442519642697,53.525900631383735,61,0.21677431,0,False,126,30
700.0,0.9773842,2.0975275,0.86952555,1.1538461,0.9695290858725761,0.5093625595738392,104.01559576387116,61,0.21386555,1,False,126,31
861.0,0.97479767,2.2803092,0.9452973,1.2307693,0.9750849377123443,0.37653756837716534,45.10366182232283,61,0.2325021,1,False,126,32
964.0,0.982973,2.5661905,1.0638088,1.1923077,0.9688442211055276,0.7003565658000713,60.609279294302944,61,0.2616508,1,False,126,33
595.0,0.9879998,3.8753717,1.606527,0.96153843,0.9706362153344209,0.6292195918103822,82.46962268901042,61,0.39513594,1,False,126,34
699.0,0.97194725,2.2191591,0.9199477,1.1153846,0.9681440443213296,0.7856858994063756,62.20286958644292,61,0.22626722,1,False,126,35
552.0,0.9809358,2.4053094,0.99711585,1.0769231,0.9804618117229129,0.34576449740203213,75.97920866370264,61,0.24524723,1,True,126,36
472.0,0.9564923,2.021757,0.838115,1.0,0.9613034623217923,0.7889719996471833,75.97920866370264,61,0.2061399,1,False,126,37
681.0,0.97686005,2.6523778,1.0995375,1.3076923,0.9458333333333333,0.7987281996430452,108.3736456860261,61,0.27043852,1,False,126,38
812.0,0.986176,5.3486643,2.2172773,1.2307693,0.963226571767497,0.8272249678875364,86.21152825132762,61,0.545354,1,False,126,39
630.0,0.95817524,2.1741147,0.90127456,1.2307693,0.9662576687116564,0.7637543522984079,65.05034138602126,61,0.22167446,1,False,126,40
599.0,0.98286045,3.4623091,1.4352928,1.2307693,0.9614767255216693,0.556004801412188,86.21152825132762,61,0.35301974,1,False,126,41
746.0,0.9741198,2.268045,0.94021314,1.2692307,0.9688311688311688,0.6217234140486266,65.05034138602126,61,0.23125164,1,False,126,42
1027.0,0.951595,2.3976855,0.9939554,1.4615384,0.9598130841121495,0.5531081041816946,229.88818247733823,61,0.2444699,1,False,126,43
681.0,0.9836465,2.4950864,1.0343328,0.88461536,0.9659574468085106,0.6602197833857786,130.70861152594935,61,0.25440097,1,False,126,44
1014.0,0.9757323,2.4122667,1.0,1.3461539,0.9787644787644788,0.2769059627128172,94.69675860269976,61,0.2459566,1,False,126,45
659.0,0.9815928,2.0299406,0.84150755,1.1538461,0.9691176470588235,0.565193463971112,84.44765031093966,61,0.20697433,1,False,126,46
523.0,0.97398853,2.371893,0.98326313,1.1153846,0.9526411657559198,0.8012936789707875,94.69675860269976,61,0.24184006,1,False,126,47
770.0,0.97012544,2.3204296,0.9619291,1.2307693,0.9612983770287141,0.6554235421975961,84.44765031093966,61,0.23659281,1,False,126,48
992.0,0.9836131,3.1743562,1.3159226,1.1923077,0.9744597249508841,0.6623335462163835,88.14097054434093,61,0.32365987,1,False,126,49
801.0,0.9807863,2.789926,1.1565579,1.2307693,0.9792176039119804,0.7648216026769635,145.69033508788232,61,0.28446305,1,False,126,50
347.0,0.961779,2.2637997,0.9384533,1.1538461,0.9692737430167597,0.6041505515077982,153.8850817482711,61,0.2308188,0,True,126,51
1032.0,0.9818593,2.3225253,0.9627979,1.0769231,0.9809885931558935,0.5159212322352417,161.64214379060388,61,0.2368065,1,False,126,52
837.0,0.9709277,2.2241063,0.9219985,1.1538461,0.9665127020785219,0.855032659366803,104.56325144454163,61,0.22677162,1,False,126,53
975.0,0.9833594,3.274635,1.3574929,1.1153846,0.975975975975976,0.5276747094341365,88.14097054434093,61,0.33388436,1,False,126,54
696.0,0.95645666,1.9700487,0.8166795,1.1538461,0.9666666666666667,0.740831765721557,112.24311556847393,61,0.2008677,0,False,126,55
614.0,0.9712654,1.6527187,0.68513095,0.7307692,0.9777070063694268,0.7615785308885258,124.15983521401499,61,0.1685125,1,False,126,56
1022.0,0.9813144,3.0567515,1.2671698,1.1923077,0.9687203791469194,0.5888507247923379,40.38484839319572,61,0.31166878,1,False,126,57
758.0,0.97239536,2.174447,0.90141237,1.0384616,0.970550576184379,0.7414167251738651,40.38484839319572,61,0.22170833,1,False,126,58
949.0,0.9763963,2.5029993,1.037613,0.96153843,0.9753340184994861,0.7793645575437286,100.54516923431126,61,0.25520778,1,False,126,59
867.0,0.9796516,2.3209565,0.96214753,1.0769231,0.965478841870824,0.6805202158071473,118.08111503452031,61,0.23664653,1,False,126,60
694.0,0.9783334,2.023886,0.8389976,0.9230769,0.9706293706293706,0.8612158759799081,118.08111503452031,61,0.206357,1,False,126,61
192.0,0.9538829,2.0455248,1.1346203,1.2962962,0.9746192893401016,0.9293422908771128,153.4168270614296,23,0.21658497,0,True,127,1
972.0,0.96497387,2.3098614,1.2812436,1.4444444,0.9652432969215492,0.7320385793563483,81.3420025668448,23,0.24457355,1,False,127,2
1163.0,0.98379606,2.2298653,1.236871,1.2592592,0.974036850921273,0.6674259546547975,81.3420025668448,23,0.23610339,1,False,127,3
242.0,0.82778805,1.8590449,1.0311828,1.2962962,0.8373702422145328,0.5875107965344786,219.9358247807992,23,0.19684005,0,False,127,4
393.0,0.9343044,1.7265102,0.9576679,0.962963,0.9538834951456311,0.7782926803920596,199.23951876825936,23,0.18280697,1,False,127,5
752.0,0.98123103,1.8850965,1.0456332,1.037037,0.9653401797175867,0.8607332590242597,199.30968572583893,23,0.19959846,0,False,127,6
695.0,0.9639353,2.113083,1.1720936,1.2222222,0.9666203059805285,0.7258747496773866,153.4168270614296,23,0.2237382,1,False,127,7
789.0,0.9794099,1.6047505,0.8901297,0.962963,0.9740740740740741,0.5473487714276316,199.23951876825936,23,0.16991475,1,False,127,8
506.0,0.9706481,1.8549261,1.0288981,1.1111112,0.9619771863117871,0.8074344770717456,90.23248424153401,23,0.19640394,1,False,127,9
641.0,0.9762532,1.7550124,0.9734776,1.1111112,0.9668174962292609,0.6958599779890755,110.31457232392643,23,0.18582484,1,False,127,10
700.0,0.9194852,1.9925398,1.1052302,1.2592592,0.9628610729023384,0.7564697473460597,90.23248424153401,23,0.2109748,1,False,127,11
581.0,0.9560664,1.7395295,0.96488947,1.074074,0.9477977161500816,0.754075355817863,128.869498424816,23,0.18418548,1,False,127,12
555.0,0.9791139,1.6808809,0.932358,0.962963,0.9788359788359788,0.4804184025353264,184.14044859302223,23,0.17797562,1,False,127,13
783.0,0.9802467,1.8274443,1.0136545,1.1111112,0.9738805970149254,0.565533128803896,109.24342832137728,23,0.1934941,1,False,127,14
816.0,0.97780895,1.9551108,1.084469,1.3333334,0.974910394265233,0.7590399159706084,331.286093014159,23,0.20701173,1,False,127,15
603.0,0.9682042,1.7634666,0.978167,1.1111112,0.9601910828025477,0.6335336093827508,109.24342832137728,23,0.18672,1,False,127,16
896.0,0.98006874,1.4141451,0.7844039,0.8518519,0.9644779332615716,0.6499532811321914,96.73606418180957,23,0.14973302,1,False,127,17
482.0,0.9452355,1.8028277,1.0,1.1111112,0.9563492063492064,0.7241953255054719,183.18673170901477,23,0.19088764,1,False,127,18
775.0,0.97260964,1.600908,0.88799834,0.962963,0.9591584158415841,0.6536126518640356,241.902760487317,23,0.1695079,1,False,127,19
654.0,0.95471454,1.3652735,0.7572956,0.8888889,0.960352422907489,0.36899432678267174,96.38755807898328,23,0.14455837,1,False,127,20
758.0,0.97251517,1.3292779,0.7373294,0.8148148,0.9656050955414013,0.7878573706960423,73.25146187022963,23,0.14074707,1,False,127,21
543.0,0.96110475,1.3162131,0.7300826,0.8148148,0.9766187050359713,0.6188395421406093,73.25146187022963,23,0.13936374,1,False,127,22
701.0,0.9661714,2.0653563,1.1456205,1.3333334,0.9602739726027397,0.6882971566519188,331.286093014159,23,0.21868479,1,False,127,23
793.0,0.97939426,1.824576,1.0,1.1388888,0.9802224969097652,0.6215569615145928,139.2729988273867,23,0.2575872,1,False,128,1
676.0,0.9720647,1.451019,0.7952637,1.0,0.9534555712270804,0.6857353909501851,319.89628120721994,23,0.20484975,0,False,128,2
1119.0,0.9873745,2.723836,1.4928597,1.1666666,0.9781468531468531,0.5778733495977997,81.96546432098783,23,0.38454154,1,False,128,3
790.0,0.98002064,1.8963081,1.0393144,1.1111112,0.9693251533742331,0.7200714312244608,81.96546432098783,23,0.26771408,1,False,128,4
903.0,0.9832946,2.8237357,1.547612,1.1111112,0.9678456591639871,0.6384420792009542,129.31749253611343,23,0.39864504,1,False,128,5
484.0,0.9057809,1.633781,0.89543045,1.1111112,0.9565217391304348,0.8554689670158228,43.15721970390523,23,0.23065144,1,False,128,6
952.0,0.9811668,2.3832283,1.306182,1.1111112,0.9754098360655737,0.5685798586017728,43.15721970390523,23,0.33645576,1,False,128,7
406.0,0.96939826,1.6263,0.89133036,1.0555556,0.9666666666666667,0.7140468638084005,54.70334478411398,23,0.22959529,1,False,128,8
983.0,0.9849393,2.7630553,1.5143547,1.0555556,0.9732673267326732,0.759413693204279,83.56823762465933,23,0.3900784,1,False,128,9
618.0,0.9617616,1.7687433,0.96939963,1.0833334,0.9671361502347418,0.615236485768392,53.91868315180253,23,0.24970494,1,False,128,10
525.0,0.9760798,2.0603173,1.1292033,1.1111112,0.9650735294117647,0.41358322691813926,62.74039580911322,23,0.29086834,1,False,128,11
612.0,0.9778574,2.123593,1.1638831,1.1111112,0.9683544303797469,0.4359023395883492,53.91868315180253,23,0.29980138,0,False,128,12
449.0,0.9593748,1.6890621,0.92572856,1.0833334,0.9697624190064795,0.5006093484301836,83.56823762465933,23,0.23845583,1,False,128,13
617.0,0.9741116,1.9481812,1.0677446,1.0833334,0.970125786163522,0.5138592765880443,62.74039580911322,23,0.27503735,1,False,128,14
754.0,0.97615063,1.7910036,0.98159987,1.1388888,0.9691516709511568,0.5656938114945008,164.15363047300772,23,0.25284755,0,False,128,15
733.0,0.97416705,1.8705851,1.0252163,1.0833334,0.9594240837696335,0.6120311549742335,179.63670368958591,23,0.2640826,1,False,128,16
781.0,0.9821237,1.835076,1.0057547,0.9444444,0.9701863354037267,0.6686022766333811,243.5079453562611,23,0.25906956,1,False,128,17
653.0,0.9777036,1.7672707,0.9685925,1.1666666,0.9702823179791976,0.6081453112160063,332.9886330013037,23,0.24949704,1,False,128,18
631.0,0.9820729,2.6124756,1.4318261,1.0694444,0.958966565349544,0.45713755360894454,179.63670368958591,23,0.3688201,0,False,128,19
606.0,0.97539496,1.4746517,0.8082161,0.8611111,0.9634340222575517,0.721952015672908,132.4282362559823,23,0.20818612,1,False,128,20
607.0,0.9761265,1.2595643,0.6903326,0.5277778,0.9743178170144462,0.5553973061832393,584.987587000247,23,0.17782085,1,False,128,21
902.0,0.9588377,1.5013242,0.82283455,0.8333333,0.9688506981740065,0.6643447361293233,132.4282362559823,23,0.21195166,1,False,128,22
191.0,0.8601036,1.5949681,0.8741582,1.0555556,0.9744897959183674,0.714700473734404,222.17068967792022,23,0.22517195,0,True,128,23
790.0,0.9725178,2.6499627,0.8596605,1.2941177,0.9657701711491442,0.8301082550513437,186.03336998399993,50,0.17666417,1,False,129,1
595.0,0.9590443,2.2247157,0.72170836,1.117647,0.9706362153344209,0.7288104951327596,75.5229964184381,50,0.14831439,0,False,129,2
1179.0,0.9838561,4.462306,1.4475933,1.2941177,0.9743801652892562,0.7604364029567151,43.67043613560746,50,0.29748705,1,False,129,3
928.0,0.9844476,3.3085067,1.0732954,1.1764706,0.9666666666666667,0.6137972673955543,43.67043613560746,50,0.2205671,1,False,129,4
882.0,0.9785721,2.4816594,0.8050621,1.117647,0.9702970297029703,0.7251969966150279,283.6100228768022,50,0.16544396,1,False,129,5
975.0,0.9836894,3.5871491,1.1636882,1.117647,0.9730538922155688,0.7510067747518205,110.21554796260762,50,0.23914328,1,False,129,6
1059.0,0.98297703,3.4096541,1.1061081,1.1764706,0.9724517906336089,0.4591530810450914,133.26653911458106,50,0.22731027,1,False,129,7
663.0,0.9717622,2.7647946,0.8969125,1.4117647,0.9525862068965517,0.6885624428886049,141.77516492007592,50,0.18431963,1,False,129,8
874.0,0.96824944,2.517701,0.81675416,1.2941177,0.9678848283499446,0.7395283180244925,42.718207111354154,50,0.16784672,1,False,129,9
1917.0,0.97878766,3.1602383,1.0251963,1.5294118,0.8588709677419355,0.8352057067659067,56.94615231252816,50,0.21068254,0,False,129,10
1278.0,0.9737062,2.766501,0.89746606,1.2352941,0.9115549215406562,0.7185063777133984,46.40156214384555,50,0.1844334,0,False,129,11
1082.0,0.9757511,3.0648036,0.9942369,1.2941177,0.9747747747747748,0.6608315654172798,42.718207111354154,50,0.20432024,1,False,129,12
827.0,0.98085666,3.0104558,0.9766062,1.117647,0.9717978848413631,0.7017000708510572,143.80291431803158,50,0.20069706,1,False,129,13
1297.0,0.9444726,2.963944,0.9615175,1.7647059,0.7937576499388005,0.8632730262605758,56.94615231252816,50,0.19759627,1,False,129,14
855.0,0.9733673,3.4017887,1.1035564,1.5294118,0.9585201793721974,0.6939375824264468,47.25579957787295,50,0.22678593,1,False,129,15
497.0,0.92693955,2.7739377,0.89987856,1.4705882,0.9783464566929134,0.2536002956648544,173.34727371512264,50,0.18492918,0,False,129,16
1036.0,0.9552167,3.5709174,1.1584226,2.0,0.953081876724931,0.717409036680152,47.25579957787295,50,0.23806116,1,False,129,17
722.0,0.98488694,3.2439303,1.0523465,1.0588236,0.967828418230563,0.44678771949085955,102.72027301679424,50,0.21626203,1,False,129,18
419.0,0.9325729,2.720904,0.8826742,1.2352941,0.9522727272727273,0.630323369983613,86.0436611385737,50,0.18139361,0,False,129,19
941.0,0.9825438,3.599175,1.1675894,1.2352941,0.9751295336787564,0.6039883488795461,91.35334362705291,50,0.239945,1,False,129,20
853.0,0.9843046,4.839873,1.5700778,1.2941177,0.97709049255441,0.5899536955961976,47.373829288239065,50,0.32265818,1,False,129,21
697.0,0.9747264,2.1950376,0.71208066,1.0,0.9561042524005487,0.6860165472160779,86.0436611385737,50,0.14633584,0,False,129,22
605.0,0.96358067,2.9816236,0.9672529,1.3529412,0.971107544141252,0.4630576032947032,31.452363006603406,50,0.19877492,1,False,129,23
1517.0,0.97964925,3.4681454,1.1250829,1.2941177,0.9138554216867469,0.7794045421831711,48.697852566654035,50,0.23120968,0,False,129,24
793.0,0.97912645,3.9218903,1.2722799,1.1764706,0.9706242350061199,0.2924379151275527,119.869850035968,50,0.26145935,1,False,129,25
712.0,0.9703472,2.9612525,0.96064436,1.3529412,0.9700272479564033,0.35870444469536145,31.452363006603406,50,0.19741684,1,False,129,26
615.0,0.96795845,2.1375418,0.6934287,1.0,0.9594383775351014,0.7813520532952507,47.373829288239065,50,0.14250278,0,False,129,27
1089.0,0.98388445,3.312375,1.0745503,1.3529412,0.97931654676259,0.572468650125905,164.54862290819574,50,0.220825,1,False,129,28
1008.0,0.9746191,3.0237513,0.9809193,1.3529412,0.9776915615906887,0.6195699787534312,62.678138680991125,50,0.20158342,1,False,129,29
990.0,0.98017925,3.6791444,1.1935319,1.4117647,0.9782608695652174,0.5974255214694929,60.054132894121324,50,0.2452763,1,False,129,30
905.0,0.9831529,3.8215795,1.2397386,1.1764706,0.9741657696447793,0.518673456058724,80.95330947540286,50,0.25477195,1,False,129,31
738.0,0.9866073,4.7799296,1.5506319,1.0588236,0.9787798408488063,0.589249816254753,51.085339042219466,50,0.318662,1,False,129,32
854.0,0.9832138,3.9760985,1.2898653,1.4117647,0.976,0.6179673057828703,131.05389848676944,50,0.26507324,1,False,129,33
923.0,0.9811316,2.7713337,0.89903384,1.0,0.9787910922587487,0.5973850044553168,91.47532683518772,50,0.1847556,1,False,129,34
938.0,0.982627,3.389314,1.0995096,1.1764706,0.9770833333333333,0.7065527416384635,86.14648670544692,50,0.22595426,1,False,129,35
545.0,0.92599267,2.89347,0.93865544,1.2941177,0.85423197492163,0.866217504219286,29.38920153544865,50,0.192898,1,False,129,36
950.0,0.97988844,1.8677399,0.6059037,0.7058824,0.9693877551020408,0.5115761183582617,187.56815499420875,50,0.124515995,0,False,129,37
959.0,0.9844315,3.425259,1.1111703,1.0588236,0.9785714285714285,0.6615859559218679,29.38920153544865,50,0.22835061,1,False,129,38
459.0,0.97839755,2.5186467,0.81706095,1.1764706,0.9786780383795309,0.7990516478887264,74.9343597331841,50,0.16790979,0,True,129,39
885.0,0.9874343,5.4551015,1.7696608,1.4705882,0.9703947368421053,0.7418751084635613,85.43866076951136,50,0.36367342,1,False,129,40
636.0,0.97814864,2.4916759,0.80831146,1.117647,0.9650986342943855,0.4512419010664382,48.738988779311676,50,0.16611172,0,False,129,41
345.0,0.9695086,2.6310315,0.85351914,1.1764706,0.9829059829059829,0.8671267400841198,74.9343597331841,50,0.1754021,0,True,129,42
815.0,0.9862778,4.7162037,1.5299588,1.2352941,0.9633569739952719,0.7582590535803824,48.738988779311676,50,0.31441358,1,False,129,43
880.0,0.9828436,3.1003342,1.0057632,1.0,0.975609756097561,0.6819178749483074,170.09852694647853,50,0.20668894,1,False,129,44
963.0,0.982685,3.1479445,1.0212082,1.0588236,0.9707661290322581,0.8357731107374281,164.27457312171785,50,0.20986296,1,False,129,45
848.0,0.9849946,4.6539264,1.5097558,1.4705882,0.9747126436781609,0.4436428159889172,210.58130127482224,50,0.31026176,1,False,129,46
756.0,0.97234493,1.7331933,0.56225616,0.7058824,0.9642857142857143,0.39081699369140227,48.418924148107195,50,0.11554621,0,True,129,47
388.0,0.9744231,2.5368404,0.8229631,0.9411765,0.97,0.758633607000636,48.418924148107195,50,0.16912271,0,True,129,48
468.0,0.9780211,3.145802,1.0205132,1.2941177,0.9790794979079498,0.8578199960271402,125.96427385033817,50,0.20972013,0,True,129,49
125.0,0.9323828,2.4922352,0.80849296,1.4705882,0.946969696969697,0.840124845861572,146.1256342497413,50,0.16614902,0,True,129,50
973.0,0.9856527,2.1296728,1.2463169,1.2285714,0.9759277833500501,0.6698285442911448,265.72068184718614,4,0.292308,1,False,130,1
865.0,0.98561406,1.9907514,1.165018,1.1714286,0.9762979683972912,0.6415867538506607,265.72068184718614,4,0.2732404,1,False,130,2
633.0,0.9797869,1.3453397,0.7873132,0.85714287,0.975346687211094,0.5388996020426394,161.29739325004866,4,0.18465446,1,False,130,3
579.0,0.9750041,1.426795,0.8349821,0.6857143,0.9633943427620633,0.4141151600020601,161.29739325004866,4,0.1958346,1,False,130,4
703.0,0.96002346,2.0079026,0.94535387,1.2592592,0.9723374827109267,0.726332246794047,1108.661948414956,4,0.21260145,1,False,131,1
500.0,0.95506346,1.884963,0.88747185,1.1481482,0.9671179883945842,0.7614191316804031,134.38170829216816,4,0.19958432,1,False,131,2
1222.0,0.97454023,2.6245074,1.2356616,1.3333334,0.9713831478537361,0.5322141103632826,176.43078757974737,4,0.277889,1,False,131,3
1235.0,0.98459363,2.240036,1.0546461,1.1481482,0.9724409448818898,0.4873968423133581,134.38170829216816,4,0.23718028,1,False,131,4
801.0,0.97526526,3.3833601,1.0119168,1.3571428,0.9756394640682094,0.6577045945718417,128.56308620103263,46,0.1857531,1,False,132,1
1144.0,0.98566914,6.3354144,1.8948358,1.2857143,0.9662162162162162,0.7548946022421605,68.48909749153432,46,0.34782666,1,False,132,2
1047.0,0.9813996,4.472234,1.3375839,1.2857143,0.976679104477612,0.48065941929422207,187.87699038260737,46,0.24553439,1,False,132,3
738.0,0.97511286,3.2258034,0.9647937,1.2142857,0.9659685863874345,0.5465305230478449,50.2263189131641,46,0.17710292,0,False,132,4
887.0,0.98454565,4.304075,1.2872899,1.1428572,0.9589189189189189,0.7546349039711844,39.54233992399927,46,0.23630214,1,False,132,5
373.0,0.94604033,2.569322,0.76844907,1.2142857,0.9713541666666666,0.34917256901007127,39.54233992399927,46,0.14106081,1,False,132,6
1198.0,0.9803102,5.4875984,1.6412656,1.4285715,0.9716139497161395,0.6491159315508578,50.2263189131641,46,0.3012799,1,False,132,7
598.0,0.9649246,2.7943141,0.83574116,1.3571428,0.9692058346839546,0.7106707731850561,112.12507440134256,46,0.15341333,1,False,132,8
481.0,0.9323989,2.6741908,0.79981387,1.1428572,0.969758064516129,0.6565740629004636,165.69818387437496,46,0.14681832,1,False,132,9
916.0,0.98686385,6.7696505,2.02471,1.8571428,0.9786324786324786,0.6491136014489288,93.44937982810147,46,0.3716671,1,False,132,10
668.0,0.9750874,3.6619973,1.0952533,1.4285715,0.9709302325581395,0.5309748604271057,110.92981999181704,46,0.20105083,1,False,132,11
977.0,0.9858419,7.918263,2.3682442,1.5,0.9740777666999003,0.4450747873718227,38.19422974779669,46,0.43472818,1,False,132,12
1035.0,0.97744375,5.200345,1.5553521,1.6428572,0.9691011235955056,0.6714862558560191,38.19422974779669,46,0.28550914,1,False,132,13
1053.0,0.9815534,5.0594897,1.5132241,1.4285715,0.9722991689750693,0.3105529499274892,70.90298224568456,46,0.2777759,1,False,132,14
1011.0,0.98519075,5.642998,1.6877435,1.5,0.9702495201535508,0.7606972393110017,40.43547606757765,46,0.30981168,1,False,132,15
661.0,0.9729813,2.5940135,0.77583396,1.2142857,0.9565846599131693,0.7994697866172118,186.67525205256632,46,0.14241643,1,False,132,16
1324.0,0.98548245,5.680837,1.6990607,1.4285715,0.9778434268833087,0.5743704323908436,70.90298224568456,46,0.3118891,1,False,132,17
513.0,0.8304522,2.7055137,0.80918217,1.2857143,0.9412844036697248,0.718086854294054,152.32589805149246,46,0.14853801,1,False,132,18
751.0,0.958643,3.1648278,0.9465567,1.7857143,0.9665379665379665,0.5781646603809818,63.3948595287457,46,0.17375526,1,False,132,19
1241.0,0.9721105,3.9967768,1.1953813,1.6428572,0.96953125,0.8264951380804527,60.9373641109105,46,0.21943088,1,False,132,20
1318.0,0.9796104,3.2889118,0.9836685,1.5714285,0.9726937269372694,0.5489793980827583,116.6914647683578,46,0.18056771,1,False,132,21
1108.0,0.981841,3.1609077,0.94538426,1.5,0.9719298245614035,0.4018738819518769,86.72531517758608,46,0.17354003,1,False,132,22
851.0,0.97036576,3.094259,0.92545056,1.4285715,0.9759174311926605,0.7753612363208302,112.24727070397704,46,0.16988088,1,False,132,23
1079.0,0.9742116,3.5707004,1.0679476,1.5,0.9651162790697675,0.7091940022946136,61.090178147543114,46,0.19603845,1,False,132,24
873.0,0.98384255,3.5937653,1.074846,1.2142857,0.9657079646017699,0.6404193805156942,60.9373641109105,46,0.19730476,1,False,132,25
976.0,0.98462164,5.951698,1.7800714,1.0714285,0.9663366336633663,0.8017679186348166,61.090178147543114,46,0.32675987,1,False,132,26
616.0,0.9324935,3.0082328,0.89972126,1.5,0.9506172839506173,0.7983978303394067,63.78836514608236,46,0.16515788,1,False,132,27
1321.0,0.9844423,7.0760245,2.116342,1.7857143,0.9677655677655678,0.5069276092643484,63.78836514608236,46,0.38848764,1,False,132,28
636.0,0.9812872,2.894542,0.8657179,1.2142857,0.9724770642201835,0.4477967683416562,85.33917602557692,46,0.15891603,1,False,132,29
528.0,0.9686594,2.4935067,0.74577373,0.9285714,0.967032967032967,0.787012252836584,39.75105490027121,46,0.1368984,1,False,132,30
668.0,0.9804936,3.5669377,1.0668223,0.85714287,0.9570200573065902,0.548468753993692,39.75105490027121,46,0.19583187,1,False,132,31
540.0,0.9589265,3.267196,0.9771736,1.2857143,0.9608540925266904,0.8293741864457321,147.57518384238844,46,0.17937545,1,False,132,32
757.0,0.9523071,3.7652385,1.1261313,2.0,0.9717586649550706,0.6969919760973396,114.95864212531262,46,0.20671898,1,False,132,33
922.0,0.95773244,2.8882864,0.86384696,1.6428572,0.9725738396624473,0.608417024891508,110.63591387112307,46,0.15857258,1,False,132,34
959.0,0.9891667,6.596827,1.9730207,1.5714285,0.9745934959349594,0.7130196708826693,95.33211776976056,46,0.3621787,1,False,132,35
704.0,0.96500325,3.3036728,0.98808336,1.5,0.9723756906077348,0.5671820482026741,95.33211776976056,46,0.18137811,1,False,132,36
692.0,0.9787548,4.093415,1.2242844,1.2142857,0.9611111111111111,0.38979188670364967,114.95864212531262,46,0.22473648,1,False,132,37
575.0,0.98018175,3.2931676,0.98494136,0.9285714,0.9663865546218487,0.6088444892918545,53.85657488658903,46,0.18080136,1,False,132,38
729.0,0.9780367,2.6671565,0.79771,0.85714287,0.972,0.43942666908243455,222.45714420725315,46,0.14643212,1,False,132,39
1217.0,0.9829808,4.4268107,1.3239986,1.5714285,0.970494417862839,0.654262672305829,125.79627231281609,46,0.24304059,1,False,132,40
2038.0,0.97879046,4.31873,1.2916731,1.3571428,0.8247673006879805,0.8771516059355832,123.29242853952148,46,0.23710674,0,False,132,41
1024.0,0.9688921,2.9838867,0.8924397,1.5,0.9687795648060549,0.6280681683382835,175.0913340771711,46,0.16382124,1,False,132,42
1299.0,0.9730141,3.2298472,0.9660031,1.4285715,0.9744936234058514,0.50341805947426,53.85657488658903,46,0.17732495,1,False,132,43
542.0,0.96212214,2.3836322,0.7129118,1.0,0.966131907308378,0.8214722578206084,130.86175587534575,46,0.13086608,1,False,132,44
597.0,0.9716314,2.389567,0.71468675,0.9285714,0.9754901960784313,0.5548909767638289,155.54142261483628,46,0.13119191,1,False,132,45
159.0,0.9120664,2.4164422,0.7227248,1.1428572,0.9520958083832335,0.8781452112210391,151.82206803269818,46,0.1326674,0,True,132,46
509.0,0.98278356,2.7485266,1.0,1.1666666,0.9807321772639692,0.8905926699363947,264.4895542154867,31,0.19401364,0,True,133,1
547.0,0.98612815,6.463742,2.3517115,1.4444444,0.9733096085409253,0.8021398676345518,32.77843400242294,31,0.4562641,1,True,133,2
645.0,0.9798737,3.3900087,1.2333913,1.2222222,0.9541420118343196,0.8656267037143687,433.1867752636264,31,0.23929474,1,False,133,3
505.0,0.9724174,2.4474149,0.8904461,1.2222222,0.9674329501915708,0.6494824739868009,61.63422889512264,31,0.1727587,1,False,133,4
555.0,0.9777986,2.6482482,0.9635156,1.2777778,0.9652173913043478,0.4088648061108177,61.63422889512264,31,0.18693517,1,False,133,5
581.0,0.976797,3.5253396,1.2826289,1.3888888,0.9651162790697675,0.6819917828506193,32.77843400242294,31,0.2488475,1,False,133,6
806.0,0.9762123,2.5098565,0.9131643,1.1111112,0.9629629629629629,0.7306292144781532,87.88876315410126,31,0.17716634,1,False,133,7
691.0,0.9845884,5.6551695,2.0575278,1.5,0.9773691654879774,0.5426410634839642,165.6538284639916,31,0.39918843,1,False,133,8
733.0,0.96423024,3.024026,1.1002353,1.5,0.9721485411140584,0.6836662151297868,47.49296574889985,31,0.21346065,1,False,133,9
543.0,0.9763907,2.4543688,0.8929762,1.1111112,0.9679144385026738,0.27966947443414253,76.32963695814986,31,0.17324956,1,False,133,10
568.0,0.9712696,2.6033843,0.94719267,1.1666666,0.9627118644067797,0.7085153636860942,47.49296574889985,31,0.1837683,1,False,133,11
326.0,0.9336971,2.2145534,0.80572385,1.1666666,0.9476744186046512,0.7363234830449011,238.78260933269917,31,0.15632142,1,False,133,12
406.0,0.9194817,2.2110016,0.8044316,1.1111112,0.9530516431924883,0.6866258112733351,238.78260933269917,31,0.15607071,1,False,133,13
1130.0,0.9822853,3.4594889,1.2586703,1.3333334,0.9608843537414966,0.6290253340971617,176.3538891194829,31,0.2441992,1,False,133,14
324.0,0.9269989,2.6587791,0.9673471,1.1111112,0.9418604651162791,0.753157623936118,188.95491563286672,31,0.18767853,0,True,133,15
816.0,0.9863383,4.2784586,1.5566372,1.2777778,0.9737470167064439,0.5524111834419811,176.3538891194829,31,0.30200884,1,False,133,16
416.0,0.91984326,2.2518697,0.81930065,1.3333334,0.9607390300230947,0.6043281583508836,167.63750691553798,31,0.1589555,1,False,133,17
862.0,0.98217773,3.6656353,1.3336729,1.1666666,0.9773242630385488,0.7002711408293822,174.7779044547286,31,0.25875074,1,False,133,18
985.0,0.98466796,3.8831358,1.4128064,1.0,0.9723593287265548,0.8201879774377734,80.94122652343695,31,0.2741037,1,False,133,19
514.0,0.96290964,2.1143537,0.76926804,1.0,0.9536178107606679,0.7926775854071243,80.94122652343695,31,0.1492485,1,False,133,20
164.0,0.77042145,1.9227643,0.69956183,1.0,0.7961165048543689,0.7122305636852715,212.32875661723054,31,0.13572453,0,False,133,21
361.0,0.96976036,3.1117268,1.1321436,0.8888889,0.967828418230563,0.8557538825050002,112.75083965138212,31,0.2196513,1,False,133,22
741.0,0.98173654,3.2726796,1.1907033,1.0555556,0.9711664482306684,0.819426597154554,237.3932510976721,31,0.23101269,1,False,133,23
454.0,0.97263795,2.485438,0.9042802,1.0555556,0.9659574468085106,0.4891768471706817,112.75083965138212,31,0.17544268,1,False,133,24
561.0,0.9704333,1.825609,0.66421366,0.7777778,0.9606164383561644,0.7313593589783327,122.01766899393303,31,0.12886652,1,False,133,25
409.0,0.9141532,2.8418908,1.0339688,1.4444444,0.966903073286052,0.6968826229600887,107.88101383812482,31,0.20060405,1,False,133,26
586.0,0.97420776,2.7861204,1.0136778,1.1111112,0.9638157894736842,0.7631210737196119,170.51398499875262,31,0.19666733,1,False,133,27
902.0,0.9763725,2.8027222,1.019718,1.0555556,0.9688506981740065,0.5572312819833669,270.5998195496448,31,0.19783922,1,False,133,28
1022.0,0.9772247,2.7361383,0.99549276,1.0,0.9742612011439467,0.6303521855788542,122.01766899393303,31,0.19313917,1,False,133,29
713.0,0.9836936,3.822425,1.3907179,1.1111112,0.9727148703956344,0.7039954659413142,107.88101383812482,31,0.26981825,1,False,133,30
608.0,0.97937816,2.5664291,0.93374723,0.8888889,0.977491961414791,0.8231794005554436,163.11542613168436,31,0.1811597,1,False,133,31
900.0,0.9691694,1.9038148,0.9731883,1.2,0.974025974025974,0.6563033273972563,232.94951733154514,7,0.22397822,1,False,134,1
761.0,0.9734217,2.0791063,1.0627935,1.2333333,0.9694267515923567,0.6709224098587154,484.4792191810529,7,0.24460076,1,False,134,2
715.0,0.9742761,1.8983684,0.97040415,1.1333333,0.9701492537313433,0.6043441558539462,232.94951733154514,7,0.22333746,1,False,134,3
789.0,0.983521,2.4626954,1.2588757,1.1,0.9669117647058824,0.707368962607669,60.74827226268062,7,0.28972885,1,False,134,4
829.0,0.9735309,2.0539606,1.0499395,1.1,0.9673278879813302,0.8126150981729413,60.74827226268062,7,0.24164242,1,False,134,5
532.0,0.9683709,1.9562657,1.0,1.0666667,0.9655172413793104,0.43525113275423233,285.0201527025729,7,0.2301489,1,False,134,6
709.0,0.95138675,1.4697226,0.7512899,0.96666664,0.9581081081081081,0.6633597303171972,323.73059677319884,7,0.17290854,1,False,134,7
691.0,0.964152,1.6000482,0.8477606,0.76666665,0.9583911234396671,0.5301853902948971,461.0385493320433,21,0.18824096,1,False,135,1
1053.0,0.9835598,1.7773346,0.94169307,1.1666666,0.9705069124423963,0.3589658428904495,329.33136547794106,21,0.20909819,1,False,135,2
751.0,0.9752075,1.8231246,0.96595424,1.0333333,0.9628205128205128,0.7537227367498903,160.55990761278167,21,0.21448526,1,False,135,3
632.0,0.95892644,1.8638712,0.98754317,1.2,0.9723076923076923,0.5843824284886245,160.55990761278167,21,0.21927898,1,False,135,4
821.0,0.9825569,2.1833942,1.1568375,1.0333333,0.9727488151658767,0.6185826849969602,71.11624764398226,21,0.25686988,1,False,135,5
398.0,0.8687468,1.4839196,0.7862317,1.0,0.943127962085308,0.7997071862771198,139.92528115882925,21,0.17457879,0,False,135,6
668.0,0.97785777,2.0272455,1.0741045,1.1666666,0.9597701149425287,0.5317454434716586,139.92528115882925,21,0.23849946,1,False,135,7
624.0,0.98017377,2.458921,1.302821,1.1,0.968944099378882,0.7905547364322775,71.11624764398226,21,0.28928483,1,False,135,8
632.0,0.9776449,1.8454642,0.97779053,1.1,0.9663608562691132,0.7615388339770202,80.61739229953245,21,0.21711344,1,False,135,9
548.0,0.97872144,1.8779806,0.9950188,1.1,0.9681978798586572,0.5828734743282854,74.64681384865696,21,0.22093889,1,False,135,10
674.0,0.9809237,2.2988625,1.2180165,1.0333333,0.9546742209631728,0.7911605101370787,80.61739229953245,21,0.2704544,1,False,135,11
534.0,0.96940196,1.5528715,0.82276475,0.93333334,0.9638989169675091,0.6338107802232726,166.50911399843545,21,0.18269075,1,False,135,12
704.0,0.97436243,1.7214962,0.912108,1.0333333,0.9750692520775623,0.15587510201247065,95.58669770455248,21,0.20252897,1,False,135,13
719.0,0.90086126,1.9384329,1.0270485,1.4666667,0.8569725864123957,0.8151965552324791,97.78305368733578,21,0.22805093,0,False,135,14
1101.0,0.9811557,1.9960641,1.0575835,1.1333333,0.9743362831858408,0.5429363521859409,60.37465970086062,21,0.23483108,1,False,135,15
503.0,0.87319636,1.911796,1.0129354,1.3333334,0.9195612431444241,0.7680900709728803,95.50970091967079,21,0.22491717,0,False,135,16
671.0,0.88845646,1.887382,1.0,1.2666667,0.9738751814223512,0.27277047079583006,95.50970091967079,21,0.22204494,1,False,135,17
458.0,0.93124294,1.5461427,0.8191996,0.9,0.9581589958158996,0.37187354169400444,166.50911399843545,21,0.18189915,0,True,135,18
829.0,0.9684178,2.1189787,1.122708,1.3666667,0.948512585812357,0.6761774252234,60.37465970086062,21,0.2492916,1,False,135,19
783.0,0.9853578,2.1045551,1.1150658,1.0333333,0.9726708074534162,0.7069825428065851,97.78305368733578,21,0.24759471,1,False,135,20
1214.0,0.9838292,2.5002472,1.324717,1.2333333,0.9814066289409863,0.4743196064747181,87.40613590559016,21,0.29414672,1,False,135,21
863.0,0.98018754,1.2650281,1.0268009,0.68421054,0.9718468468468469,0.4251082414651888,35.773474346104216,2,0.282771,1,False,136,1
841.0,0.97922915,1.1989903,0.9731992,0.6666667,0.9666666666666667,0.6800260724402123,35.773474346104216,2,0.26800963,1,False,136,2
393.0,0.9582998,1.7198704,1.0118836,1.0681819,0.960880195599022,0.8908084338135612,184.8591739950256,24,0.29676196,0,True,137,1
575.0,0.9283594,1.6813045,0.9891933,1.25,0.9535655058043118,0.6745590370305556,215.58366227531812,24,0.29010743,0,False,137,2
517.0,0.93113065,1.6750045,0.98548675,1.1590909,0.9609665427509294,0.7099564543676198,62.301924414116726,24,0.28902036,1,False,137,3
724.0,0.97679245,1.6050351,0.9443203,1.0681819,0.9564068692206077,0.6916942650511677,62.301924414116726,24,0.27694723,1,False,137,4
777.0,0.98293406,2.6130514,1.5373855,1.0909091,0.955719557195572,0.831156221962162,184.8591739950256,24,0.45087945,1,False,137,5
560.0,0.9663103,1.5126218,0.8899491,1.0227273,0.9671848013816926,0.8259386710681774,55.48207279730431,24,0.2610014,1,False,137,6
640.0,0.96432036,1.5417614,0.90709335,0.97727275,0.960960960960961,0.8812345652366605,55.48207279730431,24,0.26602942,1,False,137,7
1099.0,0.9772596,1.618248,0.95209414,1.0454545,0.9623467600700525,0.7065644812977468,119.47167716845745,24,0.2792271,1,False,137,8
378.0,0.8414029,1.7441678,1.026179,1.2272727,0.9593908629441624,0.7517384593657818,77.40129921199377,24,0.30095446,1,False,137,9
887.0,0.9827797,2.0856822,1.2271085,1.2045455,0.9747252747252747,0.7869335653229762,246.81704357989835,24,0.3598824,1,False,137,10
783.0,0.95395315,1.7069256,1.0042676,1.1136364,0.969059405940594,0.514563341501331,191.80987742505988,24,0.29452834,1,False,137,11
784.0,0.97937196,1.9333836,1.1375037,1.1136364,0.9560975609756097,0.8478215579664351,77.40129921199377,24,0.33360344,1,False,137,12
627.0,0.97103643,1.400319,0.8238759,0.90909094,0.9675925925925926,0.7771243067442379,269.9342325965683,24,0.24162367,1,False,137,13
690.0,0.9807511,1.7035573,1.0022857,0.95454544,0.9704641350210971,0.8094232077043035,154.15972481164243,24,0.29394713,1,False,137,14
893.0,0.98293364,2.1334114,1.2551899,1.1363636,0.9717083786724701,0.533526877550552,223.92780604776993,24,0.36811805,1,False,137,15
916.0,0.9717138,1.6957871,0.99771416,1.0,0.9703389830508474,0.7604854717434998,87.83807058507726,24,0.2926064,1,False,137,16
488.0,0.8953507,1.7633662,1.0374743,1.1818181,0.9512670565302144,0.8268387378497792,69.74994851171945,24,0.3042671,1,False,137,17
624.0,0.9747354,1.8806819,1.1064968,0.95454544,0.9483282674772037,0.8745102020414829,92.87932339557914,24,0.3245098,1,False,137,18
337.0,0.8244781,1.5961019,0.9390645,1.1136364,0.8425,0.8062875908005934,69.74994851171945,24,0.27540582,1,False,137,19
812.0,0.978429,1.8650079,1.097275,1.0227273,0.9678188319427891,0.802547909385256,87.83807058507726,24,0.3218053,1,False,137,20
895.0,0.9764916,1.9435501,1.1434852,1.1136364,0.9707158351409978,0.8466476022961252,264.8143313762214,24,0.33535767,1,False,137,21
720.0,0.9786194,1.5134785,0.89045316,0.8863636,0.96,0.8083867003438616,281.5318881469509,24,0.26114923,1,False,137,22
595.0,0.977942,1.6696715,0.98234916,1.0,0.967479674796748,0.7284584411481645,114.83758419248365,24,0.28810018,1,False,137,23
279.0,0.94808644,1.5557185,0.915305,1.0909091,0.9755244755244755,0.7248243233467373,114.83758419248365,24,0.2684377,0,True,137,24
626.0,0.97265625,1.7289671,1.0206761,1.0909091,0.9660493827160493,0.5967344606541986,314.7899645063564,10,0.22374867,1,False,138,1
727.0,0.97991395,1.7934226,1.0587267,1.060606,0.9667553191489362,0.8375430043652338,314.7899645063564,10,0.23208998,1,False,138,2
844.0,0.9803791,1.6437598,0.970375,1.030303,0.9712313003452244,0.6702293857067744,146.78349161686006,10,0.21272187,1,False,138,3
769.0,0.968757,1.8085668,1.0676669,1.1212121,0.9576587795765878,0.819184249042408,345.5165865354996,10,0.23404983,1,False,138,4
704.0,0.9779996,1.6589187,0.97932386,0.8484849,0.967032967032967,0.8087236414009131,281.4176583564957,10,0.2146836,1,False,138,5
387.0,0.8522703,1.4146895,0.83514595,1.0,0.9236276849642004,0.7785009712548058,146.78349161686006,10,0.18307747,1,False,138,6
909.0,0.9810779,1.8014802,1.0634834,1.030303,0.964968152866242,0.7265463463783033,230.38967107852594,10,0.23313272,1,False,138,7
612.0,0.9378622,1.4740047,0.870162,0.969697,0.9637795275590552,0.6973399740134353,141.41831822142072,10,0.19075356,1,False,138,8
767.0,0.9594981,1.3232981,0.78119403,0.8181818,0.9696586599241467,0.7513912353080892,141.41831822142072,10,0.17125034,0,False,138,9
1203.0,0.9794354,1.7362401,1.0249697,0.93939394,0.975669099756691,0.6627759994783207,205.62223400609716,10,0.2246899,1,False,138,10
852.0,0.9793844,1.9542987,1.027767,1.15625,0.9583802024746907,0.7620784724896884,384.70343678790744,15,0.24524534,1,False,139,1
782.0,0.96990514,1.9398178,1.0201514,1.1875,0.9595092024539877,0.5523476491591457,129.83791859696709,15,0.24342811,1,False,139,2
792.0,0.9702333,1.5986427,0.84072715,0.9375,0.9694002447980417,0.7884034244386289,165.3181056908975,15,0.20061399,1,False,139,3
124.0,0.69747823,1.6696068,0.8780472,1.40625,0.6048780487804878,0.8803592514880835,23.779612682452868,15,0.20951928,0,False,139,4
1067.0,0.980018,2.412049,1.2684981,1.28125,0.9526785714285714,0.770736651143566,246.82633432993782,15,0.3026885,1,False,139,5
146.0,0.82958317,1.8067209,0.9501556,1.5,0.8902439024390244,0.8386846247703289,23.779612682452868,15,0.22672576,0,False,139,6
862.0,0.97555196,1.8671331,0.98192644,1.0,0.9762174405436014,0.7192337812206268,50.51215003079854,15,0.2343069,1,False,139,7
644.0,0.9804066,1.9430318,1.0218416,1.125,0.9698795180722891,0.4001087923987865,185.69347601213317,15,0.24383144,1,False,139,8
500.0,0.88075393,1.9015,1.0,1.21875,0.9208103130755064,0.6734351140699701,147.331084167801,15,0.23861961,1,False,139,9
907.0,0.97335774,1.6170411,0.8504029,1.0,0.9700534759358289,0.5482128930938462,50.51215003079854,15,0.2029228,1,False,139,10
1024.0,0.9841614,1.7553406,0.9231347,1.15625,0.9761677788369876,0.5755519806072342,67.79844462584701,15,0.22027804,1,False,139,11
880.0,0.97803676,1.7494674,0.920046,1.125,0.967032967032967,0.7713953287836499,67.79844462584701,15,0.219541,1,False,139,12
622.0,0.9398456,2.1072648,1.1082119,1.46875,0.9452887537993921,0.7420596943156423,107.42693856761406,15,0.26444107,0,False,139,13
1100.0,0.9859189,2.3387215,1.229935,1.09375,0.975177304964539,0.6938558741012558,107.42693856761406,15,0.29348662,1,False,139,14
619.0,0.92020583,2.281452,1.199817,1.375,0.9611801242236024,0.8073503786784069,201.03465404665278,15,0.28629985,0,False,139,15
364.0,0.92474836,1.9259158,1.0,1.1666666,0.9629629629629629,0.5472680227458487,331.2255251906257,11,0.22657833,0,False,140,1
759.0,0.9757834,1.8227932,0.9464553,1.2,0.9595448798988622,0.6034223125102961,232.74167587224323,11,0.21444626,0,False,140,2
708.0,0.9831136,2.448776,1.2714865,1.2666667,0.9645776566757494,0.6510185650440047,234.71085852466462,11,0.2880913,1,False,140,3
659.0,0.978875,2.3385432,1.21425,1.2333333,0.9705449189985272,0.84302600567706,234.71085852466462,11,0.27512273,1,False,140,4
769.0,0.98802155,3.2800605,1.7031173,1.2,0.9709595959595959,0.8484865599688227,174.70346244238178,11,0.38588947,1,False,140,5
331.0,0.7709209,2.074723,1.0772656,1.3666667,0.8664921465968587,0.7335254225832816,88.40774548249513,11,0.24408506,0,False,140,6
614.0,0.98016894,1.706406,0.88602316,1.1166667,0.9669291338582677,0.6244567498003101,88.40774548249513,11,0.20075364,1,False,140,7
689.0,0.97816694,1.9928398,1.0347492,1.1,0.9676966292134831,0.8718280290203183,271.70692854189906,11,0.23445174,1,False,140,8
621.0,0.96287256,1.8833065,0.9778758,1.1666666,0.9733542319749217,0.6082410247602229,320.65653499945347,11,0.22156547,1,False,140,9
626.0,0.9655699,1.3791801,0.7161165,0.8666667,0.9690402476780186,0.7577401186889963,398.307069856643,11,0.16225648,0,False,140,10
625.0,0.9767789,1.7095467,0.8876539,0.93333334,0.9720062208398134,0.6034359989967855,363.5289011161948,11,0.20112313,1,False,140,11
894.0,0.9665691,1.4466583,0.9200903,1.0,0.9500531349628055,0.6968638908441392,211.11549796305815,6,0.27231213,1,False,141,1
685.0,0.97233474,1.4386557,0.9150006,1.0625,0.9771754636233951,0.5242021958471571,211.11549796305815,6,0.27080578,1,False,141,2
945.0,0.9862542,2.4151676,1.5360727,1.1041666,0.9712230215827338,0.5772636205492612,53.814778984609156,6,0.45461977,1,False,141,3
808.0,0.9849878,1.6979424,1.0799097,1.0,0.9758454106280193,0.3597710307207418,53.814778984609156,6,0.31961268,1,False,141,4
697.0,0.9814677,1.9624282,1.2481256,1.1041666,0.9721059972105998,0.6446675602699132,341.69058120589824,6,0.36939827,1,False,141,5
1031.0,0.9693562,1.353702,0.86096907,0.8541667,0.9662605435801312,0.4239392861136655,507.60798257419015,6,0.25481448,0,False,141,6
726.0,0.97187674,1.7098703,0.98467624,1.097561,0.9577836411609498,0.8646818899802247,104.55494650150592,26,0.2749203,1,False,142,1
938.0,0.9854885,3.118701,1.7959903,1.1707317,0.9600818833162743,0.7285707399520528,211.78540224816612,26,0.5014382,1,False,142,2
820.0,0.98068666,2.224182,1.2808568,1.2195122,0.9773539928486293,0.6606580095486176,245.7548959198495,26,0.35761356,1,False,142,3
840.0,0.98094887,1.8953543,1.0914923,1.0731708,0.9710982658959537,0.8529213942048501,104.55494650150592,26,0.30474323,1,False,142,4
677.0,0.9831763,2.3023021,1.3258445,1.097561,0.9741007194244604,0.7060770274737842,112.3878522801724,26,0.37017405,1,False,142,5
1103.0,0.9867261,2.4137497,1.3900247,1.0731708,0.9743816254416962,0.7447848764500992,137.49039783956138,26,0.38809308,1,False,142,6
191.0,0.79839355,1.6352956,0.9417303,1.2682927,0.7153558052434457,0.7294568818719075,106.21228040805653,26,0.2629299,0,False,142,7
199.0,0.9682519,1.9066062,1.097972,0.9756098,0.9660194174757282,0.7362152068774026,106.21228040805653,26,0.30655235,0,True,142,8
747.0,0.98189634,1.8223463,1.0494486,1.0,0.9676165803108808,0.6274430565146828,127.8575805396561,26,0.29300472,1,False,142,9
562.0,0.9682296,2.2627375,1.30306,1.3414634,0.9706390328151986,0.3798752888637986,230.7376395617465,26,0.3638127,0,False,142,10
667.0,0.98057854,2.2954254,1.3218844,1.1219512,0.9624819624819625,0.6264889385983323,166.75004084567263,26,0.3690684,1,False,142,11
899.0,0.979729,1.6316504,0.93963116,1.097561,0.9814410480349345,0.7730362326151216,63.961053726436774,26,0.2623438,1,False,142,12
735.0,0.97522855,1.7728888,1.0209671,1.0,0.9645669291338582,0.888049471203922,42.402260629018144,26,0.2850527,1,False,142,13
511.0,0.96198857,1.6915183,0.9741077,1.1219512,0.9659735349716446,0.3289746821770648,161.56734847769005,26,0.27196962,0,False,142,14
594.0,0.9646958,1.4200132,0.817754,1.0,0.972176759410802,0.8351500407674362,63.568067008958465,26,0.22831585,1,False,142,15
426.0,0.930844,1.6987863,0.9782932,1.0487804,0.9530201342281879,0.7295817186984546,33.42838926427421,26,0.2731382,1,False,142,16
457.0,0.87482905,1.643913,0.9466929,1.097561,0.9641350210970464,0.6701362901074518,33.42838926427421,26,0.26431543,1,False,142,17
879.0,0.98275405,1.7766585,1.023138,0.902439,0.9712707182320443,0.8335788164472571,187.01456035573787,26,0.28565884,1,False,142,18
740.0,0.97995603,1.9250823,1.1086121,1.0243902,0.959792477302205,0.7481082678969798,99.47398603814263,26,0.30952305,1,False,142,19
385.0,0.8826273,1.4850174,0.8551884,1.0487804,0.9553349875930521,0.8258778381425647,99.47398603814263,26,0.2387675,1,False,142,20
454.0,0.9557933,1.4012572,0.8069528,0.8902439,0.9659574468085106,0.5334631475222622,136.91062400703933,26,0.22530016,0,False,142,21
764.0,0.9775493,1.7630891,1.0153238,0.80487806,0.9757343550446999,0.77160437440846,193.43150994276635,26,0.28347707,1,False,142,22
582.0,0.95530635,1.0009639,0.5764328,0.58536583,0.9432739059967585,0.8479023290967718,380.5660677392643,26,0.16093929,0,False,142,23
779.0,0.9816083,1.4105012,0.81227624,0.8292683,0.9653035935563816,0.7978073640712838,84.09527881946461,26,0.22678648,1,False,142,24
632.0,0.9728278,1.2448287,0.7168691,0.80487806,0.9708141321044547,0.7439280952180247,84.09527881946461,26,0.20014893,1,False,142,25
698.0,0.97000986,1.639877,0.9443686,1.0243902,0.9789621318373072,0.4971231714221119,437.55255464298597,26,0.26366648,0,False,142,26
938.0,0.98510844,2.2786782,1.0,1.4,0.9730290456431535,0.4837982904727045,137.90415234140121,13,0.2680798,1,False,143,1
688.0,0.97303385,1.9315891,0.8476797,1.4666667,0.9690140845070423,0.17753030831454605,209.546772585756,13,0.22724578,0,False,143,2
863.0,0.983339,2.5968714,1.1396394,1.2666667,0.9729425028184893,0.7421885888130727,105.26274049431167,13,0.30551428,1,False,143,3
1064.0,0.97696406,2.6692984,1.171424,1.2666667,0.9655172413793104,0.44905423848945236,105.26274049431167,13,0.3140351,1,False,143,4
786.0,0.97977114,2.2805343,1.0008146,1.3,0.9715698393077874,0.5593423886030493,136.716093288072,13,0.26829815,1,False,143,5
897.0,0.97493434,1.5086956,0.66209245,0.96666664,0.9665948275862069,0.7444928854233606,208.3161605715141,13,0.1774936,1,False,143,6
1056.0,0.97981125,2.5553029,1.121397,1.2333333,0.9750692520775623,0.6868752012961732,171.0108595649111,13,0.30062386,1,False,143,7
859.0,0.9839356,2.3398912,1.0268633,1.0666667,0.9684329199549042,0.7422562904316229,142.86423055680513,13,0.27528134,1,False,143,8
906.0,0.9730508,1.4834437,0.65101063,0.8666667,0.9648562300319489,0.7782429360628194,142.86423055680513,13,0.17452279,1,False,143,9
844.0,0.9829564,1.7335703,0.7607789,0.6666667,0.9712313003452244,0.7775405705494544,486.5918326333579,13,0.20394945,1,False,143,10
772.0,0.975209,1.8635578,0.81782407,1.2333333,0.9710691823899371,0.30922238839316635,170.4845074288563,13,0.2192421,1,False,143,11
828.0,0.98477954,2.4867551,1.0913148,1.1666666,0.9639115250291036,0.798951197761614,170.4845074288563,13,0.29255942,1,False,143,12
868.0,0.97888744,1.9316437,0.84770364,1.0666667,0.9644444444444444,0.732098922537531,200.6935793224405,13,0.2272522,1,False,143,13
1272.0,0.9742109,1.8810272,1.0494386,1.1282052,0.9777094542659492,0.6686071519587262,375.82151963898986,14,0.28768653,1,False,144,1
806.0,0.97783834,1.7400585,0.97079116,1.1282052,0.9641148325358851,0.6320957565549747,322.72822883001203,14,0.2661266,1,False,144,2
593.0,0.97894955,1.9363083,1.0802803,1.2051282,0.9642276422764228,0.7181843240499792,210.23479895207694,14,0.29614127,1,False,144,3
1085.0,0.9793927,1.5254401,0.85105395,0.9230769,0.9730941704035875,0.7123829744539968,98.63627754998996,14,0.23330261,1,False,144,4
1284.0,0.9656336,1.5190511,0.8474895,1.0,0.9727272727272728,0.44713950302790817,98.63627754998996,14,0.23232546,1,False,144,5
1311.0,0.983886,2.5282912,1.4105518,0.974359,0.9805534779356769,0.6288624294695258,275.6153421556585,14,0.38667983,1,True,144,6
794.0,0.97932553,1.7198864,0.95953697,1.1538461,0.9730392156862745,0.4484031092498089,121.82136312307617,14,0.26304144,1,False,144,7
734.0,0.9876659,2.035038,1.1353623,1.1025641,0.9734748010610079,0.45536944860389894,60.11385126722721,14,0.31124112,1,False,144,8
982.0,0.9785201,1.8174057,1.0139437,1.1538461,0.9608610567514677,0.7259027624783941,201.256235464231,14,0.27795616,1,False,144,9
655.0,0.9797322,1.7213153,0.9603341,1.1282052,0.9675036927621861,0.757103625222663,60.11385126722721,14,0.26325998,1,False,144,10
779.0,0.97755474,1.9610941,1.0941085,1.1538461,0.9725343320848939,0.5696596994788053,108.58982730859603,14,0.29993206,1,False,144,11
695.0,0.97937834,1.7861282,0.9964937,1.1538461,0.9733893557422969,0.8170242605174303,108.58982730859603,14,0.27317253,1,False,144,12
714.0,0.9783631,1.4010988,0.7816831,1.0256411,0.9740791268758526,0.47523877520225166,154.91855692657708,14,0.21428572,1,False,144,13
630.0,0.97958827,1.7986976,1.0035063,0.74358976,0.9722222222222222,0.7094848601227257,322.3222602179619,14,0.27509493,0,True,144,14
888.0,0.97679347,1.723149,1.0,1.15625,0.9715536105032823,0.5921247677521733,2000.0,1,0.2162383,1,False,145,1
678.0,0.9735349,1.7291808,1.2443945,1.1730769,0.9671897289586305,0.7135159075011638,557.7557398420452,7,0.35261726,1,False,146,1
508.0,0.94966185,1.3606905,0.97921264,0.9807692,0.9603024574669187,0.7008109130554993,353.8299131428381,7,0.27747414,0,False,146,2
781.0,0.9846782,2.2782674,1.6395413,1.0961539,0.97625,0.6080410205547695,338.30282327235625,7,0.46458787,1,False,146,3
785.0,0.9710552,1.3866488,0.9978934,0.96153843,0.9751552795031055,0.695552734504029,82.73279038216977,7,0.2827676,1,False,146,4
911.0,0.9756374,1.3895761,1.0,0.96153843,0.9806243272335845,0.30089473121092547,82.73279038216977,7,0.28336453,1,False,146,5
665.0,0.96939397,1.6058127,1.1556133,1.0961539,0.9582132564841499,0.7340648317862674,574.8890794560665,7,0.32745984,1,False,146,6
1197.0,0.9851962,1.3034991,0.9380552,0.7307692,0.9779411764705882,0.6644998738707686,399.8762546219976,7,0.26581156,1,False,146,7
575.0,0.9825195,2.4405217,1.0334073,1.1,0.9762308998302207,0.6704344174885907,126.25304928843647,17,0.19141348,1,False,147,1
759.0,0.98166084,2.675099,1.132736,1.35,0.9730769230769231,0.532270799404255,165.52413168190353,17,0.20981167,1,False,147,2
757.0,0.97841626,2.6941216,1.1407909,1.15,0.9655612244897959,0.6172297781988625,103.33261659353579,17,0.21130365,1,False,147,3
701.0,0.98290527,2.3616261,1.0,1.2,0.9749652294853964,0.4260698529760663,103.33261659353579,17,0.18522559,1,False,147,4
752.0,0.9450028,2.5172873,1.0659127,1.35,0.9678249678249679,0.5913390643193275,95.45676606245063,17,0.19743429,1,False,147,5
842.0,0.9750443,2.3666863,1.0021427,0.9,0.9622857142857143,0.6780155933749896,95.45676606245063,17,0.18562247,1,False,147,6
604.0,0.95750576,2.4062915,1.0189129,1.15,0.9526813880126183,0.8890616369303266,147.68960220609966,17,0.18872873,1,False,147,7
637.0,0.97461855,2.2322605,0.9452218,1.05,0.9636913767019667,0.774863167166876,156.36379246892386,17,0.17507926,1,False,147,8
679.0,0.9686472,2.1767306,0.9217084,1.15,0.9686162624821684,0.6264947521945994,147.68960220609966,17,0.17072396,1,False,147,9
623.0,0.96247447,1.8397272,0.7790086,0.95,0.9643962848297214,0.781504845296033,177.5528207599495,17,0.14429232,1,False,147,10
857.0,0.9812607,1.9880979,0.8418343,1.0,0.9683615819209039,0.6992714384854871,189.66970428547495,17,0.15592925,1,False,147,11
618.0,0.9761785,2.0971684,0.8880188,0.8,0.9701726844583988,0.71660939753602,73.30787293355958,17,0.16448379,1,False,147,12
140.0,0.70603025,1.6957144,0.7180283,0.9,0.8433734939759037,0.7290170874877564,138.0998565573689,17,0.1329972,0,True,147,13
742.0,0.968723,2.1598382,0.9145555,1.3,0.9623865110246433,0.7117413627310157,372.5147918773046,17,0.16939908,1,False,147,14
328.0,0.91507775,1.5109756,0.63980305,0.7,0.9704142011834319,0.6605682211438161,73.30787293355958,17,0.11850789,0,False,147,15
748.0,0.9872335,3.0679812,1.299097,1.1,0.9752281616688396,0.5752485466042411,57.508870470761366,17,0.24062599,1,False,147,16
589.0,0.980865,2.986163,1.264452,1.25,0.9577235772357724,0.7144488193519732,57.508870470761366,17,0.23420885,1,True,147,17
658.0,0.9696991,2.031577,0.9076426,1.2592592,0.9733727810650887,0.5850735837678895,747.1990243453438,5,0.21510817,0,True,148,1
1055.0,0.9827769,2.2383008,1.0,1.1111112,0.9687786960514233,0.73725992256586,208.75489461576214,5,0.23699656,1,False,148,2
1252.0,0.982916,2.2710922,1.0146501,1.1481482,0.9773614363778298,0.7124213402715736,208.75489461576214,5,0.24046858,1,False,148,3
581.0,0.8869852,1.4474405,0.6466693,0.8518519,0.9401294498381877,0.781585932812924,596.9111955772881,5,0.15325841,0,False,148,4
339.0,0.91071945,2.396919,1.0708655,1.5925926,0.946927374301676,0.8604383130464414,622.56289873052,5,0.25379142,0,True,148,5
977.0,0.96277416,2.0032535,1.00557,1.1071428,0.9654150197628458,0.7990241712373879,261.41317412464235,12,0.21996509,0,False,149,1
1166.0,0.97825015,3.1957548,1.6041682,1.25,0.9749163879598662,0.5995420936661319,158.7142710915016,12,0.3509064,1,False,149,2
1008.0,0.9783088,1.8622094,0.9347704,1.1071428,0.9692307692307692,0.5308518790812112,261.41317412464235,12,0.2044779,1,False,149,3
880.0,0.97969913,1.9712256,0.98949313,1.0357143,0.967032967032967,0.8177817236301197,158.7142710915016,12,0.2164483,1,False,149,4
858.0,0.9805194,1.9810606,0.99443,1.0357143,0.9618834080717489,0.7813207396722057,242.57811881069517,12,0.21752822,1,False,149,5
960.0,0.9831014,2.584003,1.297088,1.1071428,0.9746192893401016,0.7217119174834827,186.67625671935303,12,0.28373367,1,False,149,6
173.0,0.83860755,1.8697357,0.9385484,1.3571428,0.8238095238095238,0.7476048625233865,148.0662847132522,12,0.20530431,0,False,149,7
641.0,0.96469444,1.8823267,0.9448687,1.1071428,0.9639097744360903,0.8495646571780174,65.00346088968028,12,0.20668685,0,False,149,8
904.0,0.95314497,2.1631637,1.08584,1.3571428,0.9804772234273319,0.6600784673297968,65.00346088968028,12,0.23752385,0,False,149,9
700.0,0.97089356,1.789847,0.8984468,1.1785715,0.9668508287292817,0.7967118495405016,104.39220484727589,12,0.19653222,0,False,149,10
926.0,0.9751441,2.0183198,1.0131329,1.0714285,0.9778247096092925,0.69253275598123,104.39220484727589,12,0.22161944,0,False,149,11
943.0,0.9805956,2.026284,1.0171307,1.1428572,0.9691675231243576,0.7843894806479965,136.90877473209636,12,0.22249392,1,False,149,12
830.0,0.9815259,2.4137886,0.89246136,1.0555556,0.9673659673659674,0.8253036688744564,276.4321372981332,38,0.17038506,1,False,150,1
1084.0,0.9849993,4.9121566,1.8161947,1.3888888,0.9601417183348095,0.67619251711427,101.1832529148602,38,0.34674045,1,False,150,2
483.0,0.97476304,2.1276743,0.78667504,1.0555556,0.9737903225806451,0.2898400089057135,236.9917369986369,38,0.15018877,0,False,150,3
690.0,0.97832954,2.6457326,0.97821915,1.1111112,0.9759547383309759,0.6491487353424024,157.67192423615703,38,0.1867576,1,False,150,4
951.0,0.9673637,3.5542705,1.3141371,1.4444444,0.9462686567164179,0.7157082952363136,97.5776468645526,38,0.2508897,0,False,150,5
972.0,0.9878954,3.8763144,1.4332079,1.0555556,0.9700598802395209,0.7602626544514249,97.5776468645526,38,0.27362218,1,False,150,6
1188.0,0.9836159,2.6802282,0.99097335,1.2222222,0.972176759410802,0.42847483763181965,58.94708510804201,38,0.18919258,1,False,150,7
843.0,0.9683631,2.8029525,1.0363488,1.1666666,0.9645308924485125,0.5969790589211066,35.20013304357586,38,0.19785547,0,False,150,8
604.0,0.951163,2.4963207,0.9229764,1.4444444,0.9648562300319489,0.587909245712343,35.20013304357586,38,0.17621088,1,False,150,9
1211.0,0.97297883,3.4037983,1.2585024,1.3333334,0.9726907630522088,0.6153724206667048,39.00689293391353,38,0.24026813,0,False,150,10
437.0,0.9710786,2.2254004,0.8228077,1.2222222,0.9604395604395605,0.24527211972197308,166.5921328878849,38,0.15708709,0,False,150,11
1315.0,0.9771277,3.3776934,1.2488505,1.3333334,0.9798807749627422,0.5438802269766561,44.32172549093027,38,0.23842542,0,False,150,12
749.0,0.9768689,2.2621274,0.836387,0.8333333,0.9614890885750963,0.726009087806621,51.0011044110327,38,0.15967958,0,False,150,13
642.0,0.9853554,2.857823,1.0566362,1.0555556,0.9712556732223904,0.46653339701898255,55.695280889793516,38,0.20172867,1,False,150,14
907.0,0.96001047,2.0828738,0.7701107,1.0555556,0.9742212674543501,0.621477425134652,51.0011044110327,38,0.14702639,0,False,150,15
1008.0,0.9852387,3.7196872,1.3752974,1.1666666,0.9767441860465116,0.7296303273654215,44.32172549093027,38,0.26256615,1,False,150,16
1039.0,0.9871933,5.0969415,1.8845161,1.3888888,0.9765037593984962,0.5973734906363697,104.47365171130896,38,0.35978413,1,False,150,17
581.0,0.95997185,2.2476573,0.83103687,1.2777778,0.9447154471544715,0.8153793029155105,95.61967439756062,38,0.15865816,0,False,150,18
702.0,0.953831,1.9867047,0.73455364,1.1666666,0.9616438356164384,0.7106681741067722,92.44820946358429,38,0.14023799,1,False,150,19
816.0,0.9775582,2.1198258,0.7837732,1.1111112,0.9714285714285714,0.621059194090797,203.9631434073809,38,0.14963476,0,False,150,20
366.0,0.9281146,2.7999392,1.0352347,1.5,0.9682539682539683,0.6116344942105444,92.44820946358429,38,0.19764277,0,False,150,21
552.0,0.9675735,2.545793,0.941268,1.2777778,0.9533678756476683,0.5730133813494791,194.37372221939933,38,0.17970304,1,False,150,22
601.0,0.9753544,3.0605474,1.1315905,1.3333334,0.9724919093851133,0.3068014726126559,95.61967439756062,38,0.21603863,0,False,150,23
989.0,0.9783507,2.108808,0.7796995,1.0,0.9763079960513327,0.3705568556193853,98.86674574945123,38,0.14885704,1,False,150,24
883.0,0.9744606,2.1617591,0.79927737,1.0,0.9535637149028078,0.8508581751665457,111.67533888519336,38,0.15259476,0,False,150,25
325.0,0.94145733,3.154872,1.1664656,1.6666666,0.9530791788856305,0.5702460936942998,28.899763747027453,38,0.22269684,0,False,150,26
705.0,0.9849263,3.6252165,1.3403683,1.5,0.975103734439834,0.7217358104881864,28.899763747027453,38,0.25589764,1,False,150,27
716.0,0.98016936,2.6951427,0.9964878,1.2777778,0.9754768392370572,0.5757081497315371,98.50373099154028,38,0.19024538,0,False,150,28
1014.0,0.9840148,3.1200418,1.1535877,1.1666666,0.976878612716763,0.5740087590026408,99.43511176216492,38,0.22023824,1,False,150,29
976.0,0.97715086,3.3179076,1.2267455,1.4444444,0.9730807577268196,0.6042194700852704,52.9163059637011,38,0.23420523,0,False,150,30
619.0,0.9727809,3.6955664,1.3663791,1.6111112,0.9702194357366771,0.6673273919207737,52.9163059637011,38,0.2608635,0,False,150,31
1347.0,0.97637546,2.5951498,0.9595169,1.1111112,0.9683680805176133,0.4361019665255371,97.42734003751875,38,0.18318704,0,False,150,32
687.0,0.9833146,3.7827916,1.3986293,1.1666666,0.9662447257383966,0.8398371679245816,105.07606536297378,38,0.26702058,1,False,150,33
880.0,0.97453505,2.7141414,1.0035123,1.2222222,0.975609756097561,0.7048650776664863,72.41269977660598,38,0.19158645,0,False,150,34
1005.0,0.9765081,1.8530127,0.6851231,0.8333333,0.9766763848396501,0.6271290812556397,44.79604179006995,38,0.1308009,1,False,150,35
812.0,0.98177487,3.2283797,1.1936439,0.8888889,0.9759615384615384,0.5221932286284272,44.79604179006995,38,0.22788563,1,False,150,36
704.0,0.9594775,2.4734058,0.91450393,1.4444444,0.9710344827586207,0.6929817978297274,148.38008237182675,38,0.17459336,0,False,150,37
562.0,0.9775825,2.4708383,0.91355467,1.1666666,0.9706390328151986,0.48469415353595524,200.55327221211724,38,0.17441212,1,False,150,38
388.0,0.8599728,1.7870737,0.9500117,1.2307693,0.9509803921568627,0.7132647132606229,252.51738176143388,3,0.18221144,0,False,151,1
762.0,0.9836067,2.8036542,1.4904277,1.1538461,0.9682337992376112,0.6374144544291585,252.51738176143388,3,0.2858628,1,False,151,2
592.0,0.9789759,1.8811071,1.0,0.9230769,0.9673202614379085,0.614818329259342,648.5114084939505,3,0.19179915,0,False,151,3
793.0,0.9835733,2.9364944,1.170364,1.24,0.969437652811736,0.42998232686371746,155.17200747416555,58,0.28789163,1,True,152,1
674.0,0.9674482,2.171632,0.8655218,1.18,0.9683908045977011,0.5903218915145366,71.81866775870188,58,0.21290511,0,False,152,2
644.0,0.9722089,2.3496275,0.93646336,1.2,0.9611940298507463,0.6804900570764878,71.81866775870188,58,0.23035562,0,False,152,3
781.0,0.98246,2.2404609,0.8929541,1.08,0.9738154613466334,0.3611557969885787,155.17200747416555,58,0.21965304,1,False,152,4
708.0,0.9789549,2.056497,0.81963384,1.0,0.9752066115702479,0.6560129323069015,289.7446407888275,58,0.20161738,1,False,152,5
597.0,0.98141015,2.7465327,1.0946531,1.16,0.9660194174757282,0.47883057600831613,67.49350409185055,58,0.2692679,1,False,152,6
611.0,0.94585115,1.7373487,0.6924346,1.08,0.9698412698412698,0.5168084323843904,50.033896487372466,58,0.1703283,0,False,152,7
1040.0,0.98093355,3.457077,1.3778465,1.32,0.9719626168224299,0.4244405805054299,50.033896487372466,58,0.33892912,1,False,152,8
721.0,0.95703804,2.1659362,0.8632517,1.36,0.9690860215053764,0.6639042024122742,67.49350409185055,58,0.21234667,0,False,152,9
650.0,0.97456807,2.2652924,0.9028509,1.16,0.9629629629629629,0.7088980305583945,74.90888037483187,58,0.22208749,0,False,152,10
180.0,0.71387535,2.1673334,0.8638085,1.68,0.5625,0.9179079681913487,74.90888037483187,58,0.21248366,0,False,152,11
769.0,0.981545,2.9891288,1.1913419,1.2,0.9672955974842767,0.6032747867053431,32.37471256790425,58,0.29305184,1,False,152,12
699.0,0.9595209,2.3802576,0.9486712,1.24,0.972183588317107,0.7052781918618456,32.37471256790425,58,0.23335859,0,False,152,13
833.0,0.9834307,3.9136615,1.559822,1.32,0.9686046511627907,0.78899923839336,126.02550997480526,58,0.3836923,1,False,152,14
1004.0,0.9825804,4.540159,1.8095177,1.16,0.973811833171678,0.4377612963473778,115.13124667376235,58,0.44511366,1,False,152,15
1159.0,0.9819403,3.8763416,1.5449479,1.4,0.9682539682539683,0.6089643107442868,140.78474265267906,58,0.3800335,1,False,152,16
767.0,0.9722628,1.584824,0.6316446,0.8,0.970886075949367,0.7227811204087448,91.50927220182595,58,0.1553749,0,False,152,17
786.0,0.9667733,3.148448,1.2548399,1.6,0.9632352941176471,0.6599930867212729,32.1396393245962,58,0.30867136,1,False,152,18
877.0,0.9847358,3.6478448,1.4538785,1.08,0.9669239250275634,0.46096501129888784,63.05473704118266,58,0.35763186,1,False,152,19
783.0,0.975006,2.018493,0.804487,0.92,0.9714640198511166,0.5436385516424104,91.50927220182595,58,0.19789147,0,False,152,20
870.0,0.98325086,4.915908,1.9592755,1.28,0.9688195991091314,0.7508059150307218,32.1396393245962,58,0.48195174,1,False,152,21
920.0,0.98028296,3.038739,1.2111144,1.2,0.9776833156216791,0.3183582105642169,63.05473704118266,58,0.29791558,1,False,152,22
1119.0,0.9862526,3.4181592,1.3623354,1.2,0.979002624671916,0.4476974781433746,141.49261900502398,58,0.33511364,1,False,152,23
780.0,0.98190606,2.8195386,1.1237503,1.16,0.975,0.468691733948784,107.9415129945109,58,0.27642536,1,False,152,24
653.0,0.9601105,1.8593569,0.741062,1.08,0.9659763313609467,0.6947030348041664,118.09949909391169,58,0.18228988,0,False,152,25
676.0,0.93068933,2.3048522,0.91861784,1.36,0.9629629629629629,0.6706343624056813,107.9415129945109,58,0.2259659,0,False,152,26
731.0,0.9779746,2.9784951,1.1871037,1.24,0.9643799472295514,0.5972842504035184,145.0233943653954,58,0.29200932,1,False,152,27
704.0,0.9797176,2.6672726,1.0630634,1.12,0.9777777777777777,0.48374311210505466,161.98682049079156,58,0.26149732,1,False,152,28
1178.0,0.9809798,3.470798,1.3833151,1.24,0.971947194719472,0.6905530120699812,95.84084539750091,58,0.3402743,1,False,152,29
861.0,0.98229146,3.158188,1.2587218,1.16,0.9761904761904762,0.37455706993202154,82.49950725240404,58,0.30962628,1,False,152,30
346.0,0.8362056,2.3169942,0.9234571,1.24,0.9558011049723757,0.7117837465930265,82.49950725240404,58,0.2271563,0,False,152,31
810.0,0.9851177,3.795358,1.5126711,1.28,0.9619952494061758,0.5191272798771221,127.93929976025673,58,0.37209392,1,False,152,32
853.0,0.9851529,2.8201642,1.1239996,0.96,0.9715261958997722,0.6211668381708678,99.51582009518059,58,0.2764867,1,False,152,33
761.0,0.95885605,1.8909856,0.7536679,1.08,0.9694267515923567,0.7003258661318716,152.18975723297947,58,0.18539074,0,False,152,34
972.0,0.98338133,3.6434567,1.4521296,1.16,0.972,0.4271539308511951,146.40102563294766,58,0.35720164,1,False,152,35
759.0,0.9679748,1.6545981,0.6594537,0.92,0.9730769230769231,0.7155034077452374,79.55583442284744,58,0.1622155,0,False,152,36
504.0,0.96679205,1.8575397,0.7403377,0.92,0.9581749049429658,0.7425218193593733,88.76695462906696,58,0.18211173,0,False,152,37
802.0,0.9794143,3.0185037,1.2030494,1.2,0.9744835965978129,0.7453763168394996,66.51513242087063,58,0.29593173,1,False,152,38
733.0,0.9763007,2.1237655,0.8464442,0.88,0.9721485411140584,0.5726135265761739,54.64478640690908,58,0.2082123,0,False,152,39
816.0,0.981197,2.6061273,1.0386934,1.04,0.9725864123957092,0.5656906486416488,34.47501907272599,58,0.25550267,1,False,152,40
851.0,0.98335195,4.1776733,1.6650461,1.16,0.9725714285714285,0.702395445786448,66.51513242087063,58,0.40957582,1,False,152,41
868.0,0.97991914,2.8,1.115963,1.28,0.9763779527559056,0.543664636481247,178.59472963670925,58,0.27450982,1,False,152,42
888.0,0.9816543,2.2845047,0.9105081,1.0,0.9673202614379085,0.6406842579502781,34.47501907272599,58,0.22397104,1,False,152,43
1035.0,0.98137975,2.574222,1.0259774,1.0,0.9773371104815864,0.6162028466003756,88.76695462906696,58,0.2523747,0,False,152,44
761.0,0.98183733,2.1330354,0.8501388,0.88,0.9669631512071156,0.4910732144681964,118.18185958745481,58,0.20912112,0,False,152,45
746.0,0.9748731,1.6024665,0.63867617,0.76,0.9751633986928104,0.7604630888560309,50.28235669067583,58,0.15710455,1,False,152,46
453.0,0.9606982,2.2850332,0.9107188,1.16,0.9617834394904459,0.6092354020762121,31.82935890064973,58,0.22402285,1,False,152,47
746.0,0.98662984,2.9502413,1.175843,1.12,0.9738903394255874,0.5475491725810708,82.45057920370881,58,0.28923935,1,False,152,48
319.0,0.752159,2.174044,0.8664831,1.24,0.9608433734939759,0.7035943794709392,31.82935890064973,58,0.21314156,0,False,152,49
1012.0,0.97759163,2.8133597,1.1212877,1.2,0.9787234042553191,0.35372113699873803,116.27775710551171,58,0.27581957,0,False,152,50
991.0,0.97559184,2.3250856,0.926682,1.04,0.97252208047105,0.4961340387445366,47.230497312838864,58,0.22794959,0,False,152,51
244.0,0.81595397,1.6595082,0.6614106,0.88,0.8160535117056856,0.7987782520247098,79.0953326625264,58,0.16269688,0,False,152,52
723.0,0.9840603,2.4495711,0.9762967,0.88,0.9743935309973046,0.5597970347343428,132.4690134524714,58,0.24015404,0,False,152,53
667.0,0.94583297,1.4518741,0.5786564,0.76,0.9666666666666667,0.5159892079468141,79.0953326625264,58,0.1423406,0,False,152,54
969.0,0.9791213,1.8241074,0.727013,0.84,0.96996996996997,0.3289475706997844,124.18491424380117,58,0.17883405,0,False,152,55
841.0,0.9726487,2.0854697,0.8311811,0.96,0.9666666666666667,0.624134630084076,36.32606649440325,58,0.2044578,0,False,152,56
294.0,0.97654754,2.7382312,1.0913446,1.2,0.9735099337748344,0.9386567458995195,226.98770196455357,58,0.26845405,0,True,152,57
155.0,0.9572423,2.5685163,1.0237033,1.32,0.9337349397590361,0.9599457564455839,36.32606649440325,58,0.25181532,0,True,152,58
773.0,0.97111183,2.2834196,0.84915525,1.2083334,0.9711055276381909,0.7679581740762996,145.47290181045184,43,0.21491008,0,False,153,1
568.0,0.9664315,2.1087148,0.78418624,1.1666666,0.9676320272572402,0.7248161399265834,145.47290181045184,43,0.19846727,0,False,153,2
995.0,0.98205334,2.708124,1.0070938,1.4166666,0.9764474975466143,0.3188199840501825,69.45267870406262,43,0.25488225,0,False,153,3
124.0,0.7505119,2.2100134,0.82185704,1.375,0.8435374149659864,0.3993733750930762,91.16820497813761,43,0.20800126,0,False,153,4
936.0,0.98295295,3.640269,1.3537387,1.5,0.975,0.7598162793462414,69.45267870406262,43,0.34261355,1,False,153,5
495.0,0.95727193,2.2313974,0.82980925,1.2916666,0.9611650485436893,0.8401869503992107,78.0816592444611,43,0.21001387,0,False,153,6
953.0,0.97904336,2.9324503,1.090516,1.3333334,0.9744376278118609,0.7011237156253579,78.0816592444611,43,0.2759953,1,False,153,7
901.0,0.98367643,2.715409,1.0098029,1.375,0.9751082251082251,0.7133151806649932,108.0956072765438,43,0.2555679,1,False,153,8
803.0,0.98659873,4.5973434,1.7096543,1.4583334,0.9651442307692307,0.8146331401324126,108.0956072765438,43,0.43269116,1,False,153,9
719.0,0.9814501,3.8481686,1.4310521,1.25,0.9716216216216216,0.695714065188234,130.6496186280993,43,0.3621806,1,False,153,10
741.0,0.9798098,3.9272377,1.4604563,1.125,0.9561290322580646,0.8200799591722028,77.1031991782775,43,0.36962238,1,False,153,11
802.0,0.980901,2.3409185,0.8705379,1.125,0.944640753828033,0.6306787749813505,104.87851113726549,43,0.22032174,0,False,153,12
891.0,0.9714386,2.842125,1.0569259,1.3333334,0.9759036144578314,0.7689432953543108,97.94403841358108,43,0.2674941,0,False,153,13
1101.0,0.98230654,4.0297837,1.498591,1.25,0.9726148409893993,0.8182931249298645,104.87851113726549,43,0.37927374,1,False,153,14
1024.0,0.9791503,3.1068523,1.1553724,1.2083334,0.9651272384542884,0.779921301917378,65.67659659400316,43,0.29240963,1,False,153,15
791.0,0.978349,3.092499,1.1500347,1.3333334,0.9693627450980392,0.6316087540946508,65.67659659400316,43,0.29105875,1,False,153,16
767.0,0.9827536,2.3931444,0.8899595,1.1666666,0.9770700636942675,0.6388457526030416,58.86504891821891,43,0.22523712,1,False,153,17
734.0,0.97139496,2.375284,0.88331765,1.3333334,0.9657894736842105,0.7287283450999587,35.58869584968827,43,0.22355613,0,False,153,18
785.0,0.9752799,2.5740445,0.9572324,1.1666666,0.9596577017114915,0.6565932344696541,78.07385997874357,43,0.24226302,1,False,153,19
897.0,0.9707984,2.5215533,0.9377121,1.2083334,0.9697297297297297,0.47095682534441213,58.86504891821891,43,0.23732267,0,False,153,20
1259.0,0.9785804,3.303581,1.2285316,1.4166666,0.9699537750385208,0.6008785387516,97.94403841358108,43,0.31092528,1,False,153,21
755.0,0.93938196,2.5849888,0.9613024,1.4583334,0.9484924623115578,0.4992444646760662,35.58869584968827,43,0.24329308,0,False,153,22
621.0,0.97944975,3.6400297,1.3536496,1.25,0.9642857142857143,0.7723759649801482,32.1322875764862,43,0.34259102,1,False,153,23
527.0,0.97980255,3.5777988,1.3305074,1.2083334,0.9741219963031423,0.4423071842118843,32.1322875764862,43,0.336734,1,False,153,24
723.0,0.98539746,3.048928,1.1338315,1.1666666,0.9691689008042895,0.7894072769163415,82.4721667503811,43,0.28695792,1,False,153,25
697.0,0.9834657,3.883668,1.4442536,1.25,0.973463687150838,0.6162424674231378,43.16327711299575,43,0.3655217,1,False,153,26
890.0,0.97700965,2.7888577,1.0371169,1.2916666,0.9716157205240175,0.5861288878558508,43.16327711299575,43,0.26248074,0,False,153,27
851.0,0.98390335,3.1257343,1.1623942,1.0416666,0.9736842105263158,0.26498656702045603,61.58624830994148,43,0.29418677,1,False,153,28
715.0,0.98069274,2.0125291,0.74841684,1.1666666,0.9714673913043478,0.6295538083761903,105.3341716779559,43,0.18941452,0,False,153,29
751.0,0.98499525,4.0004992,1.4877007,1.1666666,0.9753246753246754,0.7843050871807796,118.59898017428358,43,0.3765176,1,False,153,30
584.0,0.9092884,2.05244,0.7632588,1.2916666,0.9344,0.824192068738726,87.31302070180334,43,0.19317083,0,False,153,31
639.0,0.9820719,4.4125586,1.6409367,1.2083334,0.9638009049773756,0.8092224458725931,38.42957612998958,43,0.41529962,1,False,153,32
506.0,0.96977675,2.4166667,0.89870703,1.0,0.947565543071161,0.883838591155995,60.2912674623598,43,0.22745098,1,False,153,33
542.0,0.9826849,2.8317957,1.0530846,0.9583333,0.9626998223801065,0.5360918795161431,61.58624830994148,43,0.26652196,1,False,153,34
574.0,0.975124,2.2779472,0.84712017,1.0833334,0.9630872483221476,0.6720779704031249,38.42957612998958,43,0.21439502,0,False,153,35
296.0,0.8659833,2.6890485,1.0,1.25,0.9548387096774194,0.6889942572601245,48.21575348819806,43,0.25308692,0,False,153,36
635.0,0.9833531,2.6024277,0.96778756,1.125,0.9650455927051672,0.8381738260451829,105.3341716779559,43,0.24493438,1,False,153,37
529.0,0.9764794,2.0051198,0.74566144,0.875,0.9706422018348624,0.7076226592928329,60.2912674623598,43,0.18871716,0,False,153,38
648.0,0.97312874,2.27482,0.8459572,1.0,0.96,0.6813880561520362,41.89476523768778,43,0.2141007,0,False,153,39
400.0,0.9641968,2.1194792,0.7881893,1.0,0.970873786407767,0.40305538640198774,41.89476523768778,43,0.1994804,0,False,153,40
615.0,0.9637592,2.0832655,0.77472216,1.0,0.9746434231378764,0.6913282252958218,58.805848081123266,43,0.19607206,0,False,153,41
406.0,0.9478044,1.7275246,0.6424297,0.8333333,0.9666666666666667,0.7120544491644908,58.805848081123266,43,0.16259055,0,False,153,42
685.0,0.9704779,1.9668492,0.7314294,1.0833334,0.9730113636363636,0.5798430690345587,324.4250181620068,43,0.18511522,0,False,153,43
846.0,0.976701,1.9063895,1.124937,1.25,0.9746543778801844,0.554143865388266,109.91324823841869,9,0.26913732,1,False,154,1
825.0,0.9759162,1.6659596,0.9830624,1.1111112,0.9649122807017544,0.7705684804213632,283.7874018464187,9,0.2351943,1,False,154,2
805.0,0.97088206,1.5656314,0.92385995,1.1388888,0.9675480769230769,0.7218739160560272,109.91324823841869,9,0.22103032,0,False,154,3
878.0,0.9798031,1.5462224,0.9124069,0.9722222,0.9669603524229075,0.6794992342679802,215.56157254554316,9,0.21829022,1,False,154,4
773.0,0.97639763,1.6645105,0.9822073,1.0833334,0.9747793190416141,0.5528133420450947,221.2864827869229,9,0.23498972,1,False,154,5
762.0,0.9736905,1.6946632,1.0,1.0277778,0.9744245524296675,0.786294029539044,193.84164013089026,9,0.23924656,1,False,154,6
1112.0,0.97939295,1.9797412,1.1682211,1.0555556,0.9737302977232924,0.6049773281818266,64.63505202417385,9,0.27949288,1,False,154,7
888.0,0.9830757,1.9143518,1.1296356,0.9166667,0.9758241758241758,0.6322162771663874,64.63505202417385,9,0.27026144,1,False,154,8
629.0,0.9810354,1.7892157,1.0557942,0.75,0.9662058371735791,0.8330591951188562,394.3879525546643,9,0.25259516,1,False,154,9
652.0,0.97127527,2.1816936,1.1080846,1.0,0.9532163742690059,0.8316326637302567,95.99198113393189,15,0.23955852,1,False,155,1
520.0,0.95797306,1.9688873,1.0,1.0714285,0.9719626168224299,0.4522958448818426,95.99198113393189,15,0.21619155,1,False,155,2
971.0,0.98052156,1.9106591,0.9704258,0.85714287,0.97002997002997,0.3951176784250527,179.83327091690273,15,0.20979786,1,False,155,3
693.0,0.9723716,1.7620593,0.8949518,1.1785715,0.9611650485436893,0.7526154563503876,110.93823345957061,15,0.19348103,1,False,155,4
481.0,0.9718391,2.573656,1.3071628,1.2857143,0.9543650793650794,0.6395546458335273,110.93823345957061,15,0.28259754,1,False,155,5
856.0,0.9813597,1.9671229,0.99910384,0.9285714,0.9794050343249427,0.6335228277077911,152.7911395900365,15,0.21599782,1,False,155,6
799.0,0.98145324,2.290542,1.1633687,1.1785715,0.9708383961117861,0.6298709173046869,147.1416400504038,15,0.25151047,1,False,155,7
717.0,0.96422064,1.8422993,0.93570584,1.0,0.9611260053619303,0.7105736502494072,152.7911395900365,15,0.2022917,0,False,155,8
591.0,0.93799984,1.8422769,0.93569446,1.1785715,0.9704433497536946,0.6511145352561618,288.762738653161,15,0.20228924,1,False,155,9
1008.0,0.9816008,2.3636622,1.2005066,1.2857143,0.9739130434782609,0.6554784323030916,103.99054635056729,15,0.25953937,1,False,155,10
843.0,0.9828134,2.4215388,1.2299021,1.25,0.9700805523590333,0.48689480352051334,103.99054635056729,15,0.26589444,1,False,155,11
500.0,0.73427194,1.9095714,0.96987337,1.1785715,0.9615384615384616,0.7922316977861363,181.99693857886749,15,0.20967843,1,False,155,12
808.0,0.97669,2.0838933,1.0584116,1.1428572,0.957345971563981,0.5957936314958904,325.57259483512536,15,0.22881965,1,False,155,13
617.0,0.97655696,1.3914679,0.70672804,0.5714286,0.9655712050078247,0.6812531926235406,367.77145915205335,15,0.15278864,1,False,155,14
860.0,0.9855912,2.250955,1.1432625,0.85714287,0.9706546275395034,0.5540788787131258,181.99693857886749,15,0.2471637,1,False,155,15
838.0,0.97782105,2.033413,1.0890833,1.3043479,0.96878612716763,0.5082968652892655,280.9600440704335,11,0.18340588,1,False,156,1
748.0,0.9806098,1.7745292,0.9504268,1.0,0.9752281616688396,0.6778361943287333,94.27109772065755,11,0.16005558,1,False,156,2
862.0,0.98165715,2.3129225,1.2387869,1.0869565,0.9795454545454545,0.6881491047572876,94.27109772065755,11,0.20861654,1,False,156,3
670.0,0.9796693,2.0454252,1.095517,0.95652175,0.9626436781609196,0.7194347736453451,206.22017564394866,11,0.18448932,1,False,156,4
628.0,0.97451377,1.9836609,1.0624365,1.0434783,0.9631901840490797,0.6455281021032805,117.95956008701094,11,0.17891844,1,False,156,5
638.0,0.9604668,1.798419,0.963222,1.0,0.9593984962406015,0.8224365687487959,206.22017564394866,11,0.16221033,1,False,156,6
533.0,0.9751691,1.7337465,0.92858386,0.9130435,0.970856102003643,0.6692544192758959,117.95956008701094,11,0.15637714,1,False,156,7
902.0,0.9842981,2.3952568,1.2828846,0.82608694,0.9337474120082816,0.8130715596166721,124.14085139430206,11,0.21604277,1,False,156,8
570.0,0.972873,1.7876431,0.9574505,0.7826087,0.967741935483871,0.7717493867631794,124.14085139430206,11,0.1612384,1,False,156,9
421.0,0.95597816,1.8670866,1.0,0.9130435,0.9611872146118722,0.7356645498364186,340.59939185747925,11,0.1684039,0,False,156,10
336.0,0.947626,1.8114647,0.97020924,0.82608694,0.9767441860465116,0.6650823206282958,442.5051792470627,11,0.16338702,0,True,156,11
785.0,0.9816095,2.1437898,1.0,1.2083334,0.9715346534653465,0.6235061825044669,654.387086325897,5,0.20176844,1,False,157,1
667.0,0.97570306,1.9414668,0.9056237,1.0833334,0.9708879184861717,0.6457637575393348,708.429689676036,5,0.1827263,1,False,157,2
349.0,0.9024081,2.1891117,1.021141,1.5833334,0.8617283950617284,0.8613096664964853,196.4863415730272,5,0.20603405,0,False,157,3
783.0,0.9804432,2.02086,0.9426577,1.0416666,0.9654747225647349,0.6599777682079716,86.36364486461675,5,0.19019857,1,False,157,4
1173.0,0.9834542,2.3093565,1.0772308,1.125,0.9734439834024896,0.7517410796034325,86.36364486461675,5,0.21735118,1,False,157,5
700.0,0.9765192,1.5883397,0.88466454,1.1081082,0.9722222222222222,0.4203658047402414,170.45592599521484,9,0.23046498,1,False,158,1
545.0,0.96598876,1.7460451,0.9725024,1.2162162,0.9767025089605734,0.44434767049436036,442.91937429216557,9,0.25334772,0,True,158,2
646.0,0.9747613,1.7954147,1.0,1.1081082,0.9656203288490284,0.7047199682637175,170.45592599521484,9,0.26051116,1,False,158,3
973.0,0.97350687,1.8441433,1.0271406,1.1891892,0.973973973973974,0.6634117911516121,170.260001950429,9,0.26758155,1,False,158,4
992.0,0.9776734,1.6696273,0.9299396,1.0,0.9659201557935735,0.49896251262040897,190.7908381258672,9,0.24225965,1,False,158,5
667.0,0.9644367,1.6694355,0.9298328,1.1081082,0.9652677279305355,0.7627573376752498,190.7908381258672,9,0.24223183,1,False,158,6
797.0,0.98130196,2.0173285,1.1236004,1.2702702,0.9719512195121951,0.5624216458972301,310.5110675419204,9,0.2927104,1,False,158,7
867.0,0.9854535,2.104305,1.172044,1.1621622,0.9719730941704036,0.6490611951746171,170.260001950429,9,0.30533051,1,False,158,8
898.0,0.98327935,1.947511,1.0847137,1.081081,0.9676724137931034,0.7384648375583414,264.3592411213784,9,0.28258002,1,False,158,9
549.0,0.95230675,2.189561,1.0756441,1.2068965,0.9631578947368421,0.6806399804532994,147.32600981535836,19,0.2490089,1,False,159,1
824.0,0.97517353,2.0287495,0.9966439,1.2758621,0.9705535924617197,0.7787976254856139,245.2207802335787,19,0.23072053,1,False,159,2
877.0,0.9669427,2.0539849,1.0090411,1.2758621,0.9349680170575693,0.6986583912910614,147.32600981535836,19,0.23359044,0,False,159,3
770.0,0.92887074,1.7938199,0.8812323,1.2068965,0.8680947012401353,0.7157337877380799,245.2207802335787,19,0.20400305,0,False,159,4
1119.0,0.98516744,3.1469293,1.5459611,1.0,0.9747386759581882,0.6485796666424101,231.71196609836258,19,0.35788608,1,False,159,5
568.0,0.96523577,1.8753642,0.9212918,1.1724138,0.961082910321489,0.8746423715328172,103.85508474066346,19,0.21327671,0,False,159,6
589.0,0.95469844,1.8414028,0.9046079,1.2068965,0.9639934533551555,0.6512721814901703,103.85508474066346,19,0.20941444,0,False,159,7
938.0,0.97688264,1.7804574,0.8746679,1.1724138,0.975051975051975,0.5967014811292218,128.8196703891735,19,0.20248339,0,False,159,8
1035.0,0.9809528,2.115409,1.0392162,1.0344827,0.9745762711864406,0.7052454276438432,107.03437103792623,19,0.24057592,1,False,159,9
808.0,0.973266,2.0043957,0.9846799,1.2413793,0.9711538461538461,0.5305154477112811,96.23310791494326,19,0.22795089,1,False,159,10
364.0,0.8178966,1.8239863,0.8960519,1.137931,0.8465116279069768,0.7478964857301846,165.059431941596,19,0.20743375,0,False,159,11
1158.0,0.9803309,2.895063,1.4222292,1.0689656,0.973109243697479,0.6348117234602836,139.78977286953955,19,0.32924244,1,False,159,12
880.0,0.9803755,2.3958857,1.1770033,1.2068965,0.9777777777777777,0.49244970395326276,52.29563572873651,19,0.27247328,1,False,159,13
785.0,0.9805104,2.035581,1.0,1.2068965,0.967940813810111,0.5869653540944717,52.29563572873651,19,0.23149745,1,False,159,14
627.0,0.97311336,1.5863168,0.7792943,1.0689656,0.9661016949152542,0.6694298321197807,165.059431941596,19,0.18040466,0,False,159,15
891.0,0.98380613,2.17044,1.0662508,1.0344827,0.9684782608695652,0.7352299110679631,131.35153888196857,19,0.24683435,1,False,159,16
303.0,0.84757566,1.6324116,0.80193883,1.1724138,0.8808139534883721,0.7712991194327854,131.35153888196857,19,0.1856468,0,False,159,17
353.0,0.9626112,2.046791,1.005507,1.0,0.9697802197802198,0.7725174983029791,321.851374589761,19,0.23277232,0,False,159,18
435.0,0.98208404,2.1764567,1.0692066,1.0,0.9731543624161074,0.8568658213458225,335.72420377390586,19,0.2475186,0,True,159,19
1533.0,0.9825531,2.2642176,1.0606338,1.2272727,0.9678030303030303,0.4916323495657153,828.489437643855,2,0.19534425,1,False,160,1
894.0,0.9639726,2.0053387,0.93936634,1.2272727,0.9675324675324676,0.7941847352916321,828.489437643855,2,0.1730096,1,False,160,2
770.0,0.9769975,1.7523944,0.96702385,1.125,0.9685534591194969,0.6479210957087985,72.20107765365637,22,0.21990833,1,False,161,1
902.0,0.9823943,1.8301691,1.0099422,1.25,0.9667738478027867,0.5741238355948821,113.88143594891694,22,0.22966827,1,False,161,2
683.0,0.9803043,1.9057467,1.0516483,1.0625,0.9785100286532952,0.5784798003505677,72.20107765365637,22,0.23915252,1,False,161,3
652.0,0.9354158,2.000623,1.1040038,1.375,0.9644970414201184,0.5019232943167824,117.36636983079552,22,0.25105858,0,False,161,4
499.0,0.89964306,1.6665206,0.9196361,1.125,0.9633204633204633,0.6319492942569244,359.2553620643267,22,0.209132,0,False,161,5
425.0,0.89024013,1.7734559,0.97864616,1.28125,0.8709016393442623,0.7607747435572835,113.88143594891694,22,0.22255132,1,False,161,6
452.0,0.8407674,1.5611864,0.8615095,1.0625,0.8968253968253969,0.8752629560535096,390.1344082137937,22,0.1959136,0,False,161,7
623.0,0.97973436,1.9480839,1.0750111,1.0625,0.9704049844236761,0.40686869189320524,67.0730861563668,22,0.24446543,1,False,161,8
950.0,0.9773982,2.0440462,1.127966,1.15625,0.9783728115345005,0.3893485151906211,67.0730861563668,22,0.25650775,1,False,161,9
1011.0,0.97041816,1.9404674,1.0708082,1.21875,0.9721153846153846,0.6572094295510759,152.22631918864437,22,0.24350964,1,False,161,10
738.0,0.97232676,1.7963668,0.99128914,1.15625,0.9609375,0.4353260241356234,35.389038039720965,22,0.22542642,1,False,161,11
747.0,0.9819885,1.7644328,0.97366697,1.21875,0.9803149606299213,0.5549611578193653,195.11857985398467,22,0.22141902,1,False,161,12
834.0,0.9802211,2.0022857,1.1049213,1.15625,0.9708963911525029,0.6145136507301816,121.40325995942703,22,0.25126722,1,False,161,13
924.0,0.964663,1.7665381,0.9748288,1.09375,0.9716088328075709,0.7061641850739495,154.5834789641301,22,0.22168322,1,False,161,14
373.0,0.8732236,1.6984752,0.9372696,1.21875,0.9053398058252428,0.8150589639454052,35.389038039720965,22,0.213142,0,False,161,15
840.0,0.97536564,1.8322544,1.011093,1.15625,0.9699769053117783,0.7625634939413887,155.2189124719089,22,0.22992997,1,False,161,16
751.0,0.9853795,1.8279377,1.0087109,1.03125,0.9715394566623544,0.5209596842274523,185.2630516253501,22,0.22938827,1,False,161,17
558.0,0.94234866,1.6097671,0.88831776,1.09375,0.9637305699481865,0.7185884292545749,127.9429202155812,22,0.20200999,0,False,161,18
982.0,0.9842348,2.1881683,1.2074969,1.0625,0.9761431411530815,0.6334985550205446,127.9429202155812,22,0.27459368,1,False,161,19
751.0,0.9820116,1.8766228,1.0355768,1.125,0.9603580562659847,0.48565817436674685,285.5353114033078,22,0.23549776,1,False,161,20
852.0,0.9826345,1.5787119,0.8711806,0.90625,0.9714937286202965,0.709936065246179,160.90505485640168,22,0.19811286,1,False,161,21
884.0,0.97757053,1.4734163,0.81307536,0.8125,0.9671772428884027,0.6479667203916994,160.90505485640168,22,0.1848993,1,False,161,22
664.0,0.9729136,1.6647042,1.0545038,1.1363636,0.9665211062590975,0.5298537917762167,623.0775931812254,11,0.2872431,1,True,162,1
514.0,0.9747585,1.5786611,1.0,1.0,0.967984934086629,0.5898726908613685,212.5511037201312,11,0.27239645,1,False,162,2
646.0,0.97630095,1.7204475,1.0898144,1.0909091,0.96274217585693,0.6894682870962355,82.09220235014753,11,0.29686153,1,False,162,3
666.0,0.9772986,1.5541222,0.9844559,0.90909094,0.9736842105263158,0.7192993787078048,212.5511037201312,11,0.26816228,1,False,162,4
1012.0,0.98634934,1.9099218,1.2098365,1.0454545,0.9674952198852772,0.5301556158804719,82.09220235014753,11,0.32955512,1,False,162,5
605.0,0.9707378,1.6439143,1.0413345,1.0909091,0.969551282051282,0.5856611895349074,162.0212091881458,11,0.2836558,1,False,162,6
697.0,0.9713028,1.4790009,0.93687046,0.97727275,0.9653739612188366,0.7243435368918896,186.44988534859309,11,0.25520018,1,False,162,7
1087.0,0.9810572,1.5092624,0.95603955,0.9318182,0.9740143369175627,0.5480078503524315,122.03956463971828,11,0.26042175,1,False,162,8
813.0,0.9731656,1.3711562,0.86855644,0.8181818,0.9667063020214031,0.8147831216877216,274.6030891344577,11,0.23659165,1,False,162,9
853.0,0.97975034,1.4840137,0.9400458,0.8863636,0.9627539503386005,0.773358220197513,186.44988534859309,11,0.2560651,1,False,162,10
450.0,0.9735688,1.9172727,1.2144929,1.0681819,0.967741935483871,0.8860225109003327,122.03956463971828,11,0.33082354,0,True,162,11
277.0,0.94608635,2.261607,1.4250782,1.5116279,0.9518900343642611,0.8397205610011402,108.94128792789152,33,0.38136902,0,True,163,1
691.0,0.96620685,1.5236765,0.9600953,1.0930233,0.9623955431754875,0.8184838162207881,167.46281095249978,33,0.2569337,1,False,163,2
798.0,0.97935146,1.9470186,1.2268506,1.2790698,0.973170731707317,0.7234082897716947,108.94128792789152,33,0.3283208,1,False,163,3
629.0,0.9767387,1.6422155,1.0347887,1.0465117,0.9588414634146342,0.8296021641375656,176.40669227757863,33,0.2769226,1,False,163,4
941.0,0.96417284,1.5870055,1.0,1.0930233,0.9641393442622951,0.29435699957671235,167.46281095249978,33,0.2676127,1,False,163,5
842.0,0.97427475,1.5641054,0.98557025,1.0232558,0.9689298043728424,0.40048965101894607,167.27092274372907,33,0.2637511,1,False,163,6
764.0,0.98298043,1.8562949,1.1696839,1.1860465,0.9707750952986023,0.5687485639702822,128.23104962403025,33,0.31302226,1,False,163,7
680.0,0.9761374,1.7107046,1.077945,1.1627907,0.9714285714285714,0.6731182670566223,54.78593073525473,33,0.28847176,1,False,163,8
790.0,0.97556865,1.5604651,0.9832764,1.1162791,0.966952264381885,0.7432019259400734,54.78593073525473,33,0.26313725,1,False,163,9
698.0,0.9824988,2.0632372,1.300082,1.0,0.9667590027700831,0.665846998858822,167.27092274372907,33,0.34791842,1,False,163,10
643.0,0.976867,1.6224818,1.0223542,1.1627907,0.9540059347181009,0.7407093778333628,103.27933425584443,33,0.27359498,1,False,163,11
823.0,0.9768532,1.534149,0.96669424,0.9767442,0.9762752075919335,0.510641906538915,193.6745667884953,33,0.25869963,1,False,163,12
804.0,0.9828294,1.5054958,0.9486393,1.0,0.976913730255164,0.6538616356242958,176.02706259546326,33,0.25386792,1,False,163,13
914.0,0.9817103,1.6877768,1.0634978,1.1162791,0.9682203389830508,0.4391220581315046,145.0828321556362,33,0.2846055,1,False,163,14
638.0,0.9715886,1.5990741,1.0076046,1.2325581,0.9593984962406015,0.6353466615088897,186.53951297369565,33,0.26964778,1,False,163,15
542.0,0.9480683,1.4251266,0.89799726,1.0697675,0.9475524475524476,0.7802118555746775,129.40759676667892,33,0.24031545,1,False,163,16
923.0,0.96672493,1.7158155,1.0811654,1.2093023,0.9675052410901468,0.7159376957809906,90.48776436891416,33,0.2893336,1,False,163,17
417.0,0.8957303,1.3469968,0.8487663,1.0232558,0.9025974025974026,0.8081929713322509,52.11304672456217,33,0.22714065,1,False,163,18
170.0,0.72794116,1.7071136,1.0756823,1.3953488,0.5610561056105611,0.8814830618659202,95.37719313432711,33,0.2878662,0,False,163,19
689.0,0.97728467,1.5197624,0.95762897,0.9767442,0.9676966292134831,0.455251576046074,41.278279115867285,33,0.25627366,1,False,163,20
768.0,0.9826196,1.5767019,0.9935075,0.95348835,0.978343949044586,0.6021789354644098,41.278279115867285,33,0.26587522,1,False,163,21
726.0,0.97657996,1.6213402,1.0216348,1.1860465,0.968,0.5447298235199964,90.48776436891416,33,0.27340245,1,False,163,22
595.0,0.97498685,1.3027946,0.82091373,0.88372093,0.9596774193548387,0.7421312623097023,121.9621647538531,33,0.21968694,1,False,163,23
793.0,0.9826097,1.6947712,1.0679051,1.0930233,0.969437652811736,0.5776906095943971,129.40759676667892,33,0.28578493,1,False,163,24
800.0,0.96092343,1.429157,0.9005369,0.95348835,0.9768009768009768,0.5887630547144139,143.59621313339997,33,0.2409951,1,False,163,25
1088.0,0.97241926,1.8257524,1.1504385,1.2093023,0.9705619982158786,0.38842103164772535,95.37719313432711,33,0.30787197,1,False,163,26
838.0,0.97368,1.7642226,1.1116676,1.255814,0.96878612716763,0.6539233116019798,289.8357784102752,33,0.29749635,1,False,163,27
1225.0,0.96853673,1.7921215,1.1292472,1.1860465,0.9699129057798892,0.5799618022885468,116.4287355530255,33,0.30220088,1,False,163,28
237.0,0.7692171,1.210578,0.7628064,0.88372093,0.9518072289156626,0.6461503538163709,143.59621313339997,33,0.20413667,0,False,163,29
784.0,0.9450098,1.315674,0.8290292,0.90697676,0.9702970297029703,0.7427814749395354,147.59945608084655,33,0.22185874,1,False,163,30
438.0,0.8371883,1.2886269,0.81198645,1.0697675,0.9439655172413793,0.7722225287564917,116.4287355530255,33,0.21729787,1,False,163,31
709.0,0.96980715,1.0359497,0.6527701,0.6976744,0.9739010989010989,0.7071412988989949,162.6293966548283,33,0.17468956,1,False,163,32
807.0,0.97642154,1.4396992,0.9071797,1.0232558,0.9769975786924939,0.6013740347281202,165.96721051765726,33,0.24277279,1,False,163,33
721.0,0.9778479,1.7199596,1.044681,1.1818181,0.9743243243243244,0.6807157387671229,817.9233908981423,3,0.22258301,1,False,164,1
746.0,0.9626897,1.646397,1.0,1.2121212,0.9738903394255874,0.5575626336784881,406.47004214068227,3,0.21306314,0,False,164,2
796.0,0.97749794,1.4517283,0.88176084,0.969697,0.9683698296836983,0.6754005617219873,406.47004214068227,3,0.18787073,1,False,164,3
395.0,0.95237345,2.1555629,1.1259403,1.4473684,0.9777227722772277,0.8315101018816269,161.883214750159,21,0.32122114,0,True,165,1
797.0,0.9740831,2.0131414,1.0515476,1.3157895,0.9648910411622276,0.7604671533096985,79.95915172158236,21,0.29999754,1,False,165,2
613.0,0.9635645,1.6931399,0.88439757,1.2105263,0.9563182527301092,0.7385552670943017,79.95915172158236,21,0.25231105,1,False,165,3
890.0,0.98455167,2.3596985,1.2325689,1.1578947,0.9716157205240175,0.7376295191656993,393.7914667660788,21,0.35164133,1,False,165,4
650.0,0.98125374,2.5043318,1.3081169,1.3157895,0.9715994020926756,0.617373854366729,305.411003454944,21,0.37319455,1,False,165,5
805.0,0.9845163,1.9556063,1.0214947,1.1578947,0.9675480769230769,0.6490229723752409,207.41746485159587,21,0.29142368,1,False,165,6
635.0,0.9775667,1.7568586,0.9176805,1.1578947,0.9679878048780488,0.4843620964944692,219.03367570772417,21,0.26180637,0,False,165,7
1302.0,0.98539394,2.3083515,1.2057482,1.2105263,0.9716417910447761,0.641703031848447,161.88420348794173,21,0.34398964,1,False,165,8
804.0,0.9788296,2.2364495,1.1681908,1.2105263,0.9745454545454545,0.596744936543055,30.635080700706304,21,0.3332748,1,False,165,9
1048.0,0.9772162,2.039097,1.0651054,1.1578947,0.9703703703703703,0.8007869326142651,76.7995529030533,21,0.30386543,1,False,165,10
730.0,0.9641107,1.9144557,1.0,1.2368422,0.9630606860158312,0.7805255079647052,30.635080700706304,21,0.28529143,1,False,165,11
1035.0,0.98641163,2.103941,1.0989761,1.1578947,0.9530386740331491,0.5592538667405637,76.7995529030533,21,0.31352848,1,False,165,12
530.0,0.9096062,1.4741311,0.77000016,1.1052631,0.9233449477351916,0.7764628003564469,186.27029752955792,21,0.21967444,0,False,165,13
793.0,0.9696188,1.4998673,0.7834432,1.0,0.9658952496954933,0.6963200849236941,115.8482859034368,21,0.22350964,1,False,165,14
928.0,0.9801757,1.8021778,0.9413526,1.0,0.9717277486910995,0.7059165122487041,106.75779094767768,21,0.26855984,1,False,165,15
575.0,0.9611625,1.5203204,0.79412675,0.9736842,0.9551495016611296,0.854769919912178,233.6453975961801,21,0.22655755,1,False,165,16
679.0,0.978973,1.4529494,0.75893605,0.92105263,0.9686162624821684,0.7607054629409734,115.8482859034368,21,0.21651796,1,False,165,17
757.0,0.98068035,1.945387,1.0161568,1.0263158,0.9705128205128205,0.5614301051926998,106.75779094767768,21,0.2899008,1,False,165,18
1021.0,0.97890776,1.6260632,0.8493606,0.8947368,0.9742366412213741,0.5254020354460328,301.9657931599039,21,0.2423153,1,False,165,19
693.0,0.97227013,1.6421735,0.8577757,0.8947368,0.9678770949720671,0.521169792521835,118.29336192457407,21,0.24471606,1,False,165,20
375.0,0.9083555,1.2882807,0.67292273,0.8947368,0.9615384615384616,0.3509363940260792,118.29336192457407,21,0.19197908,0,True,165,21
837.0,0.98041916,1.8459208,1.0283554,1.1785715,0.9642857142857143,0.7113440916747702,265.5406312847704,13,0.20268935,1,False,166,1
634.0,0.98277843,2.656264,1.4797945,1.1071428,0.9694189602446484,0.7338967652040573,288.9888670934571,13,0.29166824,1,False,166,2
599.0,0.9655595,1.9672669,1.0959568,1.1428572,0.9708265802269044,0.41641188600214313,74.74432276175192,13,0.21601363,1,False,166,3
706.0,0.9807876,1.7950222,1.0,0.96428573,0.9658002735978112,0.6092448814701575,65.18579630738097,13,0.19710049,1,False,166,4
653.0,0.9652131,1.5817108,0.881165,0.9285714,0.9717261904761905,0.8015586441625201,65.18579630738097,13,0.17367806,0,False,166,5
395.0,0.8989604,1.6527125,0.92071974,1.0357143,0.9316037735849056,0.8207062948510028,74.74432276175192,13,0.1814743,1,False,166,6
747.0,0.9837331,1.8584815,1.035353,0.89285713,0.9713914174252276,0.4941036067507919,49.291858625985135,13,0.20406856,1,False,166,7
650.0,0.9659067,1.7862089,0.9950901,1.0,0.9730538922155688,0.43257776982323376,49.291858625985135,13,0.19613273,0,False,166,8
165.0,0.94028175,1.600433,0.89159507,0.89285713,0.9705882352941176,0.9223696698222318,173.58266856368317,13,0.17573382,0,True,166,9
891.0,0.97702724,1.7491983,0.9744717,1.0,0.9737704918032787,0.6754717416197975,161.80861317692765,13,0.19206885,1,False,166,10
674.0,0.97846997,2.128921,1.1860137,1.0,0.9642346208869814,0.5978766368461094,95.4373818212544,13,0.23376389,1,False,166,11
1031.0,0.9719027,2.0193987,1.1249993,1.0714285,0.9698965192850423,0.23500371146628696,95.4373818212544,13,0.22173789,0,False,166,12
662.0,0.9754561,1.3655589,0.7607476,0.71428573,0.9706744868035191,0.6142587245740321,475.7797107963119,13,0.14994372,0,False,166,13
613.0,0.96265805,1.8101841,0.77971584,1.1071428,0.9503875968992248,0.8221648915031116,321.1018449416558,43,0.19876531,1,False,167,1
577.0,0.9791173,2.3562763,1.0149387,1.1785715,0.966499162479062,0.7344440241977391,53.33245804865086,43,0.25872838,1,False,167,2
726.0,0.98647743,3.271645,1.4092232,1.1785715,0.9552631578947368,0.7841725132821595,53.33245804865086,43,0.35923946,1,False,167,3
860.0,0.9724189,2.3215947,1.0,1.3214285,0.9619686800894854,0.8380508789746142,108.7632047110588,43,0.2549202,0,False,167,4
815.0,0.9695852,2.0223489,0.87110335,1.1071428,0.9702380952380952,0.7930972202574824,102.89121356225003,43,0.22206183,0,False,167,5
789.0,0.9696362,1.8607641,0.8015026,1.1071428,0.9776951672862454,0.5781058449840724,102.89121356225003,43,0.2043192,0,False,167,6
551.0,0.9638149,1.9607208,0.84455776,1.2142857,0.968365553602812,0.38496765884652173,52.45548341316791,43,0.21529482,0,False,167,7
547.0,0.9815016,2.9203448,1.2579046,1.2142857,0.957968476357268,0.7838504990850609,52.13351770777868,43,0.3206653,1,False,167,8
626.0,0.977688,1.9641715,0.8460441,1.1071428,0.9660493827160493,0.7251282306229222,96.11585271049364,43,0.21567374,1,False,167,9
784.0,0.98377585,2.8954995,1.2472029,1.1071428,0.9631449631449631,0.8664825784623105,52.45548341316791,43,0.3179372,1,False,167,10
568.0,0.90380776,1.8496605,0.7967198,1.1785715,0.9466666666666667,0.748963044520893,103.86383886760835,43,0.20309997,0,False,167,11
685.0,0.98229927,2.6876433,1.1576712,1.1428572,0.9688826025459689,0.7568833635799842,52.13351770777868,43,0.29511377,1,False,167,12
1122.0,0.98560137,3.9136746,1.6857699,1.4642857,0.9765013054830287,0.848693211889157,106.78376425923759,43,0.4297368,1,False,167,13
622.0,0.9714418,1.8746555,0.8074861,1.1428572,0.9598765432098766,0.7384914002722758,155.45180417365316,43,0.20584452,0,False,167,14
720.0,0.98298746,2.7370038,1.1789327,1.1428572,0.9625668449197861,0.7939679631599943,96.11585271049364,43,0.30053377,1,False,167,15
846.0,0.9795672,2.4695203,1.0637172,1.2142857,0.9679633867276888,0.7129660574177168,140.86633307717085,43,0.27116302,1,False,167,16
1189.0,0.98574126,3.5076294,1.5108707,1.2142857,0.9745901639344262,0.7782533536712642,122.92415963473887,43,0.38515148,1,False,167,17
637.0,0.97529924,1.792218,0.7719771,1.0714285,0.9593373493975904,0.695946388427607,106.78376425923759,43,0.19679256,0,False,167,18
662.0,0.975909,1.469303,0.6328852,0.75,0.9650145772594753,0.5673670920552921,121.2677550757791,43,0.16133523,0,False,167,19
520.0,0.9799185,1.9447802,0.83769155,0.89285713,0.9647495361781077,0.7842171794798671,120.41923607497439,43,0.21354449,1,False,167,20
806.0,0.98325485,2.8104396,1.2105643,1.0357143,0.9734299516908212,0.5778694708745463,120.41923607497439,43,0.30859727,1,False,167,21
705.0,0.9819474,2.5225937,1.086578,1.1428572,0.9539918809201624,0.8177205982273744,86.76197551254045,43,0.27699068,1,False,167,22
1006.0,0.98276937,2.4876456,1.0715245,1.1607143,0.9626794258373206,0.6336373746253964,212.74841328832633,43,0.27315325,1,False,167,23
751.0,0.9808296,1.9737493,0.8501696,1.0357143,0.9690322580645161,0.828995620892428,100.03515163190814,43,0.21672541,1,False,167,24
778.0,0.9739774,2.1701708,0.9347759,1.0714285,0.9676616915422885,0.725928926526184,40.05679013154785,43,0.23829326,0,False,167,25
666.0,0.98490727,2.4851995,1.0704708,0.78571427,0.9751098096632503,0.5782648639374192,121.2677550757791,43,0.27288467,1,False,167,26
1139.0,0.9797927,2.3615954,1.0172298,1.1428572,0.9701873935264055,0.740928823321352,159.69449511131438,43,0.25931245,1,False,167,27
817.0,0.9804598,2.1183336,0.91244763,1.1071428,0.9714625445897741,0.6133634503468629,86.76197551254045,43,0.23260134,1,False,167,28
937.0,0.9682122,2.1887481,0.9427779,1.1071428,0.974012474012474,0.747251715215067,48.11703570611679,43,0.24033314,0,False,167,29
609.0,0.97454125,2.0336032,0.875951,1.0357143,0.9666666666666667,0.8305803913613986,40.05679013154785,43,0.2232976,1,False,167,30
765.0,0.9840565,1.9050419,0.8205747,0.85714287,0.9646910466582598,0.5103503025830607,144.43553711023796,43,0.20918109,1,False,167,31
816.0,0.97254133,2.0018382,0.86226857,1.1785715,0.96,0.6070139543541939,236.2812795479041,43,0.2198097,0,False,167,32
693.0,0.98653245,2.695372,1.1610003,1.0,0.9678770949720671,0.6509239392206944,48.11703570611679,43,0.29596242,1,False,167,33
742.0,0.97940993,2.0247881,0.872154,1.0357143,0.973753280839895,0.8322304911766184,116.53410785129559,43,0.22232968,1,False,167,34
758.0,0.9647542,1.7646532,0.7601039,1.1071428,0.969309462915601,0.7857641535832287,186.0913952428421,43,0.19376585,0,False,167,35
650.0,0.9801608,2.5426922,1.0952352,1.1428572,0.9629629629629629,0.832981522711378,145.41552083309878,43,0.27919757,1,False,167,36
210.0,0.7092913,2.1984694,0.9469652,1.25,0.8974358974358975,0.6695599522905659,112.93880338887435,43,0.24140057,0,False,167,37
1056.0,0.9812067,2.9899554,1.2878886,1.1071428,0.9768732654949122,0.5472200333555227,349.86178965859267,43,0.32830882,1,False,167,38
899.0,0.9724238,2.4556253,1.0577321,1.1428572,0.9761129207383279,0.6519440767477481,68.74515995654646,43,0.2696373,0,False,167,39
750.0,0.98395705,2.5683331,1.1062797,1.0714285,0.9727626459143969,0.4471764194719398,127.0824954331427,43,0.28201306,1,False,167,40
766.0,0.97678435,2.775317,1.1954356,1.3571428,0.9433497536945813,0.8565963673693254,56.95200011231685,43,0.3047407,1,False,167,41
739.0,0.98240733,2.930746,1.2623849,1.1071428,0.9672774869109948,0.8377019550104785,56.95200011231685,43,0.3218074,1,False,167,42
803.0,0.9771894,2.3184044,0.9986258,1.1785715,0.9768856447688564,0.842771595861773,107.15284747519313,43,0.2545699,0,True,167,43
528.0,0.98255503,3.0742521,1.407432,1.2564102,0.96,0.6127640662389986,273.43105000506586,7,0.47017974,1,False,168,1
760.0,0.98034734,1.9497302,0.8926114,1.0769231,0.9768637532133676,0.6460088823667224,357.7149500879281,7,0.29819402,1,False,168,2
778.0,0.9819537,2.184299,1.0,1.1794872,0.9628712871287128,0.7234780096452724,114.20976190496017,7,0.33406925,1,False,168,3
673.0,0.9575623,1.8086258,0.828012,1.2564102,0.9683453237410072,0.47428499560932436,114.20976190496017,7,0.27661335,1,False,168,4
931.0,0.98732513,2.585447,1.1836507,1.3076923,0.9718162839248434,0.698000326268833,190.709382835845,7,0.39542133,1,False,168,5
720.0,0.9798564,2.2143161,1.0137422,1.1538461,0.9690444145356663,0.354585550768831,357.7149500879281,7,0.33866012,1,False,168,6
602.0,0.95792186,1.4977425,0.6856857,1.0256411,0.9632,0.5006827891750344,610.8564976921011,7,0.2290665,0,False,168,7
